equipment_id,cycle,timestamp,temperature,vibration,pressure,current,rpm
EQ-001,1,2025-05-01 00:00:00,63.614,1.764,102.538,40.563,1467.873
EQ-001,2,2025-05-01 06:00:00,65.271,2.027,97.064,37.143,1522.256
EQ-001,3,2025-05-01 12:00:00,63.213,2.648,97.63,39.776,1486.488
EQ-001,4,2025-05-01 18:00:00,67.5,1.843,95.35,42.888,1496.421
EQ-001,5,2025-05-02 00:00:00,65.096,2.657,100.584,39.536,1523.37
EQ-001,6,2025-05-02 06:00:00,67.106,2.592,102.133,42.796,1497.872
EQ-001,7,2025-05-02 12:00:00,64.693,2.268,98.675,41.535,1507.716
EQ-001,8,2025-05-02 18:00:00,67.284,1.435,99.266,39.387,1478.691
EQ-001,9,2025-05-03 00:00:00,61.753,1.845,105.724,38.379,1520.975
EQ-001,10,2025-05-03 06:00:00,65.049,2.01,102.809,40.51,1498.176
EQ-001,11,2025-05-03 12:00:00,66.079,2.719,104.043,41.906,1484.726
EQ-001,12,2025-05-03 18:00:00,64.463,2.029,93.274,37.632,1484.715
EQ-001,13,2025-05-04 00:00:00,65.719,1.968,101.642,40.181,1525.35
EQ-001,14,2025-05-04 06:00:00,65.685,2.256,100.754,36.938,1491.207
EQ-001,15,2025-05-04 12:00:00,67.098,1.777,96.244,39.491,1485.051
EQ-001,16,2025-05-04 18:00:00,66.243,2.193,96.868,37.518,1493.504
EQ-001,17,2025-05-05 00:00:00,65.786,1.96,99.345,40.843,1500.681
EQ-001,18,2025-05-05 06:00:00,66.759,3.006,95.974,38.967,1502.277
EQ-001,19,2025-05-05 12:00:00,62.294,1.925,97.604,41.737,1506.665
EQ-001,20,2025-05-05 18:00:00,63.495,2.779,98.615,39.189,1503.521
EQ-001,21,2025-05-06 00:00:00,62.229,1.858,101.721,39.053,1509.707
EQ-001,22,2025-05-06 06:00:00,66.097,2.279,97.88,37.577,1495.909
EQ-001,23,2025-05-06 12:00:00,65.828,2.35,98.658,40.587,1531.083
EQ-001,24,2025-05-06 18:00:00,67.771,2.243,103.073,40.738,1492.673
EQ-001,25,2025-05-07 00:00:00,65.703,2.224,94.707,41.41,1520.286
EQ-001,26,2025-05-07 06:00:00,63.737,2.458,100.682,40.983,1491.015
EQ-001,27,2025-05-07 12:00:00,65.268,2.325,101.168,40.602,1478.583
EQ-001,28,2025-05-07 18:00:00,61.249,2.148,101.25,40.894,1474.994
EQ-001,29,2025-05-08 00:00:00,64.184,1.998,98.496,41.045,1504.559
EQ-001,30,2025-05-08 06:00:00,60.306,2.15,96.805,41.361,1517.429
EQ-001,31,2025-05-08 12:00:00,65.657,2.147,104.559,37.709,1482.735
EQ-001,32,2025-05-08 18:00:00,64.441,2.141,97.431,39.307,1486.838
EQ-001,33,2025-05-09 00:00:00,64.735,2.223,96.649,37.565,1505.792
EQ-001,34,2025-05-09 06:00:00,63.137,1.777,100.061,40.498,1499.962
EQ-001,35,2025-05-09 12:00:00,63.662,1.892,97.783,42.445,1491.215
EQ-001,36,2025-05-09 18:00:00,66.385,2.45,103.152,41.345,1480.811
EQ-001,37,2025-05-10 00:00:00,62.128,1.525,99.204,39.089,1504.636
EQ-001,38,2025-05-10 06:00:00,66.011,2.559,103.541,40.758,1509.794
EQ-001,39,2025-05-10 12:00:00,63.378,2.032,101.346,40.523,1507.376
EQ-001,40,2025-05-10 18:00:00,61.638,2.701,98.835,40.35,1500.398
EQ-001,41,2025-05-11 00:00:00,67.453,2.568,103.342,38.045,1484.164
EQ-001,42,2025-05-11 06:00:00,67.658,2.102,98.047,41.973,1504.718
EQ-001,43,2025-05-11 12:00:00,63.921,2.133,99.04,38.233,1503.597
EQ-001,44,2025-05-11 18:00:00,63.901,2.678,101.587,39.45,1480.302
EQ-001,45,2025-05-12 00:00:00,64.498,2.582,100.68,41.439,1495.465
EQ-001,46,2025-05-12 06:00:00,63.38,2.492,97.979,39.44,1505.496
EQ-001,47,2025-05-12 12:00:00,63.732,2.543,95.391,40.119,1498.826
EQ-001,48,2025-05-12 18:00:00,65.9,1.874,99.944,40.179,1470.592
EQ-001,49,2025-05-13 00:00:00,69.148,2.262,97.819,40.099,1490.395
EQ-001,50,2025-05-13 06:00:00,64.291,1.969,100.089,40.173,1489.397
EQ-001,51,2025-05-13 12:00:00,67.046,1.866,98.737,40.321,1508.389
EQ-001,52,2025-05-13 18:00:00,65.706,2.249,97.847,40.112,1538.976
EQ-001,53,2025-05-14 00:00:00,61.656,2.076,99.196,38.657,1502.009
EQ-001,54,2025-05-14 06:00:00,64.951,2.15,99.78,37.675,1482.03
EQ-001,55,2025-05-14 12:00:00,64.7,2.05,102.085,41.497,1497.592
EQ-001,56,2025-05-14 18:00:00,67.929,1.824,101.27,41.566,1500.16
EQ-001,57,2025-05-15 00:00:00,68.01,2.709,106.283,40.506,1511.349
EQ-001,58,2025-05-15 06:00:00,65.754,2.247,100.424,40.494,1518.632
EQ-001,59,2025-05-15 12:00:00,67.429,1.767,97.981,38.627,1520.865
EQ-001,60,2025-05-15 18:00:00,64.707,2.255,99.501,36.342,1508.058
EQ-001,61,2025-05-16 00:00:00,67.239,2.656,101.705,39.627,1499.988
EQ-001,62,2025-05-16 06:00:00,65.201,2.488,103.01,37.154,1522.251
EQ-001,63,2025-05-16 12:00:00,67.195,2.044,104.024,40.277,1494.787
EQ-001,64,2025-05-16 18:00:00,67.399,2.052,96.949,41.956,1500.817
EQ-001,65,2025-05-17 00:00:00,66.433,1.913,103.842,39.076,1496.348
EQ-001,66,2025-05-17 06:00:00,63.517,1.977,99.862,39.162,1468.031
EQ-001,67,2025-05-17 12:00:00,64.159,2.002,97.219,38.491,1519.076
EQ-001,68,2025-05-17 18:00:00,66.505,1.76,99.389,40.066,1510.133
EQ-001,69,2025-05-18 00:00:00,66.787,2.067,103.632,39.95,1464.45
EQ-001,70,2025-05-18 06:00:00,65.317,2.303,101.372,38.471,1515.026
EQ-001,71,2025-05-18 12:00:00,64.375,2.076,96.364,41.369,1495.448
EQ-001,72,2025-05-18 18:00:00,65.383,2.265,96.386,44.054,1514.828
EQ-001,73,2025-05-19 00:00:00,64.443,2.687,96.303,41.785,1501.137
EQ-001,74,2025-05-19 06:00:00,64.454,2.751,97.805,39.834,1479.64
EQ-001,75,2025-05-19 12:00:00,68.92,2.18,100.232,39.816,1500.395
EQ-001,76,2025-05-19 18:00:00,64.049,2.464,96.621,39.23,1486.523
EQ-001,77,2025-05-20 00:00:00,66.016,2.15,98.715,39.199,1481.657
EQ-001,78,2025-05-20 06:00:00,65.306,2.054,104.206,41.437,1513.005
EQ-001,79,2025-05-20 12:00:00,62.547,1.865,104.853,41.503,1505.873
EQ-001,80,2025-05-20 18:00:00,62.478,2.226,104.651,38.246,1522.464
EQ-001,81,2025-05-21 00:00:00,64.838,2.525,94.615,40.549,1494.084
EQ-001,82,2025-05-21 06:00:00,61.095,1.818,105.021,41.667,1485.556
EQ-001,83,2025-05-21 12:00:00,68.661,2.114,100.275,39.475,1509.582
EQ-001,84,2025-05-21 18:00:00,64.277,2.099,100.234,39.683,1487.495
EQ-001,85,2025-05-22 00:00:00,64.114,2.274,103.087,41.044,1495.347
EQ-001,86,2025-05-22 06:00:00,67.446,2.279,102.11,41.087,1507.876
EQ-001,87,2025-05-22 12:00:00,64.719,2.361,94.394,40.644,1498.111
EQ-001,88,2025-05-22 18:00:00,66.302,2.769,98.163,40.381,1492.669
EQ-001,89,2025-05-23 00:00:00,63.855,1.939,98.902,40.583,1478.96
EQ-001,90,2025-05-23 06:00:00,65.091,1.922,96.009,39.583,1514.053
EQ-001,91,2025-05-23 12:00:00,66.937,2.274,102.991,38.323,1494.474
EQ-001,92,2025-05-23 18:00:00,63.276,2.636,104.317,37.665,1509.271
EQ-001,93,2025-05-24 00:00:00,66.055,1.761,99.968,40.893,1507.29
EQ-001,94,2025-05-24 06:00:00,60.167,2.299,100.896,40.162,1516.369
EQ-001,95,2025-05-24 12:00:00,67.531,2.14,99.966,40.683,1496.466
EQ-001,96,2025-05-24 18:00:00,63.887,2.456,100.297,38.757,1494.784
EQ-001,97,2025-05-25 00:00:00,64.829,2.388,103.353,40.154,1483.376
EQ-001,98,2025-05-25 06:00:00,64.804,2.215,94.704,40.118,1491.86
EQ-001,99,2025-05-25 12:00:00,63.05,2.346,101.458,41.919,1505.117
EQ-001,100,2025-05-25 18:00:00,62.897,2.003,100.036,41.278,1487.744
EQ-001,101,2025-05-26 00:00:00,66.043,2.44,97.86,38.89,1504.737
EQ-001,102,2025-05-26 06:00:00,66.137,2.616,98.49,40.757,1522.009
EQ-001,103,2025-05-26 12:00:00,63.229,2.23,105.497,38.88,1493.322
EQ-001,104,2025-05-26 18:00:00,66.082,2.078,96.017,36.081,1480.284
EQ-001,105,2025-05-27 00:00:00,66.116,2.156,99.494,42.589,1493.799
EQ-001,106,2025-05-27 06:00:00,64.244,2.437,104.888,39.438,1478.66
EQ-001,107,2025-05-27 12:00:00,62.413,2.187,96.19,41.559,1520.013
EQ-001,108,2025-05-27 18:00:00,64.925,1.84,98.632,39.008,1501.273
EQ-001,109,2025-05-28 00:00:00,65.73,2.486,100.127,38.789,1489.073
EQ-001,110,2025-05-28 06:00:00,64.882,1.905,101.238,39.18,1491.602
EQ-001,111,2025-05-28 12:00:00,63.815,2.327,99.759,40.379,1482.268
EQ-001,112,2025-05-28 18:00:00,65.934,1.64,97.314,40.264,1515.167
EQ-001,113,2025-05-29 00:00:00,67.531,2.232,101.342,40.747,1527.558
EQ-001,114,2025-05-29 06:00:00,63.459,2.18,99.698,39.255,1477.589
EQ-001,115,2025-05-29 12:00:00,64.404,1.61,101.883,40.061,1515.649
EQ-001,116,2025-05-29 18:00:00,70.486,2.3,102.771,38.735,1496.312
EQ-001,117,2025-05-30 00:00:00,65.582,1.87,95.541,42.204,1519.012
EQ-001,118,2025-05-30 06:00:00,62.466,2.225,103.099,38.029,1472.493
EQ-001,119,2025-05-30 12:00:00,64.045,2.076,99.236,38.767,1503.381
EQ-001,120,2025-05-30 18:00:00,63.486,1.756,102.476,39.365,1493.882
EQ-001,121,2025-05-31 00:00:00,65.761,1.886,101.482,43.583,1509.886
EQ-001,122,2025-05-31 06:00:00,65.615,1.91,105.562,41.15,1500.917
EQ-001,123,2025-05-31 12:00:00,63.727,2.495,100.019,38.72,1500.334
EQ-001,124,2025-05-31 18:00:00,68.713,2.451,98.79,41.233,1498.41
EQ-001,125,2025-06-01 00:00:00,65.17,2.858,98.461,40.774,1523.434
EQ-001,126,2025-06-01 06:00:00,64.089,2.046,96.889,40.411,1497.375
EQ-001,127,2025-06-01 12:00:00,62.558,2.037,102.424,41.044,1512.964
EQ-001,128,2025-06-01 18:00:00,63.21,2.24,96.696,40.087,1509.428
EQ-001,129,2025-06-02 00:00:00,62.508,2.093,102.398,40.256,1513.332
EQ-001,130,2025-06-02 06:00:00,64.619,2.025,99.33,37.671,1484.779
EQ-001,131,2025-06-02 12:00:00,63.23,2.216,94.71,42.165,1510.608
EQ-001,132,2025-06-02 18:00:00,66.568,2.411,104.465,39.329,1505.053
EQ-001,133,2025-06-03 00:00:00,63.831,1.566,89.873,38.144,1482.158
EQ-001,134,2025-06-03 06:00:00,66.68,2.028,99.755,39.244,1496.814
EQ-001,135,2025-06-03 12:00:00,65.983,1.779,100.702,39.304,1534.414
EQ-001,136,2025-06-03 18:00:00,66.291,2.154,93.082,38.798,1494.123
EQ-001,137,2025-06-04 00:00:00,66.793,2.33,101.324,41.166,1494.485
EQ-001,138,2025-06-04 06:00:00,68.987,2.535,97.991,41.461,1506.761
EQ-001,139,2025-06-04 12:00:00,63.302,2.07,99.254,37.061,1491.887
EQ-001,140,2025-06-04 18:00:00,66.692,2.232,104.029,39.228,1502.107
EQ-001,141,2025-06-05 00:00:00,65.796,1.695,100.428,39.335,1493.266
EQ-001,142,2025-06-05 06:00:00,67.127,1.942,98.948,39.742,1506.036
EQ-001,143,2025-06-05 12:00:00,65.222,2.262,99.489,42.559,1499.072
EQ-001,144,2025-06-05 18:00:00,67.352,1.792,105.328,38.78,1529.28
EQ-001,145,2025-06-06 00:00:00,62.417,2.571,101.214,42.344,1500.69
EQ-001,146,2025-06-06 06:00:00,62.991,2.357,97.349,39.781,1496.661
EQ-001,147,2025-06-06 12:00:00,63.862,1.929,98.535,42.358,1515.442
EQ-001,148,2025-06-06 18:00:00,64.851,1.755,96.43,39.534,1479.134
EQ-001,149,2025-06-07 00:00:00,65.093,1.984,98.645,39.358,1525.376
EQ-001,150,2025-06-07 06:00:00,63.52,1.93,104.824,39.966,1485.173
EQ-001,151,2025-06-07 12:00:00,63.018,1.835,99.501,41.938,1517.887
EQ-001,152,2025-06-07 18:00:00,63.689,1.778,95.989,40.237,1521.849
EQ-001,153,2025-06-08 00:00:00,61.581,2.131,101.293,40.314,1492.113
EQ-001,154,2025-06-08 06:00:00,64.424,2.42,98.822,40.955,1493.554
EQ-001,155,2025-06-08 12:00:00,64.883,1.987,101.684,38.68,1498.362
EQ-001,156,2025-06-08 18:00:00,65.882,2.333,99.273,40.505,1509.323
EQ-001,157,2025-06-09 00:00:00,65.334,2.102,104.336,39.058,1485.029
EQ-001,158,2025-06-09 06:00:00,68.587,2.384,97.268,42.207,1498.362
EQ-001,159,2025-06-09 12:00:00,66.625,1.964,96.505,40.628,1495.299
EQ-001,160,2025-06-09 18:00:00,66.475,2.284,102.813,41.039,1482.73
EQ-001,161,2025-06-10 00:00:00,65.729,2.236,93.989,36.941,1484.325
EQ-001,162,2025-06-10 06:00:00,66.071,2.609,99.484,41.06,1501.924
EQ-001,163,2025-06-10 12:00:00,64.559,2.368,102.402,39.734,1501.658
EQ-001,164,2025-06-10 18:00:00,65.199,2.277,93.417,37.844,1488.54
EQ-001,165,2025-06-11 00:00:00,68.843,1.759,100.194,40.142,1501.189
EQ-001,166,2025-06-11 06:00:00,64.86,2.042,95.512,37.723,1490.296
EQ-001,167,2025-06-11 12:00:00,62.336,1.96,94.465,40.917,1519.606
EQ-001,168,2025-06-11 18:00:00,66.394,1.953,96.802,42.151,1498.455
EQ-001,169,2025-06-12 00:00:00,66.75,2.205,99.45,37.314,1516.463
EQ-001,170,2025-06-12 06:00:00,65.309,2.272,97.882,39.955,1474.61
EQ-001,171,2025-06-12 12:00:00,61.243,2.284,103.321,39.753,1504.841
EQ-001,172,2025-06-12 18:00:00,67.573,2.578,100.247,37.016,1508.941
EQ-001,173,2025-06-13 00:00:00,65.46,2.345,98.533,41.375,1497.932
EQ-001,174,2025-06-13 06:00:00,64.379,1.832,96.07,40.939,1491.917
EQ-001,175,2025-06-13 12:00:00,67.376,2.261,100.672,43.039,1497.692
EQ-001,176,2025-06-13 18:00:00,60.951,2.375,106.177,40.744,1511.137
EQ-001,177,2025-06-14 00:00:00,65.224,2.579,97.891,38.682,1481.842
EQ-001,178,2025-06-14 06:00:00,63.918,2.154,98.243,40.772,1510.507
EQ-001,179,2025-06-14 12:00:00,67.984,2.157,96.818,41.927,1504.775
EQ-001,180,2025-06-14 18:00:00,65.486,2.524,103.553,39.303,1496.088
EQ-001,181,2025-06-15 00:00:00,63.271,2.254,102.781,41.279,1496.729
EQ-001,182,2025-06-15 06:00:00,67.276,1.72,98.661,36.468,1500.928
EQ-001,183,2025-06-15 12:00:00,60.082,1.656,98.203,42.213,1524.879
EQ-001,184,2025-06-15 18:00:00,66.016,2.752,97.168,41.201,1505.22
EQ-001,185,2025-06-16 00:00:00,62.473,1.686,99.132,36.183,1485.86
EQ-001,186,2025-06-16 06:00:00,64.075,2.15,103.06,40.574,1493.471
EQ-001,187,2025-06-16 12:00:00,64.519,2.465,100.125,37.02,1482.831
EQ-001,188,2025-06-16 18:00:00,66.82,1.671,103.863,39.083,1471.653
EQ-001,189,2025-06-17 00:00:00,69.407,1.876,97.84,41.018,1482.568
EQ-001,190,2025-06-17 06:00:00,61.441,1.826,93.062,39.796,1501.801
EQ-001,191,2025-06-17 12:00:00,65.893,2.74,107.816,41.885,1519.109
EQ-001,192,2025-06-17 18:00:00,69.405,2.805,100.644,40.096,1514.937
EQ-001,193,2025-06-18 00:00:00,63.854,1.98,102.336,39.944,1482.671
EQ-001,194,2025-06-18 06:00:00,63.73,2.374,97.637,41.648,1488.035
EQ-001,195,2025-06-18 12:00:00,65.472,2.292,95.912,39.494,1485.92
EQ-001,196,2025-06-18 18:00:00,66.658,2.116,100.464,39.962,1461.276
EQ-001,197,2025-06-19 00:00:00,66.315,1.712,94.025,40.16,1497.485
EQ-001,198,2025-06-19 06:00:00,64.283,2.892,99.199,39.899,1512.049
EQ-001,199,2025-06-19 12:00:00,63.395,1.655,103.067,41.74,1496.214
EQ-001,200,2025-06-19 18:00:00,67.632,2.264,101.345,39.0,1480.983
EQ-001,201,2025-06-20 00:00:00,63.451,2.006,100.765,38.755,1487.323
EQ-001,202,2025-06-20 06:00:00,61.168,2.502,105.231,38.407,1495.067
EQ-002,1,2025-05-01 00:00:00,62.488,2.525,104.211,40.572,1494.069
EQ-002,2,2025-05-01 06:00:00,66.203,2.088,96.535,43.048,1514.412
EQ-002,3,2025-05-01 12:00:00,64.418,2.291,100.384,40.713,1514.712
EQ-002,4,2025-05-01 18:00:00,57.805,2.24,100.834,39.355,1511.531
EQ-002,5,2025-05-02 00:00:00,65.962,2.543,99.226,39.108,1514.406
EQ-002,6,2025-05-02 06:00:00,66.948,2.318,102.782,39.714,1514.602
EQ-002,7,2025-05-02 12:00:00,63.377,1.784,97.998,38.692,1490.347
EQ-002,8,2025-05-02 18:00:00,65.961,2.827,100.165,40.209,1505.093
EQ-002,9,2025-05-03 00:00:00,64.581,2.45,98.887,36.383,1516.302
EQ-002,10,2025-05-03 06:00:00,60.764,2.035,106.977,39.683,1479.307
EQ-002,11,2025-05-03 12:00:00,68.906,1.859,98.012,39.802,1479.22
EQ-002,12,2025-05-03 18:00:00,64.593,2.485,102.235,38.259,1478.39
EQ-002,13,2025-05-04 00:00:00,65.403,1.894,105.39,39.427,1473.217
EQ-002,14,2025-05-04 06:00:00,63.751,2.44,97.245,41.68,1484.238
EQ-002,15,2025-05-04 12:00:00,64.409,2.521,100.286,41.788,1492.118
EQ-002,16,2025-05-04 18:00:00,65.323,2.005,97.041,39.2,1522.685
EQ-002,17,2025-05-05 00:00:00,62.915,1.978,93.961,40.785,1493.438
EQ-002,18,2025-05-05 06:00:00,68.388,2.059,97.645,37.752,1477.254
EQ-002,19,2025-05-05 12:00:00,66.676,1.903,98.289,39.556,1502.493
EQ-002,20,2025-05-05 18:00:00,66.034,2.269,98.467,40.346,1497.166
EQ-002,21,2025-05-06 00:00:00,64.716,2.312,99.101,42.29,1488.268
EQ-002,22,2025-05-06 06:00:00,63.478,2.418,100.018,41.789,1491.172
EQ-002,23,2025-05-06 12:00:00,67.06,1.95,96.41,40.313,1516.006
EQ-002,24,2025-05-06 18:00:00,66.221,2.452,101.055,38.633,1478.852
EQ-002,25,2025-05-07 00:00:00,64.201,1.904,103.64,42.038,1475.013
EQ-002,26,2025-05-07 06:00:00,62.831,2.452,103.992,39.49,1507.003
EQ-002,27,2025-05-07 12:00:00,61.848,1.754,99.219,40.673,1490.79
EQ-002,28,2025-05-07 18:00:00,65.057,2.67,102.682,39.816,1523.283
EQ-002,29,2025-05-08 00:00:00,64.502,2.044,97.957,42.988,1497.685
EQ-002,30,2025-05-08 06:00:00,67.371,2.38,98.97,39.085,1498.494
EQ-002,31,2025-05-08 12:00:00,66.984,2.404,101.196,41.374,1511.798
EQ-002,32,2025-05-08 18:00:00,65.078,1.819,98.996,39.87,1474.918
EQ-002,33,2025-05-09 00:00:00,64.838,2.451,96.208,40.854,1505.064
EQ-002,34,2025-05-09 06:00:00,62.696,2.035,102.5,42.43,1494.516
EQ-002,35,2025-05-09 12:00:00,67.122,2.108,97.514,36.993,1515.402
EQ-002,36,2025-05-09 18:00:00,64.887,1.999,98.44,39.902,1490.298
EQ-002,37,2025-05-10 00:00:00,66.211,2.684,103.175,38.659,1502.652
EQ-002,38,2025-05-10 06:00:00,67.354,1.849,101.611,40.669,1494.616
EQ-002,39,2025-05-10 12:00:00,63.869,2.329,100.528,41.037,1506.193
EQ-002,40,2025-05-10 18:00:00,63.344,2.013,95.592,39.294,1496.233
EQ-002,41,2025-05-11 00:00:00,69.937,2.527,96.51,39.217,1503.935
EQ-002,42,2025-05-11 06:00:00,66.189,2.896,101.192,40.306,1526.299
EQ-002,43,2025-05-11 12:00:00,64.443,2.011,101.89,38.09,1495.71
EQ-002,44,2025-05-11 18:00:00,67.48,2.242,100.759,40.5,1506.041
EQ-002,45,2025-05-12 00:00:00,64.383,2.084,98.579,38.773,1534.297
EQ-002,46,2025-05-12 06:00:00,65.651,2.511,98.48,41.1,1505.848
EQ-002,47,2025-05-12 12:00:00,63.864,2.125,100.647,38.023,1463.487
EQ-002,48,2025-05-12 18:00:00,64.966,2.472,96.245,39.149,1490.006
EQ-002,49,2025-05-13 00:00:00,64.452,2.081,100.275,38.873,1481.944
EQ-002,50,2025-05-13 06:00:00,63.496,2.873,95.834,39.553,1513.829
EQ-002,51,2025-05-13 12:00:00,65.486,1.543,96.842,42.065,1498.593
EQ-002,52,2025-05-13 18:00:00,63.723,2.313,100.535,41.269,1515.953
EQ-002,53,2025-05-14 00:00:00,66.152,2.197,101.75,39.28,1509.173
EQ-002,54,2025-05-14 06:00:00,64.391,2.186,101.025,39.279,1509.109
EQ-002,55,2025-05-14 12:00:00,61.56,2.286,96.656,41.328,1481.65
EQ-002,56,2025-05-14 18:00:00,66.242,2.218,94.387,38.254,1507.573
EQ-002,57,2025-05-15 00:00:00,66.275,2.266,99.975,40.034,1520.499
EQ-002,58,2025-05-15 06:00:00,69.507,2.322,94.302,39.091,1478.294
EQ-002,59,2025-05-15 12:00:00,65.035,2.725,102.833,39.742,1495.243
EQ-002,60,2025-05-15 18:00:00,65.367,1.37,96.756,41.214,1505.316
EQ-002,61,2025-05-16 00:00:00,65.957,2.754,106.703,38.996,1501.47
EQ-002,62,2025-05-16 06:00:00,67.039,2.968,97.114,41.461,1521.549
EQ-002,63,2025-05-16 12:00:00,66.914,1.675,101.389,43.299,1510.928
EQ-002,64,2025-05-16 18:00:00,65.638,2.214,97.79,40.906,1506.091
EQ-002,65,2025-05-17 00:00:00,64.934,2.611,99.495,39.874,1512.264
EQ-002,66,2025-05-17 06:00:00,66.685,2.476,100.552,41.736,1511.464
EQ-002,67,2025-05-17 12:00:00,64.851,2.703,102.581,38.337,1500.616
EQ-002,68,2025-05-17 18:00:00,62.422,2.312,103.059,42.282,1494.678
EQ-002,69,2025-05-18 00:00:00,61.998,1.59,102.182,38.87,1514.855
EQ-002,70,2025-05-18 06:00:00,64.413,2.591,103.113,43.252,1488.854
EQ-002,71,2025-05-18 12:00:00,65.24,2.391,98.152,38.924,1498.916
EQ-002,72,2025-05-18 18:00:00,69.944,2.64,101.946,40.993,1482.649
EQ-002,73,2025-05-19 00:00:00,64.76,1.74,98.977,37.661,1510.975
EQ-002,74,2025-05-19 06:00:00,65.093,1.835,102.959,39.68,1518.488
EQ-002,75,2025-05-19 12:00:00,64.191,2.205,100.347,38.38,1485.967
EQ-002,76,2025-05-19 18:00:00,66.238,2.6,101.861,37.838,1497.691
EQ-002,77,2025-05-20 00:00:00,65.561,2.683,100.874,41.808,1492.799
EQ-002,78,2025-05-20 06:00:00,63.723,1.982,102.281,38.159,1516.13
EQ-002,79,2025-05-20 12:00:00,62.977,2.078,97.577,38.897,1521.255
EQ-002,80,2025-05-20 18:00:00,64.195,3.062,95.284,38.723,1492.814
EQ-002,81,2025-05-21 00:00:00,63.313,2.034,102.967,41.709,1453.632
EQ-002,82,2025-05-21 06:00:00,64.538,2.403,104.035,41.526,1517.292
EQ-002,83,2025-05-21 12:00:00,65.283,2.064,99.652,41.905,1500.676
EQ-002,84,2025-05-21 18:00:00,63.998,2.342,102.433,38.82,1500.734
EQ-002,85,2025-05-22 00:00:00,67.909,1.94,95.112,42.024,1514.456
EQ-002,86,2025-05-22 06:00:00,67.319,1.949,98.135,38.808,1494.54
EQ-002,87,2025-05-22 12:00:00,64.541,2.089,100.246,38.868,1490.546
EQ-002,88,2025-05-22 18:00:00,63.072,2.036,94.794,38.952,1494.664
EQ-002,89,2025-05-23 00:00:00,64.94,2.109,95.412,39.007,1507.336
EQ-002,90,2025-05-23 06:00:00,64.733,2.358,100.474,39.864,1513.185
EQ-002,91,2025-05-23 12:00:00,64.874,2.767,98.183,38.742,1524.497
EQ-002,92,2025-05-23 18:00:00,64.204,2.023,98.96,40.347,1506.051
EQ-002,93,2025-05-24 00:00:00,62.901,1.903,98.781,36.086,1497.831
EQ-002,94,2025-05-24 06:00:00,65.07,2.203,96.149,40.342,1513.293
EQ-002,95,2025-05-24 12:00:00,64.298,1.945,99.347,38.365,1485.431
EQ-002,96,2025-05-24 18:00:00,64.476,1.709,99.959,38.996,1521.291
EQ-002,97,2025-05-25 00:00:00,65.188,2.519,98.252,39.032,1503.171
EQ-002,98,2025-05-25 06:00:00,64.861,2.224,98.496,41.415,1496.57
EQ-002,99,2025-05-25 12:00:00,65.144,2.254,99.388,40.757,1485.48
EQ-002,100,2025-05-25 18:00:00,64.206,1.622,102.459,39.752,1509.404
EQ-002,101,2025-05-26 00:00:00,65.72,2.025,99.717,38.927,1495.791
EQ-002,102,2025-05-26 06:00:00,63.564,1.775,94.221,41.174,1498.586
EQ-002,103,2025-05-26 12:00:00,62.824,2.194,96.418,42.692,1474.932
EQ-002,104,2025-05-26 18:00:00,63.22,2.24,102.795,39.958,1493.48
EQ-002,105,2025-05-27 00:00:00,63.647,2.24,97.943,37.603,1491.473
EQ-002,106,2025-05-27 06:00:00,62.424,2.0,99.735,38.946,1506.278
EQ-002,107,2025-05-27 12:00:00,61.615,1.944,105.775,40.839,1495.985
EQ-002,108,2025-05-27 18:00:00,66.007,2.142,101.895,39.336,1460.267
EQ-002,109,2025-05-28 00:00:00,67.548,2.307,93.555,38.712,1493.775
EQ-002,110,2025-05-28 06:00:00,66.115,2.026,104.335,38.647,1478.183
EQ-002,111,2025-05-28 12:00:00,64.034,1.919,100.449,40.138,1484.357
EQ-002,112,2025-05-28 18:00:00,61.567,1.932,101.108,37.699,1515.058
EQ-002,113,2025-05-29 00:00:00,65.384,2.002,100.913,39.948,1474.665
EQ-002,114,2025-05-29 06:00:00,61.785,2.064,102.74,40.133,1504.423
EQ-002,115,2025-05-29 12:00:00,64.827,1.871,99.761,39.326,1492.392
EQ-002,116,2025-05-29 18:00:00,63.401,2.066,95.555,38.436,1489.499
EQ-002,117,2025-05-30 00:00:00,60.439,2.571,100.971,41.528,1485.31
EQ-002,118,2025-05-30 06:00:00,67.961,2.112,95.855,38.001,1504.793
EQ-002,119,2025-05-30 12:00:00,62.488,1.828,105.45,40.259,1506.477
EQ-002,120,2025-05-30 18:00:00,64.288,1.522,98.914,41.092,1474.123
EQ-002,121,2025-05-31 00:00:00,64.742,2.751,99.845,40.239,1517.258
EQ-002,122,2025-05-31 06:00:00,63.915,2.434,97.972,41.847,1482.206
EQ-002,123,2025-05-31 12:00:00,66.372,2.215,101.018,38.297,1505.829
EQ-002,124,2025-05-31 18:00:00,63.217,2.768,101.363,38.814,1482.285
EQ-002,125,2025-06-01 00:00:00,65.83,2.508,97.964,39.308,1493.114
EQ-002,126,2025-06-01 06:00:00,65.949,2.145,101.359,44.936,1480.818
EQ-002,127,2025-06-01 12:00:00,60.622,1.901,100.203,40.762,1492.069
EQ-002,128,2025-06-01 18:00:00,63.989,2.539,99.712,41.043,1496.985
EQ-002,129,2025-06-02 00:00:00,63.263,2.125,97.745,40.98,1482.76
EQ-002,130,2025-06-02 06:00:00,62.353,2.095,106.943,40.118,1504.717
EQ-002,131,2025-06-02 12:00:00,65.387,2.178,103.548,41.574,1506.681
EQ-002,132,2025-06-02 18:00:00,65.171,2.248,102.185,37.195,1540.59
EQ-002,133,2025-06-03 00:00:00,65.245,2.384,103.379,40.415,1513.93
EQ-002,134,2025-06-03 06:00:00,63.911,2.177,100.9,40.642,1517.646
EQ-002,135,2025-06-03 12:00:00,64.438,2.32,98.952,41.528,1473.465
EQ-002,136,2025-06-03 18:00:00,68.408,2.396,92.071,38.266,1470.623
EQ-002,137,2025-06-04 00:00:00,67.568,2.356,96.343,38.377,1495.545
EQ-002,138,2025-06-04 06:00:00,63.594,1.794,106.495,38.472,1526.802
EQ-002,139,2025-06-04 12:00:00,65.629,2.328,103.481,40.783,1537.115
EQ-002,140,2025-06-04 18:00:00,66.342,2.564,100.607,40.805,1489.687
EQ-002,141,2025-06-05 00:00:00,65.47,2.729,95.267,38.575,1491.207
EQ-002,142,2025-06-05 06:00:00,70.151,1.978,101.904,42.871,1508.158
EQ-002,143,2025-06-05 12:00:00,68.275,2.342,99.166,40.43,1497.043
EQ-002,144,2025-06-05 18:00:00,67.215,1.982,102.094,40.186,1497.421
EQ-002,145,2025-06-06 00:00:00,65.872,2.073,96.664,39.689,1509.523
EQ-002,146,2025-06-06 06:00:00,68.052,2.617,98.53,41.396,1540.733
EQ-002,147,2025-06-06 12:00:00,65.698,2.261,102.655,40.584,1519.569
EQ-002,148,2025-06-06 18:00:00,64.633,2.965,105.783,42.835,1528.037
EQ-002,149,2025-06-07 00:00:00,66.614,2.347,98.025,38.179,1472.338
EQ-002,150,2025-06-07 06:00:00,66.57,2.119,97.001,37.682,1516.122
EQ-002,151,2025-06-07 12:00:00,68.226,2.241,103.069,38.89,1485.752
EQ-002,152,2025-06-07 18:00:00,69.534,2.161,96.22,40.83,1525.147
EQ-002,153,2025-06-08 00:00:00,68.712,2.591,96.436,39.358,1520.36
EQ-002,154,2025-06-08 06:00:00,68.848,2.344,100.798,41.907,1509.057
EQ-002,155,2025-06-08 12:00:00,66.982,2.729,106.257,39.41,1488.857
EQ-002,156,2025-06-08 18:00:00,71.893,2.379,97.454,41.623,1492.743
EQ-002,157,2025-06-09 00:00:00,69.25,2.429,98.891,38.754,1493.956
EQ-002,158,2025-06-09 06:00:00,68.303,2.441,100.334,41.775,1511.435
EQ-002,159,2025-06-09 12:00:00,73.074,1.928,98.582,42.054,1506.058
EQ-002,160,2025-06-09 18:00:00,68.787,2.321,94.699,39.153,1521.3
EQ-002,161,2025-06-10 00:00:00,64.994,2.181,102.406,40.734,1524.162
EQ-002,162,2025-06-10 06:00:00,71.172,2.114,100.559,40.402,1487.32
EQ-002,163,2025-06-10 12:00:00,70.052,2.284,101.101,40.775,1507.128
EQ-002,164,2025-06-10 18:00:00,68.115,2.063,99.575,41.927,1506.946
EQ-002,165,2025-06-11 00:00:00,67.592,2.527,104.54,41.46,1498.575
EQ-002,166,2025-06-11 06:00:00,69.353,2.583,98.486,40.771,1514.126
EQ-002,167,2025-06-11 12:00:00,71.017,2.851,96.769,40.995,1507.365
EQ-002,168,2025-06-11 18:00:00,67.33,2.606,104.991,38.096,1491.382
EQ-002,169,2025-06-12 00:00:00,70.343,3.236,93.404,39.939,1497.868
EQ-002,170,2025-06-12 06:00:00,69.574,2.206,99.539,38.348,1494.762
EQ-002,171,2025-06-12 12:00:00,71.247,2.019,99.773,39.973,1489.087
EQ-002,172,2025-06-12 18:00:00,71.584,2.213,99.656,41.675,1498.72
EQ-002,173,2025-06-13 00:00:00,67.065,2.774,95.346,39.989,1480.546
EQ-002,174,2025-06-13 06:00:00,69.836,1.811,96.445,36.242,1507.108
EQ-002,175,2025-06-13 12:00:00,68.337,3.097,102.874,38.43,1521.062
EQ-002,176,2025-06-13 18:00:00,73.589,2.506,104.156,40.872,1500.757
EQ-002,177,2025-06-14 00:00:00,75.525,2.347,98.748,39.191,1514.196
EQ-002,178,2025-06-14 06:00:00,71.973,2.253,97.208,41.176,1502.33
EQ-002,179,2025-06-14 12:00:00,72.185,2.866,94.646,38.189,1484.668
EQ-002,180,2025-06-14 18:00:00,67.071,2.899,102.822,40.573,1530.106
EQ-002,181,2025-06-15 00:00:00,73.258,2.166,102.999,40.648,1463.664
EQ-002,182,2025-06-15 06:00:00,73.234,2.145,91.568,41.185,1500.155
EQ-002,183,2025-06-15 12:00:00,73.445,3.066,92.728,39.017,1488.472
EQ-002,184,2025-06-15 18:00:00,70.084,2.78,100.41,41.17,1523.725
EQ-002,185,2025-06-16 00:00:00,78.023,2.905,100.799,42.26,1503.24
EQ-002,186,2025-06-16 06:00:00,76.812,2.554,98.568,36.591,1538.332
EQ-002,187,2025-06-16 12:00:00,73.971,2.639,99.901,40.078,1500.54
EQ-002,188,2025-06-16 18:00:00,73.209,2.762,99.258,37.29,1488.587
EQ-002,189,2025-06-17 00:00:00,73.663,2.993,100.079,38.71,1474.346
EQ-002,190,2025-06-17 06:00:00,76.262,2.834,97.297,38.832,1516.6
EQ-002,191,2025-06-17 12:00:00,71.308,3.39,99.963,39.9,1487.479
EQ-002,192,2025-06-17 18:00:00,70.172,3.438,97.977,40.566,1493.703
EQ-002,193,2025-06-18 00:00:00,71.869,3.189,97.727,41.357,1518.422
EQ-002,194,2025-06-18 06:00:00,73.47,3.075,94.399,40.396,1515.8
EQ-002,195,2025-06-18 12:00:00,75.184,2.896,99.473,41.01,1490.855
EQ-002,196,2025-06-18 18:00:00,76.975,3.206,102.409,38.382,1493.19
EQ-002,197,2025-06-19 00:00:00,73.705,2.521,99.023,41.585,1473.659
EQ-002,198,2025-06-19 06:00:00,74.026,4.249,98.94,35.056,1469.167
EQ-002,199,2025-06-19 12:00:00,74.041,2.707,103.767,42.29,1511.455
EQ-002,200,2025-06-19 18:00:00,74.822,3.196,103.075,42.021,1513.111
EQ-002,201,2025-06-20 00:00:00,74.849,3.5,105.204,41.125,1505.358
EQ-002,202,2025-06-20 06:00:00,75.366,3.204,106.771,43.343,1502.808
EQ-002,203,2025-06-20 12:00:00,79.276,2.25,100.178,37.294,1489.408
EQ-002,204,2025-06-20 18:00:00,77.95,2.435,96.528,41.169,1522.022
EQ-002,205,2025-06-21 00:00:00,83.172,3.191,98.437,40.203,1473.24
EQ-002,206,2025-06-21 06:00:00,76.742,3.313,101.719,40.366,1492.973
EQ-002,207,2025-06-21 12:00:00,80.827,2.928,104.32,38.255,1502.411
EQ-002,208,2025-06-21 18:00:00,78.2,3.311,96.853,40.592,1499.994
EQ-002,209,2025-06-22 00:00:00,78.434,2.833,100.766,40.522,1499.969
EQ-002,210,2025-06-22 06:00:00,78.995,3.722,97.621,38.966,1492.211
EQ-002,211,2025-06-22 12:00:00,80.046,2.934,99.56,39.897,1508.114
EQ-002,212,2025-06-22 18:00:00,77.619,3.028,99.515,38.028,1481.769
EQ-003,1,2025-05-01 00:00:00,61.099,2.373,99.686,39.283,1504.643
EQ-003,2,2025-05-01 06:00:00,64.487,1.754,98.968,40.818,1495.448
EQ-003,3,2025-05-01 12:00:00,64.965,2.225,101.805,40.19,1483.091
EQ-003,4,2025-05-01 18:00:00,64.415,1.541,99.275,39.471,1508.837
EQ-003,5,2025-05-02 00:00:00,62.243,2.112,93.514,41.447,1515.002
EQ-003,6,2025-05-02 06:00:00,67.662,2.054,103.839,39.062,1498.459
EQ-003,7,2025-05-02 12:00:00,62.298,2.547,103.388,36.713,1503.142
EQ-003,8,2025-05-02 18:00:00,61.102,2.701,98.18,40.39,1485.487
EQ-003,9,2025-05-03 00:00:00,62.251,2.707,100.149,40.1,1492.162
EQ-003,10,2025-05-03 06:00:00,65.963,2.547,103.653,39.11,1492.776
EQ-003,11,2025-05-03 12:00:00,64.466,2.225,103.099,38.661,1508.379
EQ-003,12,2025-05-03 18:00:00,63.46,2.316,104.072,37.661,1503.84
EQ-003,13,2025-05-04 00:00:00,66.055,2.315,101.123,39.456,1495.055
EQ-003,14,2025-05-04 06:00:00,65.665,1.846,102.309,38.687,1494.459
EQ-003,15,2025-05-04 12:00:00,60.385,2.544,104.226,41.447,1470.483
EQ-003,16,2025-05-04 18:00:00,66.035,2.407,98.97,40.775,1524.088
EQ-003,17,2025-05-05 00:00:00,67.362,2.421,101.322,39.273,1468.718
EQ-003,18,2025-05-05 06:00:00,64.754,1.516,93.56,40.784,1506.328
EQ-003,19,2025-05-05 12:00:00,64.53,2.336,95.26,39.839,1500.566
EQ-003,20,2025-05-05 18:00:00,68.788,2.502,101.5,39.596,1496.015
EQ-003,21,2025-05-06 00:00:00,63.58,2.195,101.958,39.918,1499.877
EQ-003,22,2025-05-06 06:00:00,64.669,2.05,98.838,42.657,1490.055
EQ-003,23,2025-05-06 12:00:00,65.662,1.791,98.181,40.966,1509.792
EQ-003,24,2025-05-06 18:00:00,65.097,1.77,98.933,39.552,1480.296
EQ-003,25,2025-05-07 00:00:00,64.455,2.246,100.576,41.341,1504.917
EQ-003,26,2025-05-07 06:00:00,65.178,2.13,93.059,41.287,1489.834
EQ-003,27,2025-05-07 12:00:00,68.138,2.125,101.397,40.39,1493.596
EQ-003,28,2025-05-07 18:00:00,66.615,2.659,100.097,39.507,1494.001
EQ-003,29,2025-05-08 00:00:00,64.851,1.823,100.742,39.408,1497.52
EQ-003,30,2025-05-08 06:00:00,63.272,2.096,99.629,38.387,1507.532
EQ-003,31,2025-05-08 12:00:00,63.538,2.708,95.851,40.271,1499.463
EQ-003,32,2025-05-08 18:00:00,66.9,2.106,96.705,39.085,1513.995
EQ-003,33,2025-05-09 00:00:00,61.813,2.22,104.57,39.345,1515.673
EQ-003,34,2025-05-09 06:00:00,69.806,2.147,98.072,40.936,1504.632
EQ-003,35,2025-05-09 12:00:00,64.936,2.412,102.423,42.531,1510.239
EQ-003,36,2025-05-09 18:00:00,62.243,1.583,96.753,40.561,1530.374
EQ-003,37,2025-05-10 00:00:00,65.364,2.139,99.955,39.842,1478.8
EQ-003,38,2025-05-10 06:00:00,63.399,2.216,98.678,39.972,1516.142
EQ-003,39,2025-05-10 12:00:00,64.162,1.901,99.138,41.707,1523.173
EQ-003,40,2025-05-10 18:00:00,61.978,2.303,98.98,40.582,1506.505
EQ-003,41,2025-05-11 00:00:00,64.523,2.436,104.332,40.291,1528.561
EQ-003,42,2025-05-11 06:00:00,60.755,2.336,105.782,40.397,1526.606
EQ-003,43,2025-05-11 12:00:00,63.8,2.734,100.713,37.857,1494.944
EQ-003,44,2025-05-11 18:00:00,63.345,2.07,98.762,40.586,1496.093
EQ-003,45,2025-05-12 00:00:00,63.995,2.35,96.012,38.687,1507.959
EQ-003,46,2025-05-12 06:00:00,63.472,2.343,95.806,40.592,1490.638
EQ-003,47,2025-05-12 12:00:00,65.068,2.129,104.348,38.897,1540.668
EQ-003,48,2025-05-12 18:00:00,66.776,2.54,95.594,40.887,1511.833
EQ-003,49,2025-05-13 00:00:00,65.721,2.286,98.679,39.77,1500.698
EQ-003,50,2025-05-13 06:00:00,67.599,1.84,100.466,38.282,1478.847
EQ-003,51,2025-05-13 12:00:00,64.003,2.425,92.195,39.564,1503.779
EQ-003,52,2025-05-13 18:00:00,65.649,2.05,96.248,43.309,1482.215
EQ-003,53,2025-05-14 00:00:00,65.728,2.103,95.985,36.59,1511.399
EQ-003,54,2025-05-14 06:00:00,67.303,2.125,98.003,40.25,1462.467
EQ-003,55,2025-05-14 12:00:00,63.539,2.421,100.776,38.484,1520.756
EQ-003,56,2025-05-14 18:00:00,66.578,2.524,103.083,42.065,1493.638
EQ-003,57,2025-05-15 00:00:00,63.285,2.152,98.009,41.224,1474.624
EQ-003,58,2025-05-15 06:00:00,63.86,2.135,98.615,40.279,1499.754
EQ-003,59,2025-05-15 12:00:00,64.283,1.586,99.641,41.376,1500.252
EQ-003,60,2025-05-15 18:00:00,65.906,1.987,97.583,40.367,1499.035
EQ-003,61,2025-05-16 00:00:00,62.826,1.916,101.253,40.009,1520.696
EQ-003,62,2025-05-16 06:00:00,63.105,2.293,101.346,39.102,1505.713
EQ-003,63,2025-05-16 12:00:00,63.71,2.168,91.835,39.459,1511.941
EQ-003,64,2025-05-16 18:00:00,65.097,1.927,101.918,39.304,1496.269
EQ-003,65,2025-05-17 00:00:00,63.128,2.246,100.382,40.016,1506.405
EQ-003,66,2025-05-17 06:00:00,65.528,2.18,100.776,37.162,1480.373
EQ-003,67,2025-05-17 12:00:00,64.284,1.438,103.539,41.544,1503.872
EQ-003,68,2025-05-17 18:00:00,66.316,2.532,94.641,42.92,1488.627
EQ-003,69,2025-05-18 00:00:00,65.126,2.503,96.234,39.352,1519.795
EQ-003,70,2025-05-18 06:00:00,68.504,2.129,99.789,41.762,1501.133
EQ-003,71,2025-05-18 12:00:00,65.242,2.306,93.036,39.799,1509.943
EQ-003,72,2025-05-18 18:00:00,62.563,2.102,99.365,39.097,1503.935
EQ-003,73,2025-05-19 00:00:00,64.574,1.719,102.538,39.427,1527.095
EQ-003,74,2025-05-19 06:00:00,65.042,2.849,101.19,40.129,1476.595
EQ-003,75,2025-05-19 12:00:00,63.183,2.425,100.237,38.918,1498.293
EQ-003,76,2025-05-19 18:00:00,68.034,2.482,99.302,40.909,1485.599
EQ-003,77,2025-05-20 00:00:00,64.38,2.115,98.716,39.221,1469.256
EQ-003,78,2025-05-20 06:00:00,63.711,2.538,98.544,38.39,1484.625
EQ-003,79,2025-05-20 12:00:00,65.363,1.789,100.686,39.97,1517.581
EQ-003,80,2025-05-20 18:00:00,63.188,2.126,95.347,38.959,1499.547
EQ-003,81,2025-05-21 00:00:00,66.933,2.422,104.389,39.509,1496.703
EQ-003,82,2025-05-21 06:00:00,66.531,2.012,97.787,39.919,1511.603
EQ-003,83,2025-05-21 12:00:00,65.261,2.473,101.673,37.99,1501.731
EQ-003,84,2025-05-21 18:00:00,66.183,2.291,100.241,42.188,1509.2
EQ-003,85,2025-05-22 00:00:00,64.001,2.263,96.539,41.219,1504.843
EQ-003,86,2025-05-22 06:00:00,61.995,1.984,103.878,39.055,1508.141
EQ-003,87,2025-05-22 12:00:00,64.349,2.321,103.244,39.971,1493.255
EQ-003,88,2025-05-22 18:00:00,63.997,2.78,95.288,40.954,1515.706
EQ-003,89,2025-05-23 00:00:00,60.927,2.253,99.779,40.313,1481.818
EQ-003,90,2025-05-23 06:00:00,62.884,2.367,100.622,42.82,1498.71
EQ-003,91,2025-05-23 12:00:00,62.539,2.411,93.786,39.642,1516.454
EQ-003,92,2025-05-23 18:00:00,62.892,1.857,93.638,41.783,1497.689
EQ-003,93,2025-05-24 00:00:00,67.667,2.16,97.499,37.998,1493.537
EQ-003,94,2025-05-24 06:00:00,66.024,2.151,96.06,38.229,1534.327
EQ-003,95,2025-05-24 12:00:00,66.93,1.563,96.869,42.527,1521.279
EQ-003,96,2025-05-24 18:00:00,66.019,2.437,96.061,39.352,1502.124
EQ-003,97,2025-05-25 00:00:00,67.166,1.92,99.633,38.249,1485.443
EQ-003,98,2025-05-25 06:00:00,65.054,2.404,97.323,39.928,1469.474
EQ-003,99,2025-05-25 12:00:00,68.031,1.973,103.342,41.896,1510.63
EQ-003,100,2025-05-25 18:00:00,62.537,2.813,100.541,38.855,1518.988
EQ-003,101,2025-05-26 00:00:00,64.865,2.116,102.383,39.937,1505.937
EQ-003,102,2025-05-26 06:00:00,62.95,2.776,94.935,37.218,1474.339
EQ-003,103,2025-05-26 12:00:00,67.483,2.148,98.115,39.297,1502.405
EQ-003,104,2025-05-26 18:00:00,65.84,2.184,100.409,41.496,1492.697
EQ-003,105,2025-05-27 00:00:00,67.373,2.67,101.359,38.823,1502.425
EQ-003,106,2025-05-27 06:00:00,62.193,1.925,98.057,38.092,1529.151
EQ-003,107,2025-05-27 12:00:00,63.795,2.215,98.497,38.836,1511.841
EQ-003,108,2025-05-27 18:00:00,61.432,2.362,98.825,39.085,1508.641
EQ-003,109,2025-05-28 00:00:00,65.723,2.229,99.088,41.147,1499.32
EQ-003,110,2025-05-28 06:00:00,64.144,1.98,105.94,40.57,1506.217
EQ-003,111,2025-05-28 12:00:00,66.511,2.319,101.599,40.859,1489.155
EQ-003,112,2025-05-28 18:00:00,65.063,2.449,100.378,40.043,1508.324
EQ-003,113,2025-05-29 00:00:00,60.74,2.208,95.251,39.07,1497.099
EQ-003,114,2025-05-29 06:00:00,61.679,2.545,95.827,38.835,1487.666
EQ-003,115,2025-05-29 12:00:00,65.165,2.262,98.774,40.648,1512.225
EQ-003,116,2025-05-29 18:00:00,65.931,2.371,103.992,42.384,1466.527
EQ-003,117,2025-05-30 00:00:00,60.567,2.626,98.725,38.589,1491.831
EQ-003,118,2025-05-30 06:00:00,64.833,2.07,99.145,38.473,1509.2
EQ-003,119,2025-05-30 12:00:00,62.965,2.526,97.159,38.296,1518.369
EQ-003,120,2025-05-30 18:00:00,62.78,2.204,94.235,41.247,1507.076
EQ-003,121,2025-05-31 00:00:00,63.69,1.879,99.976,39.937,1489.919
EQ-003,122,2025-05-31 06:00:00,65.247,2.289,98.724,40.833,1499.236
EQ-003,123,2025-05-31 12:00:00,63.587,2.181,99.573,39.238,1504.369
EQ-003,124,2025-05-31 18:00:00,61.028,2.211,98.947,40.927,1523.408
EQ-003,125,2025-06-01 00:00:00,65.231,2.462,96.059,39.569,1513.809
EQ-003,126,2025-06-01 06:00:00,64.299,2.397,100.626,37.683,1513.919
EQ-003,127,2025-06-01 12:00:00,63.123,2.619,92.373,41.384,1500.981
EQ-003,128,2025-06-01 18:00:00,64.384,2.69,96.904,39.946,1483.935
EQ-003,129,2025-06-02 00:00:00,64.304,2.781,97.68,39.535,1478.909
EQ-003,130,2025-06-02 06:00:00,65.088,3.09,100.455,40.422,1495.481
EQ-003,131,2025-06-02 12:00:00,64.504,2.654,95.021,37.834,1510.491
EQ-003,132,2025-06-02 18:00:00,65.331,1.993,92.514,40.646,1492.472
EQ-003,133,2025-06-03 00:00:00,64.903,2.158,95.25,39.106,1508.583
EQ-003,134,2025-06-03 06:00:00,66.639,2.643,97.734,39.766,1488.08
EQ-003,135,2025-06-03 12:00:00,68.169,2.699,86.118,41.709,1490.394
EQ-003,136,2025-06-03 18:00:00,64.97,2.538,98.102,40.963,1521.12
EQ-003,137,2025-06-04 00:00:00,63.757,2.923,94.475,39.735,1511.503
EQ-003,138,2025-06-04 06:00:00,62.126,3.39,90.069,39.848,1495.403
EQ-003,139,2025-06-04 12:00:00,66.293,2.521,92.896,36.159,1487.542
EQ-003,140,2025-06-04 18:00:00,63.195,3.209,92.242,38.767,1514.234
EQ-003,141,2025-06-05 00:00:00,69.695,2.351,89.465,40.251,1513.147
EQ-003,142,2025-06-05 06:00:00,70.558,3.188,86.091,38.854,1509.588
EQ-003,143,2025-06-05 12:00:00,64.574,2.563,93.684,38.01,1497.333
EQ-003,144,2025-06-05 18:00:00,61.67,2.564,92.327,40.72,1483.581
EQ-003,145,2025-06-06 00:00:00,66.308,2.718,92.422,41.96,1499.777
EQ-003,146,2025-06-06 06:00:00,69.198,2.363,93.047,38.918,1521.114
EQ-003,147,2025-06-06 12:00:00,62.375,3.117,91.862,41.313,1486.364
EQ-003,148,2025-06-06 18:00:00,68.796,2.343,88.945,41.087,1500.712
EQ-003,149,2025-06-07 00:00:00,61.302,2.498,93.504,38.535,1524.537
EQ-003,150,2025-06-07 06:00:00,62.092,2.435,95.21,38.908,1495.437
EQ-003,151,2025-06-07 12:00:00,65.618,2.775,91.732,42.705,1498.088
EQ-003,152,2025-06-07 18:00:00,67.033,2.79,85.945,38.324,1479.744
EQ-003,153,2025-06-08 00:00:00,64.867,2.722,85.76,39.086,1509.348
EQ-003,154,2025-06-08 06:00:00,65.899,2.631,84.836,42.949,1488.891
EQ-003,155,2025-06-08 12:00:00,67.209,2.475,88.224,39.147,1476.681
EQ-003,156,2025-06-08 18:00:00,67.44,3.413,93.668,42.029,1485.697
EQ-003,157,2025-06-09 00:00:00,63.755,3.089,85.535,38.467,1503.127
EQ-003,158,2025-06-09 06:00:00,63.273,3.045,84.467,40.207,1476.298
EQ-003,159,2025-06-09 12:00:00,67.107,3.119,89.598,41.629,1479.213
EQ-003,160,2025-06-09 18:00:00,65.908,3.895,84.392,39.299,1508.389
EQ-003,161,2025-06-10 00:00:00,66.177,3.261,91.559,40.15,1498.914
EQ-003,162,2025-06-10 06:00:00,63.678,2.882,84.16,41.117,1486.29
EQ-003,163,2025-06-10 12:00:00,66.276,2.866,88.804,38.647,1495.181
EQ-003,164,2025-06-10 18:00:00,62.811,3.276,82.463,43.361,1526.073
EQ-003,165,2025-06-11 00:00:00,65.494,3.455,87.618,41.557,1519.226
EQ-003,166,2025-06-11 06:00:00,65.224,3.283,79.682,39.464,1498.388
EQ-003,167,2025-06-11 12:00:00,65.237,3.15,83.791,39.648,1512.243
EQ-003,168,2025-06-11 18:00:00,66.562,3.287,82.244,42.868,1501.815
EQ-003,169,2025-06-12 00:00:00,62.96,2.763,83.437,39.468,1473.387
EQ-003,170,2025-06-12 06:00:00,66.354,3.098,84.224,39.292,1470.703
EQ-003,171,2025-06-12 12:00:00,65.041,3.753,75.046,41.719,1486.36
EQ-003,172,2025-06-12 18:00:00,63.417,3.201,81.945,37.899,1476.364
EQ-003,173,2025-06-13 00:00:00,62.356,3.648,77.782,39.883,1504.074
EQ-003,174,2025-06-13 06:00:00,68.777,3.981,77.766,40.126,1491.751
EQ-003,175,2025-06-13 12:00:00,64.861,3.449,80.868,38.944,1506.38
EQ-003,176,2025-06-13 18:00:00,64.29,3.693,84.179,37.652,1506.61
EQ-003,177,2025-06-14 00:00:00,62.713,3.336,76.947,40.104,1510.35
EQ-003,178,2025-06-14 06:00:00,67.177,2.913,84.537,41.032,1486.041
EQ-003,179,2025-06-14 12:00:00,67.022,3.556,74.759,38.981,1507.735
EQ-003,180,2025-06-14 18:00:00,66.637,3.347,79.032,38.23,1485.668
EQ-003,181,2025-06-15 00:00:00,64.878,3.923,76.729,41.884,1510.67
EQ-003,182,2025-06-15 06:00:00,66.503,4.249,77.608,40.792,1518.34
EQ-003,183,2025-06-15 12:00:00,63.352,3.806,80.226,39.457,1510.847
EQ-003,184,2025-06-15 18:00:00,65.435,3.464,74.982,41.381,1497.344
EQ-003,185,2025-06-16 00:00:00,64.891,4.101,76.519,40.363,1508.502
EQ-003,186,2025-06-16 06:00:00,65.534,4.528,71.772,42.684,1477.001
EQ-003,187,2025-06-16 12:00:00,61.374,2.873,72.045,40.996,1473.619
EQ-003,188,2025-06-16 18:00:00,68.739,3.836,67.343,37.915,1507.002
EQ-003,189,2025-06-17 00:00:00,68.237,3.47,73.908,39.012,1519.616
EQ-003,190,2025-06-17 06:00:00,62.7,3.84,76.234,39.084,1481.528
EQ-004,1,2025-05-01 00:00:00,67.02,2.456,102.712,41.946,1515.6
EQ-004,2,2025-05-01 06:00:00,65.339,2.272,97.316,41.749,1523.13
EQ-004,3,2025-05-01 12:00:00,68.21,2.027,108.897,41.54,1500.373
EQ-004,4,2025-05-01 18:00:00,64.09,2.036,98.499,37.612,1505.968
EQ-004,5,2025-05-02 00:00:00,69.289,2.113,93.79,40.597,1494.462
EQ-004,6,2025-05-02 06:00:00,65.005,2.231,105.1,40.968,1502.396
EQ-004,7,2025-05-02 12:00:00,63.943,2.666,99.668,41.558,1503.225
EQ-004,8,2025-05-02 18:00:00,69.817,2.382,100.604,40.773,1468.839
EQ-004,9,2025-05-03 00:00:00,61.343,2.507,100.982,42.328,1497.853
EQ-004,10,2025-05-03 06:00:00,63.895,2.07,95.755,37.258,1513.348
EQ-004,11,2025-05-03 12:00:00,61.67,2.355,93.337,40.838,1479.747
EQ-004,12,2025-05-03 18:00:00,61.323,1.734,105.698,40.718,1485.205
EQ-004,13,2025-05-04 00:00:00,60.866,2.255,95.147,41.354,1517.335
EQ-004,14,2025-05-04 06:00:00,66.234,2.235,104.751,42.313,1520.147
EQ-004,15,2025-05-04 12:00:00,62.342,2.746,101.416,38.668,1490.688
EQ-004,16,2025-05-04 18:00:00,64.49,2.667,100.363,42.263,1502.61
EQ-004,17,2025-05-05 00:00:00,66.784,2.122,98.433,41.222,1498.829
EQ-004,18,2025-05-05 06:00:00,65.927,1.955,106.764,39.719,1517.655
EQ-004,19,2025-05-05 12:00:00,65.828,1.963,97.759,38.637,1492.0
EQ-004,20,2025-05-05 18:00:00,67.428,2.112,97.843,40.294,1494.32
EQ-004,21,2025-05-06 00:00:00,68.219,2.591,101.857,40.429,1520.112
EQ-004,22,2025-05-06 06:00:00,62.497,2.324,97.819,40.512,1484.95
EQ-004,23,2025-05-06 12:00:00,65.966,2.355,96.803,39.06,1492.531
EQ-004,24,2025-05-06 18:00:00,64.456,2.443,99.666,40.914,1501.993
EQ-004,25,2025-05-07 00:00:00,64.707,1.902,101.903,39.392,1522.857
EQ-004,26,2025-05-07 06:00:00,61.977,1.987,105.479,41.825,1482.098
EQ-004,27,2025-05-07 12:00:00,63.936,2.356,106.091,42.565,1489.341
EQ-004,28,2025-05-07 18:00:00,64.155,1.966,94.469,38.781,1508.888
EQ-004,29,2025-05-08 00:00:00,67.861,1.742,102.969,40.09,1511.204
EQ-004,30,2025-05-08 06:00:00,62.689,1.875,96.89,41.458,1503.173
EQ-004,31,2025-05-08 12:00:00,60.229,2.516,97.039,40.414,1498.249
EQ-004,32,2025-05-08 18:00:00,64.988,2.088,98.224,37.971,1501.945
EQ-004,33,2025-05-09 00:00:00,62.486,2.268,98.033,41.297,1477.391
EQ-004,34,2025-05-09 06:00:00,64.721,1.89,96.634,39.091,1501.521
EQ-004,35,2025-05-09 12:00:00,66.322,2.314,92.867,40.301,1522.232
EQ-004,36,2025-05-09 18:00:00,64.8,2.119,104.184,38.509,1480.198
EQ-004,37,2025-05-10 00:00:00,64.138,2.334,102.541,41.192,1488.239
EQ-004,38,2025-05-10 06:00:00,64.687,2.057,99.797,39.368,1494.047
EQ-004,39,2025-05-10 12:00:00,66.695,2.351,96.944,41.351,1494.991
EQ-004,40,2025-05-10 18:00:00,62.691,2.042,103.552,39.678,1527.62
EQ-004,41,2025-05-11 00:00:00,66.457,2.176,99.656,39.278,1486.021
EQ-004,42,2025-05-11 06:00:00,62.991,2.118,98.121,40.618,1483.024
EQ-004,43,2025-05-11 12:00:00,66.204,2.208,94.914,38.388,1511.566
EQ-004,44,2025-05-11 18:00:00,61.914,2.284,101.462,42.697,1490.297
EQ-004,45,2025-05-12 00:00:00,66.085,2.052,98.844,40.278,1511.815
EQ-004,46,2025-05-12 06:00:00,64.796,2.164,100.631,39.151,1497.044
EQ-004,47,2025-05-12 12:00:00,65.193,2.256,100.353,39.401,1506.885
EQ-004,48,2025-05-12 18:00:00,66.918,2.352,101.754,40.026,1476.482
EQ-004,49,2025-05-13 00:00:00,63.358,2.177,100.5,41.494,1506.835
EQ-004,50,2025-05-13 06:00:00,64.95,1.934,98.933,38.658,1503.267
EQ-004,51,2025-05-13 12:00:00,65.607,2.226,101.512,39.447,1496.169
EQ-004,52,2025-05-13 18:00:00,64.402,2.401,102.701,39.926,1481.509
EQ-004,53,2025-05-14 00:00:00,66.434,1.8,104.488,42.314,1503.253
EQ-004,54,2025-05-14 06:00:00,65.66,1.804,96.487,41.499,1510.861
EQ-004,55,2025-05-14 12:00:00,63.84,2.001,103.186,42.385,1492.033
EQ-004,56,2025-05-14 18:00:00,67.521,2.142,95.085,40.047,1492.328
EQ-004,57,2025-05-15 00:00:00,66.124,1.541,102.893,42.149,1511.908
EQ-004,58,2025-05-15 06:00:00,63.315,2.372,98.078,41.901,1525.653
EQ-004,59,2025-05-15 12:00:00,63.295,2.145,102.375,41.045,1514.094
EQ-004,60,2025-05-15 18:00:00,64.561,1.495,104.328,41.165,1503.442
EQ-004,61,2025-05-16 00:00:00,65.895,1.866,100.538,39.108,1496.352
EQ-004,62,2025-05-16 06:00:00,60.573,2.11,99.858,42.742,1499.587
EQ-004,63,2025-05-16 12:00:00,63.399,1.668,99.705,39.632,1480.118
EQ-004,64,2025-05-16 18:00:00,63.845,2.491,98.588,40.84,1497.684
EQ-004,65,2025-05-17 00:00:00,62.125,2.256,103.373,41.015,1516.798
EQ-004,66,2025-05-17 06:00:00,62.956,2.403,99.677,37.943,1500.595
EQ-004,67,2025-05-17 12:00:00,65.275,1.891,93.474,39.923,1490.618
EQ-004,68,2025-05-17 18:00:00,64.022,2.323,102.652,40.305,1489.23
EQ-004,69,2025-05-18 00:00:00,64.179,2.002,102.495,39.83,1499.524
EQ-004,70,2025-05-18 06:00:00,62.243,2.142,100.129,39.941,1481.48
EQ-004,71,2025-05-18 12:00:00,64.573,2.306,97.635,42.239,1486.372
EQ-004,72,2025-05-18 18:00:00,61.992,2.179,96.519,38.759,1522.992
EQ-004,73,2025-05-19 00:00:00,67.918,2.443,97.644,38.097,1484.458
EQ-004,74,2025-05-19 06:00:00,68.487,2.242,100.596,39.12,1487.977
EQ-004,75,2025-05-19 12:00:00,64.054,2.061,94.469,41.116,1504.37
EQ-004,76,2025-05-19 18:00:00,62.755,2.453,101.273,41.263,1493.374
EQ-004,77,2025-05-20 00:00:00,66.709,2.516,100.218,40.909,1501.33
EQ-004,78,2025-05-20 06:00:00,66.185,2.226,103.862,41.368,1512.943
EQ-004,79,2025-05-20 12:00:00,68.749,2.601,102.104,40.384,1476.794
EQ-004,80,2025-05-20 18:00:00,69.282,2.129,97.831,39.223,1511.314
EQ-004,81,2025-05-21 00:00:00,60.946,2.162,94.927,38.582,1491.264
EQ-004,82,2025-05-21 06:00:00,67.317,2.201,97.536,38.107,1495.709
EQ-004,83,2025-05-21 12:00:00,64.555,2.161,104.144,39.659,1528.831
EQ-004,84,2025-05-21 18:00:00,66.098,2.107,100.883,41.183,1478.961
EQ-004,85,2025-05-22 00:00:00,66.556,1.986,101.792,40.355,1508.861
EQ-004,86,2025-05-22 06:00:00,66.472,1.902,98.112,40.034,1516.92
EQ-004,87,2025-05-22 12:00:00,67.001,2.233,101.454,38.417,1489.747
EQ-004,88,2025-05-22 18:00:00,63.879,2.56,95.44,43.869,1489.984
EQ-004,89,2025-05-23 00:00:00,63.094,2.444,102.806,38.762,1494.47
EQ-004,90,2025-05-23 06:00:00,67.374,2.316,96.534,40.181,1489.658
EQ-004,91,2025-05-23 12:00:00,63.257,2.575,94.077,41.505,1500.997
EQ-004,92,2025-05-23 18:00:00,68.723,2.206,106.787,40.063,1513.389
EQ-004,93,2025-05-24 00:00:00,63.471,1.903,100.405,38.79,1494.551
EQ-004,94,2025-05-24 06:00:00,64.238,2.095,100.322,41.213,1513.928
EQ-004,95,2025-05-24 12:00:00,64.619,2.182,94.39,37.991,1521.015
EQ-004,96,2025-05-24 18:00:00,61.918,2.046,101.868,42.613,1506.466
EQ-004,97,2025-05-25 00:00:00,61.924,2.383,102.658,40.423,1507.882
EQ-004,98,2025-05-25 06:00:00,66.824,2.481,99.402,39.62,1491.091
EQ-004,99,2025-05-25 12:00:00,61.56,1.68,102.67,37.875,1460.655
EQ-004,100,2025-05-25 18:00:00,70.039,2.156,103.512,38.272,1508.786
EQ-004,101,2025-05-26 00:00:00,64.812,1.329,101.577,39.922,1511.947
EQ-004,102,2025-05-26 06:00:00,62.941,2.173,93.501,42.839,1503.637
EQ-004,103,2025-05-26 12:00:00,65.84,2.169,96.545,40.349,1513.647
EQ-004,104,2025-05-26 18:00:00,60.076,2.733,105.061,40.521,1491.776
EQ-004,105,2025-05-27 00:00:00,64.333,2.643,100.247,40.579,1507.778
EQ-004,106,2025-05-27 06:00:00,64.589,2.48,100.261,43.546,1522.082
EQ-004,107,2025-05-27 12:00:00,62.468,1.912,97.505,39.338,1509.985
EQ-004,108,2025-05-27 18:00:00,63.736,1.895,98.088,42.348,1520.141
EQ-004,109,2025-05-28 00:00:00,68.052,1.871,103.578,39.402,1520.237
EQ-004,110,2025-05-28 06:00:00,65.367,2.658,104.495,38.945,1481.679
EQ-004,111,2025-05-28 12:00:00,65.799,1.927,102.392,39.881,1510.788
EQ-004,112,2025-05-28 18:00:00,63.426,2.084,101.655,39.873,1490.521
EQ-004,113,2025-05-29 00:00:00,62.353,1.93,101.88,40.843,1483.388
EQ-004,114,2025-05-29 06:00:00,64.518,1.823,99.789,36.514,1495.715
EQ-004,115,2025-05-29 12:00:00,60.085,2.3,96.389,40.222,1526.312
EQ-004,116,2025-05-29 18:00:00,62.806,2.246,95.741,39.102,1491.843
EQ-004,117,2025-05-30 00:00:00,62.495,1.533,103.944,38.914,1473.627
EQ-004,118,2025-05-30 06:00:00,60.922,1.809,99.901,38.056,1478.331
EQ-004,119,2025-05-30 12:00:00,66.298,2.277,101.431,39.453,1507.176
EQ-004,120,2025-05-30 18:00:00,64.739,2.178,100.632,39.225,1488.618
EQ-004,121,2025-05-31 00:00:00,63.761,2.08,100.784,39.36,1469.352
EQ-004,122,2025-05-31 06:00:00,66.342,2.382,101.035,37.542,1478.923
EQ-004,123,2025-05-31 12:00:00,61.711,1.767,102.092,40.147,1502.504
EQ-004,124,2025-05-31 18:00:00,62.313,2.022,97.697,38.813,1511.692
EQ-004,125,2025-06-01 00:00:00,67.235,2.355,103.547,37.547,1493.314
EQ-004,126,2025-06-01 06:00:00,69.563,2.005,97.787,39.178,1509.735
EQ-004,127,2025-06-01 12:00:00,66.368,2.294,100.718,38.839,1513.724
EQ-004,128,2025-06-01 18:00:00,65.943,1.856,96.451,40.062,1488.244
EQ-004,129,2025-06-02 00:00:00,63.836,1.953,99.5,39.158,1498.182
EQ-004,130,2025-06-02 06:00:00,63.882,1.665,98.021,37.826,1490.993
EQ-004,131,2025-06-02 12:00:00,65.455,1.583,100.073,38.667,1508.083
EQ-004,132,2025-06-02 18:00:00,67.746,2.057,102.206,37.41,1490.816
EQ-004,133,2025-06-03 00:00:00,65.853,2.335,100.228,41.706,1481.802
EQ-004,134,2025-06-03 06:00:00,66.916,2.166,105.883,41.947,1500.789
EQ-004,135,2025-06-03 12:00:00,63.168,2.548,102.388,42.128,1516.655
EQ-004,136,2025-06-03 18:00:00,66.234,2.082,99.315,39.115,1507.659
EQ-004,137,2025-06-04 00:00:00,63.657,1.564,99.742,41.946,1515.103
EQ-004,138,2025-06-04 06:00:00,65.28,2.303,101.133,40.61,1513.785
EQ-004,139,2025-06-04 12:00:00,66.232,1.876,102.113,38.767,1500.632
EQ-004,140,2025-06-04 18:00:00,63.938,2.238,96.298,39.057,1491.038
EQ-004,141,2025-06-05 00:00:00,62.966,1.514,101.91,39.742,1486.954
EQ-004,142,2025-06-05 06:00:00,65.725,2.117,96.376,40.154,1476.201
EQ-004,143,2025-06-05 12:00:00,64.73,2.411,101.62,40.544,1517.843
EQ-004,144,2025-06-05 18:00:00,65.272,2.374,103.3,39.997,1495.041
EQ-004,145,2025-06-06 00:00:00,66.314,2.125,100.899,39.477,1474.428
EQ-004,146,2025-06-06 06:00:00,67.615,2.185,93.023,42.028,1518.515
EQ-004,147,2025-06-06 12:00:00,66.327,2.051,94.653,39.829,1501.414
EQ-004,148,2025-06-06 18:00:00,66.064,2.111,101.688,39.743,1514.517
EQ-004,149,2025-06-07 00:00:00,63.999,2.388,92.639,39.674,1496.077
EQ-004,150,2025-06-07 06:00:00,64.306,1.975,101.83,39.83,1488.101
EQ-004,151,2025-06-07 12:00:00,65.909,2.004,102.954,37.956,1506.686
EQ-004,152,2025-06-07 18:00:00,64.274,1.726,103.406,38.495,1507.93
EQ-004,153,2025-06-08 00:00:00,65.901,2.394,99.276,43.669,1495.801
EQ-004,154,2025-06-08 06:00:00,63.369,2.104,101.316,37.524,1519.703
EQ-004,155,2025-06-08 12:00:00,68.859,1.821,100.627,40.408,1514.182
EQ-004,156,2025-06-08 18:00:00,65.387,2.447,95.582,40.514,1508.471
EQ-004,157,2025-06-09 00:00:00,65.256,2.17,102.235,41.519,1483.35
EQ-004,158,2025-06-09 06:00:00,64.035,1.961,104.171,40.55,1481.237
EQ-004,159,2025-06-09 12:00:00,68.826,2.451,102.068,42.836,1517.985
EQ-004,160,2025-06-09 18:00:00,62.493,2.081,98.492,40.359,1467.175
EQ-004,161,2025-06-10 00:00:00,63.594,1.713,102.22,42.022,1498.635
EQ-005,1,2025-05-01 00:00:00,64.64,1.941,100.683,40.232,1502.591
EQ-005,2,2025-05-01 06:00:00,63.347,2.074,99.883,40.185,1501.823
EQ-005,3,2025-05-01 12:00:00,64.819,2.118,103.897,40.791,1495.661
EQ-005,4,2025-05-01 18:00:00,69.221,2.547,101.914,39.754,1530.047
EQ-005,5,2025-05-02 00:00:00,63.485,1.776,95.653,39.911,1497.152
EQ-005,6,2025-05-02 06:00:00,68.062,2.191,97.502,40.684,1502.239
EQ-005,7,2025-05-02 12:00:00,61.49,2.035,98.151,41.213,1475.268
EQ-005,8,2025-05-02 18:00:00,63.278,2.71,100.541,40.747,1490.455
EQ-005,9,2025-05-03 00:00:00,63.915,2.465,99.493,42.191,1491.739
EQ-005,10,2025-05-03 06:00:00,66.898,2.272,99.48,40.037,1507.294
EQ-005,11,2025-05-03 12:00:00,65.111,2.491,108.453,37.979,1488.372
EQ-005,12,2025-05-03 18:00:00,67.62,1.804,98.461,41.632,1500.725
EQ-005,13,2025-05-04 00:00:00,64.335,2.808,104.173,39.632,1490.905
EQ-005,14,2025-05-04 06:00:00,64.892,1.947,99.558,38.847,1483.49
EQ-005,15,2025-05-04 12:00:00,64.343,2.577,93.464,41.069,1482.881
EQ-005,16,2025-05-04 18:00:00,69.053,2.365,100.574,40.556,1497.399
EQ-005,17,2025-05-05 00:00:00,62.76,2.279,103.358,38.082,1501.546
EQ-005,18,2025-05-05 06:00:00,63.984,2.565,101.9,41.006,1497.094
EQ-005,19,2025-05-05 12:00:00,63.044,2.499,100.768,42.811,1487.507
EQ-005,20,2025-05-05 18:00:00,66.147,2.232,100.071,40.485,1497.934
EQ-005,21,2025-05-06 00:00:00,62.718,2.074,98.516,39.616,1495.159
EQ-005,22,2025-05-06 06:00:00,68.644,2.237,102.689,37.496,1484.372
EQ-005,23,2025-05-06 12:00:00,65.161,2.169,98.697,43.077,1501.246
EQ-005,24,2025-05-06 18:00:00,65.825,2.306,98.079,39.225,1527.155
EQ-005,25,2025-05-07 00:00:00,65.926,2.506,101.232,37.888,1497.756
EQ-005,26,2025-05-07 06:00:00,64.96,2.341,99.1,40.166,1478.084
EQ-005,27,2025-05-07 12:00:00,65.243,2.255,103.843,41.512,1522.028
EQ-005,28,2025-05-07 18:00:00,65.169,2.004,101.402,41.854,1518.857
EQ-005,29,2025-05-08 00:00:00,66.038,2.297,97.666,38.992,1521.488
EQ-005,30,2025-05-08 06:00:00,63.355,1.691,96.566,39.852,1499.367
EQ-005,31,2025-05-08 12:00:00,63.016,1.961,98.279,40.001,1488.247
EQ-005,32,2025-05-08 18:00:00,66.642,2.382,107.014,41.465,1486.605
EQ-005,33,2025-05-09 00:00:00,64.996,2.466,99.287,40.889,1517.118
EQ-005,34,2025-05-09 06:00:00,60.987,2.194,102.275,40.406,1524.088
EQ-005,35,2025-05-09 12:00:00,64.05,2.26,96.083,41.372,1486.194
EQ-005,36,2025-05-09 18:00:00,68.06,2.311,96.751,37.957,1462.198
EQ-005,37,2025-05-10 00:00:00,64.679,2.404,99.435,40.631,1499.733
EQ-005,38,2025-05-10 06:00:00,63.938,2.14,105.103,40.332,1486.436
EQ-005,39,2025-05-10 12:00:00,62.01,1.905,96.128,39.925,1489.391
EQ-005,40,2025-05-10 18:00:00,63.864,2.316,98.111,39.625,1496.427
EQ-005,41,2025-05-11 00:00:00,62.672,2.787,102.705,40.201,1506.148
EQ-005,42,2025-05-11 06:00:00,65.858,1.923,104.778,39.145,1488.286
EQ-005,43,2025-05-11 12:00:00,65.099,2.162,101.312,44.091,1502.041
EQ-005,44,2025-05-11 18:00:00,64.273,2.084,102.028,42.038,1498.108
EQ-005,45,2025-05-12 00:00:00,63.476,2.924,97.309,41.639,1465.42
EQ-005,46,2025-05-12 06:00:00,68.053,1.912,96.031,39.205,1508.175
EQ-005,47,2025-05-12 12:00:00,63.589,2.152,96.563,38.564,1493.235
EQ-005,48,2025-05-12 18:00:00,63.597,2.091,97.38,39.682,1481.042
EQ-005,49,2025-05-13 00:00:00,64.514,1.824,100.677,40.171,1489.11
EQ-005,50,2025-05-13 06:00:00,64.794,1.807,96.341,37.827,1503.044
EQ-005,51,2025-05-13 12:00:00,65.964,2.371,100.751,40.72,1500.693
EQ-005,52,2025-05-13 18:00:00,66.861,2.413,99.054,41.623,1509.666
EQ-005,53,2025-05-14 00:00:00,66.711,2.032,98.312,36.646,1506.549
EQ-005,54,2025-05-14 06:00:00,69.86,2.623,102.655,38.649,1482.426
EQ-005,55,2025-05-14 12:00:00,61.614,1.525,97.123,41.842,1455.685
EQ-005,56,2025-05-14 18:00:00,65.462,1.822,104.307,40.561,1501.814
EQ-005,57,2025-05-15 00:00:00,63.959,1.953,102.493,38.701,1509.464
EQ-005,58,2025-05-15 06:00:00,69.02,2.197,97.03,41.103,1496.963
EQ-005,59,2025-05-15 12:00:00,65.351,2.065,103.607,39.109,1509.909
EQ-005,60,2025-05-15 18:00:00,60.941,2.14,96.675,39.646,1484.975
EQ-005,61,2025-05-16 00:00:00,65.868,2.346,103.879,38.292,1494.81
EQ-005,62,2025-05-16 06:00:00,65.534,2.637,100.999,40.025,1486.191
EQ-005,63,2025-05-16 12:00:00,66.515,2.441,95.263,41.527,1510.459
EQ-005,64,2025-05-16 18:00:00,63.553,2.217,96.114,39.284,1486.344
EQ-005,65,2025-05-17 00:00:00,65.656,2.176,98.785,40.968,1530.898
EQ-005,66,2025-05-17 06:00:00,64.459,2.53,102.603,39.925,1492.47
EQ-005,67,2025-05-17 12:00:00,63.657,2.765,99.488,41.619,1511.973
EQ-005,68,2025-05-17 18:00:00,65.685,2.391,99.413,39.305,1492.663
EQ-005,69,2025-05-18 00:00:00,65.306,2.053,100.121,42.333,1520.064
EQ-005,70,2025-05-18 06:00:00,67.1,2.278,94.015,41.022,1519.493
EQ-005,71,2025-05-18 12:00:00,65.054,2.374,102.473,40.366,1495.144
EQ-005,72,2025-05-18 18:00:00,66.208,2.033,104.019,40.421,1504.12
EQ-005,73,2025-05-19 00:00:00,62.585,2.46,102.368,39.303,1519.109
EQ-005,74,2025-05-19 06:00:00,67.789,2.279,98.73,39.206,1504.565
EQ-005,75,2025-05-19 12:00:00,63.446,2.549,97.345,40.393,1486.189
EQ-005,76,2025-05-19 18:00:00,66.806,1.907,96.754,38.202,1501.051
EQ-005,77,2025-05-20 00:00:00,65.526,1.678,96.601,39.097,1488.777
EQ-005,78,2025-05-20 06:00:00,65.273,2.082,106.794,38.594,1502.265
EQ-005,79,2025-05-20 12:00:00,66.521,2.207,99.764,40.858,1488.188
EQ-005,80,2025-05-20 18:00:00,60.72,1.66,102.714,40.881,1505.592
EQ-005,81,2025-05-21 00:00:00,63.853,2.017,102.549,41.902,1473.168
EQ-005,82,2025-05-21 06:00:00,66.492,2.585,100.428,39.498,1483.17
EQ-005,83,2025-05-21 12:00:00,68.844,2.36,97.205,38.788,1488.102
EQ-005,84,2025-05-21 18:00:00,64.951,2.241,101.556,37.796,1497.597
EQ-005,85,2025-05-22 00:00:00,60.125,1.883,96.752,40.406,1477.319
EQ-005,86,2025-05-22 06:00:00,64.366,2.575,101.807,42.095,1486.748
EQ-005,87,2025-05-22 12:00:00,64.88,2.075,96.889,39.888,1511.672
EQ-005,88,2025-05-22 18:00:00,67.219,2.228,98.692,40.04,1513.457
EQ-005,89,2025-05-23 00:00:00,65.097,2.322,98.686,39.991,1461.996
EQ-005,90,2025-05-23 06:00:00,62.447,2.251,104.197,40.381,1491.199
EQ-005,91,2025-05-23 12:00:00,66.927,2.648,92.698,41.496,1519.123
EQ-005,92,2025-05-23 18:00:00,66.137,2.373,106.992,42.879,1505.791
EQ-005,93,2025-05-24 00:00:00,63.602,2.302,97.582,40.747,1506.11
EQ-005,94,2025-05-24 06:00:00,66.44,2.174,99.63,40.846,1508.462
EQ-005,95,2025-05-24 12:00:00,63.907,2.33,101.24,39.641,1485.616
EQ-005,96,2025-05-24 18:00:00,64.404,2.137,100.983,39.838,1503.21
EQ-005,97,2025-05-25 00:00:00,63.941,2.257,102.531,39.818,1507.076
EQ-005,98,2025-05-25 06:00:00,64.38,2.097,101.831,39.451,1501.606
EQ-005,99,2025-05-25 12:00:00,66.814,2.05,106.111,40.191,1494.096
EQ-005,100,2025-05-25 18:00:00,61.428,1.925,102.195,40.937,1499.279
EQ-005,101,2025-05-26 00:00:00,67.208,2.119,99.648,40.095,1482.898
EQ-005,102,2025-05-26 06:00:00,65.353,2.099,98.341,39.579,1509.212
EQ-005,103,2025-05-26 12:00:00,64.22,2.749,98.263,40.189,1478.47
EQ-005,104,2025-05-26 18:00:00,65.042,2.498,103.88,38.56,1487.756
EQ-005,105,2025-05-27 00:00:00,63.182,2.16,105.266,41.205,1510.227
EQ-005,106,2025-05-27 06:00:00,61.737,2.073,103.012,39.38,1504.354
EQ-005,107,2025-05-27 12:00:00,63.238,2.385,90.507,38.268,1492.738
EQ-005,108,2025-05-27 18:00:00,61.209,2.783,93.259,40.693,1474.313
EQ-005,109,2025-05-28 00:00:00,62.295,2.439,99.977,40.767,1499.308
EQ-005,110,2025-05-28 06:00:00,61.754,1.684,99.5,38.71,1490.547
EQ-005,111,2025-05-28 12:00:00,67.448,2.459,100.06,40.935,1507.206
EQ-005,112,2025-05-28 18:00:00,62.432,2.512,103.755,40.951,1492.251
EQ-005,113,2025-05-29 00:00:00,64.918,2.86,103.606,42.962,1473.74
EQ-005,114,2025-05-29 06:00:00,67.233,2.125,100.525,39.647,1479.244
EQ-005,115,2025-05-29 12:00:00,66.7,2.242,95.428,39.918,1493.595
EQ-005,116,2025-05-29 18:00:00,64.41,2.335,96.312,39.09,1501.632
EQ-005,117,2025-05-30 00:00:00,64.419,1.971,100.202,40.741,1482.542
EQ-005,118,2025-05-30 06:00:00,65.36,1.944,101.25,39.993,1488.623
EQ-005,119,2025-05-30 12:00:00,69.224,2.32,96.348,41.482,1511.887
EQ-005,120,2025-05-30 18:00:00,65.826,1.737,101.982,39.349,1516.645
EQ-005,121,2025-05-31 00:00:00,66.336,1.805,94.743,40.708,1504.154
EQ-005,122,2025-05-31 06:00:00,69.533,2.445,92.011,39.643,1495.724
EQ-005,123,2025-05-31 12:00:00,65.556,2.349,97.375,37.236,1490.679
EQ-005,124,2025-05-31 18:00:00,67.296,2.575,104.119,40.942,1508.088
EQ-005,125,2025-06-01 00:00:00,65.955,2.339,104.567,37.378,1495.254
EQ-005,126,2025-06-01 06:00:00,65.926,2.203,95.215,39.761,1513.802
EQ-005,127,2025-06-01 12:00:00,63.073,2.587,95.445,39.784,1514.59
EQ-005,128,2025-06-01 18:00:00,62.742,2.073,102.283,39.275,1496.63
EQ-005,129,2025-06-02 00:00:00,63.975,2.1,98.678,41.552,1515.56
EQ-005,130,2025-06-02 06:00:00,66.764,2.181,104.099,41.456,1448.918
EQ-005,131,2025-06-02 12:00:00,66.669,2.335,102.234,39.975,1438.017
EQ-005,132,2025-06-02 18:00:00,67.666,2.18,102.749,40.759,1495.407
EQ-005,133,2025-06-03 00:00:00,64.978,1.754,97.534,44.422,1471.816
EQ-005,134,2025-06-03 06:00:00,66.075,2.12,101.331,39.334,1514.88
EQ-005,135,2025-06-03 12:00:00,66.084,2.191,106.049,38.285,1575.62
EQ-005,136,2025-06-03 18:00:00,64.785,2.234,100.427,38.379,1523.986
EQ-005,137,2025-06-04 00:00:00,64.357,2.065,99.865,41.616,1516.585
EQ-005,138,2025-06-04 06:00:00,62.03,2.352,98.693,39.21,1537.82
EQ-005,139,2025-06-04 12:00:00,64.695,1.717,95.194,39.111,1266.589
EQ-005,140,2025-06-04 18:00:00,64.792,2.325,96.703,37.892,1460.265
EQ-005,141,2025-06-05 00:00:00,67.269,2.738,97.325,41.892,1543.463
EQ-005,142,2025-06-05 06:00:00,67.466,2.018,95.067,41.287,1443.091
EQ-005,143,2025-06-05 12:00:00,65.291,2.217,95.37,39.044,1545.918
EQ-005,144,2025-06-05 18:00:00,69.127,2.126,92.655,41.254,1575.871
EQ-005,145,2025-06-06 00:00:00,65.38,2.131,97.652,37.511,1497.323
EQ-005,146,2025-06-06 06:00:00,67.066,1.891,102.026,41.329,1462.975
EQ-005,147,2025-06-06 12:00:00,64.8,2.797,99.05,42.201,1469.817
EQ-005,148,2025-06-06 18:00:00,62.72,2.316,99.064,40.461,1501.944
EQ-005,149,2025-06-07 00:00:00,64.15,1.999,102.3,42.25,1518.664
EQ-005,150,2025-06-07 06:00:00,67.948,1.965,105.067,38.738,1368.578
EQ-005,151,2025-06-07 12:00:00,64.472,2.218,106.82,40.266,1445.548
EQ-005,152,2025-06-07 18:00:00,64.067,1.55,100.434,41.908,1430.533
EQ-005,153,2025-06-08 00:00:00,64.992,2.516,99.155,43.163,1340.37
EQ-005,154,2025-06-08 06:00:00,64.221,2.046,98.761,43.565,1485.823
EQ-005,155,2025-06-08 12:00:00,67.388,2.317,101.774,41.514,1384.149
EQ-005,156,2025-06-08 18:00:00,68.771,2.331,99.531,39.175,1487.977
EQ-005,157,2025-06-09 00:00:00,65.012,2.49,99.542,40.962,1476.058
EQ-005,158,2025-06-09 06:00:00,66.081,2.348,99.741,44.894,1525.926
EQ-005,159,2025-06-09 12:00:00,66.944,2.423,97.174,39.547,1478.373
EQ-005,160,2025-06-09 18:00:00,65.217,2.506,93.003,39.63,1406.508
EQ-005,161,2025-06-10 00:00:00,63.244,2.101,97.992,44.573,1514.049
EQ-005,162,2025-06-10 06:00:00,64.181,2.845,104.372,41.78,1637.459
EQ-005,163,2025-06-10 12:00:00,65.824,2.306,104.231,47.638,1565.017
EQ-005,164,2025-06-10 18:00:00,65.788,2.192,102.819,46.71,1566.27
EQ-005,165,2025-06-11 00:00:00,61.416,1.948,98.519,43.964,1465.66
EQ-005,166,2025-06-11 06:00:00,64.127,2.138,97.628,44.263,1478.259
EQ-005,167,2025-06-11 12:00:00,63.526,2.321,104.874,40.366,1464.469
EQ-005,168,2025-06-11 18:00:00,66.765,2.229,96.751,45.125,1511.03
EQ-005,169,2025-06-12 00:00:00,63.604,2.748,100.118,40.037,1409.408
EQ-005,170,2025-06-12 06:00:00,64.078,2.083,105.068,42.192,1486.793
EQ-005,171,2025-06-12 12:00:00,64.008,2.404,100.372,45.115,1465.555
EQ-005,172,2025-06-12 18:00:00,66.583,1.862,99.12,44.83,1378.799
EQ-005,173,2025-06-13 00:00:00,66.938,2.855,103.48,42.914,1474.861
EQ-005,174,2025-06-13 06:00:00,65.987,1.842,100.216,44.824,1559.318
EQ-005,175,2025-06-13 12:00:00,67.213,2.822,100.589,43.485,1516.51
EQ-005,176,2025-06-13 18:00:00,67.471,2.159,104.544,43.532,1279.675
EQ-005,177,2025-06-14 00:00:00,61.379,1.53,92.365,43.872,1450.5
EQ-005,178,2025-06-14 06:00:00,66.184,2.606,101.077,44.894,1540.115
EQ-005,179,2025-06-14 12:00:00,64.26,2.225,97.701,45.558,1488.773
EQ-005,180,2025-06-14 18:00:00,62.487,2.064,99.378,44.997,1541.945
EQ-005,181,2025-06-15 00:00:00,64.361,2.393,100.339,46.617,1471.713
EQ-005,182,2025-06-15 06:00:00,66.462,2.399,97.974,45.448,1519.829
EQ-005,183,2025-06-15 12:00:00,67.91,2.324,100.686,47.088,1502.292
EQ-005,184,2025-06-15 18:00:00,62.31,2.541,101.156,45.9,1441.5
EQ-005,185,2025-06-16 00:00:00,66.237,2.276,100.61,47.503,1539.731
EQ-005,186,2025-06-16 06:00:00,68.931,2.395,100.334,47.182,1586.752
EQ-005,187,2025-06-16 12:00:00,68.662,2.043,99.647,46.715,1483.705
EQ-005,188,2025-06-16 18:00:00,58.093,2.43,99.706,46.989,1500.333
EQ-005,189,2025-06-17 00:00:00,69.358,2.045,100.238,47.509,1424.355
EQ-005,190,2025-06-17 06:00:00,66.922,1.863,97.173,50.083,1537.432
EQ-005,191,2025-06-17 12:00:00,60.385,2.138,103.81,47.698,1465.813
EQ-005,192,2025-06-17 18:00:00,63.469,2.117,99.727,49.272,1532.282
EQ-005,193,2025-06-18 00:00:00,67.516,2.478,98.79,46.963,1532.862
EQ-005,194,2025-06-18 06:00:00,65.721,1.764,101.188,47.758,1566.752
EQ-005,195,2025-06-18 12:00:00,63.852,2.528,99.656,48.012,1558.235
EQ-005,196,2025-06-18 18:00:00,65.133,2.013,103.728,47.132,1551.438
EQ-005,197,2025-06-19 00:00:00,66.092,1.461,102.684,50.596,1425.796
EQ-005,198,2025-06-19 06:00:00,63.841,1.838,100.279,50.026,1466.886
EQ-005,199,2025-06-19 12:00:00,64.746,2.108,102.817,50.042,1385.963
EQ-005,200,2025-06-19 18:00:00,66.794,2.333,100.706,48.995,1433.698
EQ-005,201,2025-06-20 00:00:00,63.598,2.16,96.538,49.26,1581.639
EQ-005,202,2025-06-20 06:00:00,62.286,1.837,102.67,51.49,1429.567
EQ-005,203,2025-06-20 12:00:00,63.725,1.966,94.299,46.871,1426.841
EQ-005,204,2025-06-20 18:00:00,63.222,1.842,89.449,49.605,1483.37
EQ-005,205,2025-06-21 00:00:00,63.79,2.278,102.094,52.412,1439.944
EQ-005,206,2025-06-21 06:00:00,61.545,2.173,101.331,51.911,1647.483
EQ-005,207,2025-06-21 12:00:00,65.471,2.384,101.13,50.851,1486.103
EQ-005,208,2025-06-21 18:00:00,66.735,1.669,104.169,50.473,1497.761
EQ-005,209,2025-06-22 00:00:00,63.377,2.04,99.926,49.062,1463.605
EQ-005,210,2025-06-22 06:00:00,63.696,2.809,98.865,50.9,1408.89
EQ-005,211,2025-06-22 12:00:00,64.625,2.392,102.39,53.014,1434.309
EQ-005,212,2025-06-22 18:00:00,63.177,2.111,97.859,54.627,1459.922
EQ-005,213,2025-06-23 00:00:00,66.968,1.904,99.286,50.997,1466.107
EQ-005,214,2025-06-23 06:00:00,63.223,2.532,100.758,52.248,1380.592
EQ-005,215,2025-06-23 12:00:00,63.948,2.66,100.998,52.979,1512.388
EQ-005,216,2025-06-23 18:00:00,63.473,1.855,99.001,51.099,1469.805
EQ-005,217,2025-06-24 00:00:00,67.015,1.884,98.529,56.109,1416.254
EQ-005,218,2025-06-24 06:00:00,64.538,2.284,96.64,50.14,1492.328
EQ-005,219,2025-06-24 12:00:00,68.986,2.312,97.638,54.74,1561.053
EQ-005,220,2025-06-24 18:00:00,65.708,2.345,105.457,54.325,1567.716
EQ-005,221,2025-06-25 00:00:00,67.317,2.753,99.203,56.009,1346.558
EQ-005,222,2025-06-25 06:00:00,64.351,1.909,100.568,54.24,1445.61
EQ-005,223,2025-06-25 12:00:00,63.115,2.212,95.526,55.498,1431.429
EQ-005,224,2025-06-25 18:00:00,64.934,2.416,107.69,54.793,1450.283
EQ-005,225,2025-06-26 00:00:00,63.642,2.413,97.416,56.819,1598.647
EQ-005,226,2025-06-26 06:00:00,61.003,2.006,96.475,58.42,1459.868
EQ-005,227,2025-06-26 12:00:00,67.027,2.018,99.816,53.973,1450.909
EQ-005,228,2025-06-26 18:00:00,65.065,2.062,97.323,52.422,1450.987
EQ-005,229,2025-06-27 00:00:00,63.599,2.711,101.095,53.648,1597.588
EQ-005,230,2025-06-27 06:00:00,65.753,1.906,95.465,54.54,1341.691
EQ-005,231,2025-06-27 12:00:00,65.094,2.103,103.411,56.172,1466.972
EQ-005,232,2025-06-27 18:00:00,67.82,2.433,102.82,56.617,1456.554
EQ-005,233,2025-06-28 00:00:00,65.866,1.873,99.644,57.103,1414.362
EQ-005,234,2025-06-28 06:00:00,64.686,2.277,95.033,59.054,1581.943
EQ-005,235,2025-06-28 12:00:00,66.387,1.63,97.563,59.135,1428.393
EQ-005,236,2025-06-28 18:00:00,64.928,2.258,100.188,58.714,1472.632
EQ-005,237,2025-06-29 00:00:00,65.368,2.216,96.368,57.986,1503.616
EQ-005,238,2025-06-29 06:00:00,67.452,2.249,96.857,61.729,1446.161
EQ-005,239,2025-06-29 12:00:00,62.663,1.939,103.148,59.587,1424.923
EQ-006,1,2025-05-01 00:00:00,66.179,2.489,101.564,38.801,1498.127
EQ-006,2,2025-05-01 06:00:00,64.282,1.951,99.0,40.361,1526.586
EQ-006,3,2025-05-01 12:00:00,68.423,2.513,103.513,38.035,1498.452
EQ-006,4,2025-05-01 18:00:00,65.021,2.49,99.592,40.224,1520.742
EQ-006,5,2025-05-02 00:00:00,64.795,2.218,101.805,38.591,1501.672
EQ-006,6,2025-05-02 06:00:00,66.081,2.828,100.835,47.511,1500.687
EQ-006,7,2025-05-02 12:00:00,63.71,2.535,98.789,40.908,1494.684
EQ-006,8,2025-05-02 18:00:00,64.001,2.214,102.499,41.996,1496.084
EQ-006,9,2025-05-03 00:00:00,66.08,2.157,96.348,39.626,1513.346
EQ-006,10,2025-05-03 06:00:00,66.464,2.07,98.339,40.599,1489.041
EQ-006,11,2025-05-03 12:00:00,66.194,2.161,98.758,41.358,1514.396
EQ-006,12,2025-05-03 18:00:00,64.84,2.169,101.145,38.391,1521.613
EQ-006,13,2025-05-04 00:00:00,65.541,2.104,101.892,38.991,1491.123
EQ-006,14,2025-05-04 06:00:00,66.921,2.136,97.554,41.459,1518.12
EQ-006,15,2025-05-04 12:00:00,62.812,1.842,97.132,39.673,1515.724
EQ-006,16,2025-05-04 18:00:00,65.003,2.03,100.236,38.879,1513.038
EQ-006,17,2025-05-05 00:00:00,59.177,1.721,95.387,39.054,1490.459
EQ-006,18,2025-05-05 06:00:00,66.48,2.324,103.024,38.166,1498.209
EQ-006,19,2025-05-05 12:00:00,63.435,2.224,99.329,37.061,1498.188
EQ-006,20,2025-05-05 18:00:00,63.488,2.163,96.491,37.456,1531.36
EQ-006,21,2025-05-06 00:00:00,64.756,2.466,96.432,40.069,1499.849
EQ-006,22,2025-05-06 06:00:00,66.238,1.941,100.939,41.007,1497.251
EQ-006,23,2025-05-06 12:00:00,69.784,1.987,100.858,43.778,1482.781
EQ-006,24,2025-05-06 18:00:00,61.894,1.756,97.695,39.938,1485.422
EQ-006,25,2025-05-07 00:00:00,63.301,2.507,99.658,38.08,1489.738
EQ-006,26,2025-05-07 06:00:00,65.457,2.382,96.612,39.957,1505.42
EQ-006,27,2025-05-07 12:00:00,63.547,2.599,99.225,41.054,1478.639
EQ-006,28,2025-05-07 18:00:00,66.672,2.675,104.427,41.545,1490.012
EQ-006,29,2025-05-08 00:00:00,64.664,2.073,106.392,41.4,1472.085
EQ-006,30,2025-05-08 06:00:00,66.771,1.987,99.365,40.859,1521.029
EQ-006,31,2025-05-08 12:00:00,64.503,1.661,101.296,40.143,1501.596
EQ-006,32,2025-05-08 18:00:00,66.09,1.871,101.177,41.105,1504.656
EQ-006,33,2025-05-09 00:00:00,63.086,2.103,94.837,38.223,1483.65
EQ-006,34,2025-05-09 06:00:00,68.875,1.582,96.55,36.988,1517.419
EQ-006,35,2025-05-09 12:00:00,61.601,1.877,93.053,43.14,1522.546
EQ-006,36,2025-05-09 18:00:00,63.584,2.175,101.347,39.929,1501.004
EQ-006,37,2025-05-10 00:00:00,62.159,2.468,105.836,40.801,1492.813
EQ-006,38,2025-05-10 06:00:00,66.601,1.985,103.198,35.797,1508.284
EQ-006,39,2025-05-10 12:00:00,66.079,2.238,100.133,42.317,1511.022
EQ-006,40,2025-05-10 18:00:00,62.564,2.759,99.711,41.734,1513.055
EQ-006,41,2025-05-11 00:00:00,66.994,1.658,98.943,37.652,1509.958
EQ-006,42,2025-05-11 06:00:00,63.603,2.526,103.179,39.524,1514.46
EQ-006,43,2025-05-11 12:00:00,65.775,2.314,100.647,40.399,1489.61
EQ-006,44,2025-05-11 18:00:00,66.244,2.58,100.187,38.104,1513.679
EQ-006,45,2025-05-12 00:00:00,64.51,2.49,96.69,40.733,1493.193
EQ-006,46,2025-05-12 06:00:00,66.82,2.001,101.803,41.568,1462.351
EQ-006,47,2025-05-12 12:00:00,64.712,2.201,99.55,40.486,1493.055
EQ-006,48,2025-05-12 18:00:00,65.677,1.762,101.191,37.651,1491.691
EQ-006,49,2025-05-13 00:00:00,64.452,2.043,102.997,38.445,1503.616
EQ-006,50,2025-05-13 06:00:00,61.264,2.209,95.095,39.814,1512.57
EQ-006,51,2025-05-13 12:00:00,64.753,2.291,99.113,39.626,1502.892
EQ-006,52,2025-05-13 18:00:00,63.253,2.437,98.678,39.656,1530.13
EQ-006,53,2025-05-14 00:00:00,67.785,2.675,98.414,39.603,1492.124
EQ-006,54,2025-05-14 06:00:00,62.272,2.069,96.649,37.294,1470.184
EQ-006,55,2025-05-14 12:00:00,67.45,2.543,97.817,41.208,1504.17
EQ-006,56,2025-05-14 18:00:00,64.642,2.28,96.705,40.941,1491.827
EQ-006,57,2025-05-15 00:00:00,65.812,1.808,102.475,40.784,1483.715
EQ-006,58,2025-05-15 06:00:00,62.24,2.155,101.132,40.645,1495.537
EQ-006,59,2025-05-15 12:00:00,64.382,2.235,100.924,39.574,1488.249
EQ-006,60,2025-05-15 18:00:00,63.671,1.949,94.219,39.089,1489.728
EQ-006,61,2025-05-16 00:00:00,69.206,1.888,105.847,38.474,1522.838
EQ-006,62,2025-05-16 06:00:00,63.621,1.878,98.774,42.314,1501.865
EQ-006,63,2025-05-16 12:00:00,67.307,2.037,105.234,39.969,1496.02
EQ-006,64,2025-05-16 18:00:00,67.335,1.941,102.247,37.509,1523.964
EQ-006,65,2025-05-17 00:00:00,67.279,2.569,99.305,39.956,1495.568
EQ-006,66,2025-05-17 06:00:00,63.812,1.465,106.13,36.874,1481.548
EQ-006,67,2025-05-17 12:00:00,68.61,2.233,101.702,40.372,1480.103
EQ-006,68,2025-05-17 18:00:00,69.024,2.358,99.315,40.214,1498.8
EQ-006,69,2025-05-18 00:00:00,65.734,1.911,98.827,39.187,1475.366
EQ-006,70,2025-05-18 06:00:00,64.069,2.13,103.096,38.591,1482.413
EQ-006,71,2025-05-18 12:00:00,63.279,2.097,98.39,40.844,1494.281
EQ-006,72,2025-05-18 18:00:00,65.944,2.177,98.864,39.875,1516.979
EQ-006,73,2025-05-19 00:00:00,65.13,2.399,98.209,37.087,1519.377
EQ-006,74,2025-05-19 06:00:00,65.365,2.372,97.733,41.806,1509.895
EQ-006,75,2025-05-19 12:00:00,62.304,2.02,97.917,38.59,1499.942
EQ-006,76,2025-05-19 18:00:00,65.066,1.749,105.317,38.023,1491.444
EQ-006,77,2025-05-20 00:00:00,67.288,2.25,103.023,42.038,1505.825
EQ-006,78,2025-05-20 06:00:00,66.63,2.003,100.706,41.589,1526.729
EQ-006,79,2025-05-20 12:00:00,64.172,2.042,98.358,39.369,1502.121
EQ-006,80,2025-05-20 18:00:00,64.782,2.267,98.346,38.121,1493.07
EQ-006,81,2025-05-21 00:00:00,62.063,2.069,98.9,38.635,1497.635
EQ-006,82,2025-05-21 06:00:00,63.669,2.292,105.367,39.344,1496.0
EQ-006,83,2025-05-21 12:00:00,64.32,2.954,100.873,41.824,1508.231
EQ-006,84,2025-05-21 18:00:00,66.267,2.406,102.243,41.942,1488.545
EQ-006,85,2025-05-22 00:00:00,63.587,2.603,100.6,40.249,1506.093
EQ-006,86,2025-05-22 06:00:00,62.928,2.353,97.343,40.975,1508.522
EQ-006,87,2025-05-22 12:00:00,66.515,2.223,100.308,39.686,1505.161
EQ-006,88,2025-05-22 18:00:00,64.155,2.358,96.773,38.691,1483.706
EQ-006,89,2025-05-23 00:00:00,63.322,2.343,103.586,37.749,1497.758
EQ-006,90,2025-05-23 06:00:00,66.625,2.459,97.754,40.484,1492.098
EQ-006,91,2025-05-23 12:00:00,65.918,2.218,98.284,41.351,1498.892
EQ-006,92,2025-05-23 18:00:00,64.585,1.808,102.44,39.234,1490.001
EQ-006,93,2025-05-24 00:00:00,64.297,1.76,97.905,41.781,1518.65
EQ-006,94,2025-05-24 06:00:00,65.759,2.338,99.343,39.423,1502.803
EQ-006,95,2025-05-24 12:00:00,66.078,1.862,92.087,40.126,1475.728
EQ-006,96,2025-05-24 18:00:00,65.418,2.406,99.032,39.668,1480.054
EQ-006,97,2025-05-25 00:00:00,65.241,2.602,101.783,41.855,1518.071
EQ-006,98,2025-05-25 06:00:00,63.787,2.134,98.121,40.739,1497.299
EQ-006,99,2025-05-25 12:00:00,63.907,2.563,101.678,39.912,1494.153
EQ-006,100,2025-05-25 18:00:00,64.656,2.278,99.952,40.115,1516.928
EQ-006,101,2025-05-26 00:00:00,63.078,2.208,103.264,38.217,1497.727
EQ-006,102,2025-05-26 06:00:00,62.844,2.222,97.795,36.65,1482.073
EQ-006,103,2025-05-26 12:00:00,64.821,1.951,99.275,39.203,1483.085
EQ-006,104,2025-05-26 18:00:00,66.979,1.912,95.591,39.709,1509.413
EQ-006,105,2025-05-27 00:00:00,60.854,1.707,99.724,40.797,1530.442
EQ-006,106,2025-05-27 06:00:00,64.217,1.98,98.735,39.755,1512.593
EQ-006,107,2025-05-27 12:00:00,65.545,2.842,102.88,39.296,1494.272
EQ-006,108,2025-05-27 18:00:00,67.145,1.752,98.126,35.579,1496.599
EQ-006,109,2025-05-28 00:00:00,68.6,1.847,98.729,40.791,1500.727
EQ-006,110,2025-05-28 06:00:00,64.484,1.958,97.974,40.317,1469.7
EQ-006,111,2025-05-28 12:00:00,68.945,1.972,100.081,41.221,1500.352
EQ-006,112,2025-05-28 18:00:00,65.911,2.281,105.966,40.041,1508.761
EQ-006,113,2025-05-29 00:00:00,66.628,2.016,89.507,41.72,1526.594
EQ-006,114,2025-05-29 06:00:00,62.869,2.14,99.857,39.174,1516.361
EQ-006,115,2025-05-29 12:00:00,65.907,1.945,103.523,39.939,1528.949
EQ-006,116,2025-05-29 18:00:00,66.801,2.057,98.456,40.361,1525.209
EQ-006,117,2025-05-30 00:00:00,63.621,2.182,101.581,40.99,1520.92
EQ-006,118,2025-05-30 06:00:00,59.789,2.16,103.532,40.625,1500.393
EQ-006,119,2025-05-30 12:00:00,65.298,2.794,99.171,40.716,1505.173
EQ-006,120,2025-05-30 18:00:00,64.57,2.192,98.042,40.403,1474.947
EQ-006,121,2025-05-31 00:00:00,67.689,2.137,102.806,39.711,1501.955
EQ-006,122,2025-05-31 06:00:00,63.923,1.451,101.486,41.352,1508.492
EQ-006,123,2025-05-31 12:00:00,63.59,2.272,99.813,37.489,1495.75
EQ-006,124,2025-05-31 18:00:00,62.657,1.607,101.834,39.056,1476.875
EQ-006,125,2025-06-01 00:00:00,63.74,2.366,102.881,42.388,1523.742
EQ-006,126,2025-06-01 06:00:00,70.334,2.243,99.841,38.991,1506.091
EQ-006,127,2025-06-01 12:00:00,61.827,2.439,100.916,39.883,1525.809
EQ-006,128,2025-06-01 18:00:00,62.329,2.01,101.567,42.082,1511.133
EQ-006,129,2025-06-02 00:00:00,64.891,2.208,98.614,39.811,1520.527
EQ-006,130,2025-06-02 06:00:00,68.949,2.403,103.564,38.749,1517.446
EQ-006,131,2025-06-02 12:00:00,66.483,1.921,96.907,41.798,1489.809
EQ-006,132,2025-06-02 18:00:00,68.105,2.383,99.606,39.566,1492.365
EQ-006,133,2025-06-03 00:00:00,64.23,2.369,102.303,39.668,1493.574
EQ-006,134,2025-06-03 06:00:00,62.22,2.16,96.831,37.029,1485.505
EQ-006,135,2025-06-03 12:00:00,64.102,2.674,102.614,39.809,1526.477
EQ-006,136,2025-06-03 18:00:00,64.751,2.355,100.571,41.024,1500.634
EQ-006,137,2025-06-04 00:00:00,65.022,1.698,103.976,39.354,1487.444
EQ-006,138,2025-06-04 06:00:00,64.572,2.497,101.838,38.078,1500.189
EQ-006,139,2025-06-04 12:00:00,66.181,2.003,99.512,39.279,1470.09
EQ-006,140,2025-06-04 18:00:00,63.576,2.439,100.695,39.077,1508.782
EQ-006,141,2025-06-05 00:00:00,63.146,2.289,100.803,39.62,1502.329
EQ-006,142,2025-06-05 06:00:00,62.591,1.407,106.07,39.224,1515.01
EQ-006,143,2025-06-05 12:00:00,65.41,2.439,100.254,42.497,1492.079
EQ-006,144,2025-06-05 18:00:00,65.212,2.134,99.586,40.454,1500.782
EQ-006,145,2025-06-06 00:00:00,67.183,2.062,99.414,37.39,1501.835
EQ-006,146,2025-06-06 06:00:00,68.094,2.073,100.567,40.107,1533.379
EQ-006,147,2025-06-06 12:00:00,62.585,2.437,96.597,39.94,1504.627
EQ-006,148,2025-06-06 18:00:00,65.047,1.924,98.852,41.792,1500.658
EQ-006,149,2025-06-07 00:00:00,64.589,2.534,96.964,39.766,1504.274
EQ-006,150,2025-06-07 06:00:00,61.927,1.744,97.356,39.723,1532.27
EQ-006,151,2025-06-07 12:00:00,63.944,2.289,102.412,42.794,1493.908
EQ-006,152,2025-06-07 18:00:00,68.133,2.432,100.079,38.397,1488.517
EQ-006,153,2025-06-08 00:00:00,63.735,2.424,97.774,41.197,1473.546
EQ-006,154,2025-06-08 06:00:00,63.402,2.255,99.549,40.096,1504.654
EQ-006,155,2025-06-08 12:00:00,64.896,2.138,99.262,39.249,1503.375
EQ-006,156,2025-06-08 18:00:00,66.823,2.035,100.158,39.028,1480.317
EQ-006,157,2025-06-09 00:00:00,64.391,1.833,95.479,42.038,1455.552
EQ-006,158,2025-06-09 06:00:00,65.255,1.994,96.726,40.698,1540.456
EQ-006,159,2025-06-09 12:00:00,60.431,1.912,95.676,40.902,1421.297
EQ-006,160,2025-06-09 18:00:00,66.145,1.862,97.301,41.335,1528.574
EQ-006,161,2025-06-10 00:00:00,65.442,3.262,97.832,40.513,1511.955
EQ-006,162,2025-06-10 06:00:00,66.769,1.684,96.896,38.409,1504.895
EQ-006,163,2025-06-10 12:00:00,61.265,2.538,102.293,37.642,1499.557
EQ-006,164,2025-06-10 18:00:00,64.395,1.829,105.52,42.309,1493.03
EQ-006,165,2025-06-11 00:00:00,66.928,1.893,102.477,40.312,1512.184
EQ-006,166,2025-06-11 06:00:00,63.886,1.888,98.304,40.119,1468.9
EQ-006,167,2025-06-11 12:00:00,65.102,1.867,100.631,42.707,1430.261
EQ-006,168,2025-06-11 18:00:00,64.181,2.477,99.801,38.403,1530.946
EQ-006,169,2025-06-12 00:00:00,64.23,2.377,98.174,36.215,1519.433
EQ-006,170,2025-06-12 06:00:00,67.334,2.13,103.974,37.283,1514.95
EQ-006,171,2025-06-12 12:00:00,62.153,3.012,106.022,39.204,1499.336
EQ-006,172,2025-06-12 18:00:00,64.899,2.195,95.59,40.176,1537.596
EQ-006,173,2025-06-13 00:00:00,65.504,2.218,104.321,42.087,1496.841
EQ-006,174,2025-06-13 06:00:00,66.876,1.994,98.227,41.265,1478.591
EQ-006,175,2025-06-13 12:00:00,64.756,1.959,99.213,36.157,1525.923
EQ-006,176,2025-06-13 18:00:00,66.938,2.04,100.848,44.201,1492.383
EQ-006,177,2025-06-14 00:00:00,64.891,2.456,104.643,39.384,1454.823
EQ-006,178,2025-06-14 06:00:00,65.239,2.371,100.844,41.842,1513.909
EQ-006,179,2025-06-14 12:00:00,65.163,3.719,101.237,40.819,1517.559
EQ-006,180,2025-06-14 18:00:00,66.311,1.985,102.56,40.008,1471.257
EQ-006,181,2025-06-15 00:00:00,66.083,2.377,103.033,39.644,1519.633
EQ-006,182,2025-06-15 06:00:00,62.774,2.292,101.533,38.331,1491.454
EQ-006,183,2025-06-15 12:00:00,65.434,2.33,103.052,38.068,1489.49
EQ-006,184,2025-06-15 18:00:00,66.081,1.941,98.206,39.751,1511.368
EQ-006,185,2025-06-16 00:00:00,67.923,1.888,94.797,37.918,1502.595
EQ-006,186,2025-06-16 06:00:00,62.983,2.362,105.475,42.472,1510.935
EQ-006,187,2025-06-16 12:00:00,66.077,2.462,96.887,40.145,1463.034
EQ-006,188,2025-06-16 18:00:00,64.304,2.015,98.398,43.139,1507.141
EQ-006,189,2025-06-17 00:00:00,65.384,2.383,99.005,39.347,1503.034
EQ-006,190,2025-06-17 06:00:00,62.853,2.56,98.488,39.114,1509.795
EQ-006,191,2025-06-17 12:00:00,64.973,3.705,97.822,40.886,1540.171
EQ-006,192,2025-06-17 18:00:00,65.638,1.768,101.391,39.611,1481.585
EQ-006,193,2025-06-18 00:00:00,63.06,1.806,101.423,41.46,1493.387
EQ-006,194,2025-06-18 06:00:00,67.898,1.997,101.86,42.157,1519.106
EQ-006,195,2025-06-18 12:00:00,61.912,2.066,101.672,41.649,1531.641
EQ-006,196,2025-06-18 18:00:00,66.075,3.787,98.75,42.047,1524.563
EQ-006,197,2025-06-19 00:00:00,60.143,2.195,98.745,41.226,1542.967
EQ-006,198,2025-06-19 06:00:00,64.49,2.118,103.358,39.176,1508.932
EQ-006,199,2025-06-19 12:00:00,65.959,2.404,98.436,41.71,1497.662
EQ-006,200,2025-06-19 18:00:00,66.425,1.972,98.376,41.046,1562.846
EQ-006,201,2025-06-20 00:00:00,64.789,2.579,102.788,39.073,1510.223
EQ-006,202,2025-06-20 06:00:00,64.517,2.482,99.944,39.264,1509.491
EQ-006,203,2025-06-20 12:00:00,66.135,2.46,98.485,39.862,1491.916
EQ-006,204,2025-06-20 18:00:00,66.901,2.002,98.513,41.667,1495.302
EQ-006,205,2025-06-21 00:00:00,67.759,2.165,103.372,40.175,1513.685
EQ-006,206,2025-06-21 06:00:00,62.418,2.417,101.758,39.992,1465.396
EQ-006,207,2025-06-21 12:00:00,64.599,2.14,100.71,39.761,1511.676
EQ-006,208,2025-06-21 18:00:00,60.613,1.99,96.501,39.47,1526.913
EQ-006,209,2025-06-22 00:00:00,62.265,4.588,100.722,38.254,1521.151
EQ-006,210,2025-06-22 06:00:00,63.592,1.993,99.362,41.193,1454.972
EQ-006,211,2025-06-22 12:00:00,66.73,1.852,97.263,38.474,1461.993
EQ-006,212,2025-06-22 18:00:00,64.038,3.061,98.195,40.101,1475.645
EQ-006,213,2025-06-23 00:00:00,64.422,1.614,102.088,39.387,1508.24
EQ-006,214,2025-06-23 06:00:00,65.6,1.906,103.727,41.15,1502.292
EQ-006,215,2025-06-23 12:00:00,63.659,2.379,96.828,39.487,1498.1
EQ-006,216,2025-06-23 18:00:00,61.011,1.996,97.206,38.491,1483.642
EQ-006,217,2025-06-24 00:00:00,63.508,2.094,102.082,41.484,1486.019
EQ-006,218,2025-06-24 06:00:00,64.759,6.735,98.772,38.761,1505.061
EQ-006,219,2025-06-24 12:00:00,65.937,2.51,101.658,40.232,1486.291
EQ-006,220,2025-06-24 18:00:00,64.587,2.118,98.732,41.911,1484.115
EQ-006,221,2025-06-25 00:00:00,65.904,2.477,101.731,38.905,1500.359
EQ-006,222,2025-06-25 06:00:00,66.849,1.691,95.879,39.845,1469.535
EQ-006,223,2025-06-25 12:00:00,67.241,2.018,101.648,39.353,1511.093
EQ-006,224,2025-06-25 18:00:00,65.345,2.348,93.702,40.197,1509.747
EQ-006,225,2025-06-26 00:00:00,62.726,2.792,102.776,39.897,1502.177
EQ-006,226,2025-06-26 06:00:00,62.51,1.91,99.898,41.381,1496.253
EQ-006,227,2025-06-26 12:00:00,62.696,5.196,101.324,39.069,1517.791
EQ-006,228,2025-06-26 18:00:00,62.85,2.302,100.711,41.911,1496.314
EQ-006,229,2025-06-27 00:00:00,65.199,5.381,94.882,42.407,1515.84
EQ-006,230,2025-06-27 06:00:00,68.775,6.943,104.1,40.385,1527.362
EQ-006,231,2025-06-27 12:00:00,65.424,1.835,101.003,38.815,1488.371
EQ-006,232,2025-06-27 18:00:00,64.832,5.713,102.269,39.938,1522.952
EQ-007,1,2025-05-01 00:00:00,65.18,1.76,103.222,40.517,1486.892
EQ-007,2,2025-05-01 06:00:00,63.372,2.227,105.527,41.556,1481.048
EQ-007,3,2025-05-01 12:00:00,67.993,2.153,94.298,40.348,1476.532
EQ-007,4,2025-05-01 18:00:00,64.542,2.908,90.525,43.694,1509.587
EQ-007,5,2025-05-02 00:00:00,63.916,2.038,101.917,38.985,1518.979
EQ-007,6,2025-05-02 06:00:00,67.24,2.515,98.202,41.111,1502.491
EQ-007,7,2025-05-02 12:00:00,66.464,2.503,95.71,38.336,1512.867
EQ-007,8,2025-05-02 18:00:00,64.333,2.142,100.323,42.416,1506.673
EQ-007,9,2025-05-03 00:00:00,63.018,2.236,98.652,42.039,1488.437
EQ-007,10,2025-05-03 06:00:00,62.748,2.2,96.171,41.067,1515.142
EQ-007,11,2025-05-03 12:00:00,67.55,1.977,99.752,37.395,1514.184
EQ-007,12,2025-05-03 18:00:00,65.838,1.951,101.7,41.053,1485.143
EQ-007,13,2025-05-04 00:00:00,65.347,2.077,100.525,38.771,1512.107
EQ-007,14,2025-05-04 06:00:00,65.984,1.858,100.548,40.68,1497.786
EQ-007,15,2025-05-04 12:00:00,61.103,2.05,101.33,37.818,1496.087
EQ-007,16,2025-05-04 18:00:00,64.351,2.141,94.926,40.405,1505.859
EQ-007,17,2025-05-05 00:00:00,64.404,2.249,99.846,39.47,1505.396
EQ-007,18,2025-05-05 06:00:00,66.963,2.333,100.72,38.833,1513.33
EQ-007,19,2025-05-05 12:00:00,62.062,2.141,98.866,40.889,1487.26
EQ-007,20,2025-05-05 18:00:00,67.107,1.969,97.512,39.923,1508.484
EQ-007,21,2025-05-06 00:00:00,68.589,2.328,97.761,39.693,1482.6
EQ-007,22,2025-05-06 06:00:00,61.562,2.437,99.12,41.106,1497.319
EQ-007,23,2025-05-06 12:00:00,65.033,2.054,102.743,42.856,1498.319
EQ-007,24,2025-05-06 18:00:00,65.999,1.905,104.582,40.414,1514.551
EQ-007,25,2025-05-07 00:00:00,66.746,2.066,103.97,37.291,1500.139
EQ-007,26,2025-05-07 06:00:00,60.671,2.146,95.318,37.663,1496.072
EQ-007,27,2025-05-07 12:00:00,65.675,2.544,97.182,40.103,1521.389
EQ-007,28,2025-05-07 18:00:00,64.563,2.408,101.972,41.54,1493.565
EQ-007,29,2025-05-08 00:00:00,64.433,2.199,103.902,40.202,1492.933
EQ-007,30,2025-05-08 06:00:00,69.138,2.77,97.1,40.767,1471.853
EQ-007,31,2025-05-08 12:00:00,64.569,2.19,100.55,39.912,1496.747
EQ-007,32,2025-05-08 18:00:00,65.9,2.624,96.604,41.443,1485.905
EQ-007,33,2025-05-09 00:00:00,64.759,2.566,100.829,40.925,1496.239
EQ-007,34,2025-05-09 06:00:00,65.482,2.545,98.07,38.471,1503.599
EQ-007,35,2025-05-09 12:00:00,66.105,2.296,100.549,40.672,1483.723
EQ-007,36,2025-05-09 18:00:00,66.787,2.235,96.365,37.686,1487.655
EQ-007,37,2025-05-10 00:00:00,63.446,2.202,95.098,40.672,1476.008
EQ-007,38,2025-05-10 06:00:00,65.305,2.455,109.295,39.576,1492.353
EQ-007,39,2025-05-10 12:00:00,65.376,1.963,100.208,40.241,1485.833
EQ-007,40,2025-05-10 18:00:00,61.704,2.121,106.404,40.486,1532.163
EQ-007,41,2025-05-11 00:00:00,63.093,2.7,104.527,40.422,1522.561
EQ-007,42,2025-05-11 06:00:00,66.782,2.387,95.093,42.126,1520.128
EQ-007,43,2025-05-11 12:00:00,64.077,2.486,101.085,40.051,1480.578
EQ-007,44,2025-05-11 18:00:00,70.224,1.834,96.117,40.283,1497.34
EQ-007,45,2025-05-12 00:00:00,66.926,2.07,99.111,41.995,1481.952
EQ-007,46,2025-05-12 06:00:00,65.904,2.3,94.345,42.845,1527.642
EQ-007,47,2025-05-12 12:00:00,68.021,2.188,95.277,39.973,1512.466
EQ-007,48,2025-05-12 18:00:00,66.545,1.832,97.436,39.232,1484.211
EQ-007,49,2025-05-13 00:00:00,65.368,2.428,98.363,39.306,1505.542
EQ-007,50,2025-05-13 06:00:00,62.172,2.523,100.116,40.676,1477.762
EQ-007,51,2025-05-13 12:00:00,66.331,2.114,96.891,39.695,1497.953
EQ-007,52,2025-05-13 18:00:00,67.793,2.439,100.448,37.376,1497.367
EQ-007,53,2025-05-14 00:00:00,63.814,2.809,103.407,41.685,1511.095
EQ-007,54,2025-05-14 06:00:00,61.348,2.658,100.822,41.223,1514.818
EQ-007,55,2025-05-14 12:00:00,62.861,2.128,99.798,41.72,1500.305
EQ-007,56,2025-05-14 18:00:00,68.518,1.869,101.025,42.016,1496.64
EQ-007,57,2025-05-15 00:00:00,65.16,2.269,95.695,40.286,1451.471
EQ-007,58,2025-05-15 06:00:00,67.92,2.904,102.856,40.391,1523.432
EQ-007,59,2025-05-15 12:00:00,65.038,2.601,96.407,41.51,1490.136
EQ-007,60,2025-05-15 18:00:00,64.007,2.198,104.656,38.177,1501.532
EQ-007,61,2025-05-16 00:00:00,69.269,2.669,102.312,39.471,1533.886
EQ-007,62,2025-05-16 06:00:00,64.257,2.551,101.67,39.911,1482.089
EQ-007,63,2025-05-16 12:00:00,64.502,1.63,101.8,41.383,1500.319
EQ-007,64,2025-05-16 18:00:00,65.921,2.518,99.994,39.192,1507.453
EQ-007,65,2025-05-17 00:00:00,64.42,2.236,97.641,38.932,1516.387
EQ-007,66,2025-05-17 06:00:00,66.556,1.94,97.175,39.354,1500.018
EQ-007,67,2025-05-17 12:00:00,65.892,2.227,105.254,40.704,1517.634
EQ-007,68,2025-05-17 18:00:00,65.971,2.324,100.31,39.898,1493.765
EQ-007,69,2025-05-18 00:00:00,63.767,1.962,96.655,37.824,1508.153
EQ-007,70,2025-05-18 06:00:00,61.675,2.164,101.55,38.12,1506.209
EQ-007,71,2025-05-18 12:00:00,63.336,2.101,101.029,40.205,1498.633
EQ-007,72,2025-05-18 18:00:00,63.512,2.439,99.012,40.255,1504.853
EQ-007,73,2025-05-19 00:00:00,65.585,2.11,97.306,40.041,1486.882
EQ-007,74,2025-05-19 06:00:00,63.37,1.69,102.207,39.294,1495.52
EQ-007,75,2025-05-19 12:00:00,62.069,2.066,102.838,41.181,1480.697
EQ-007,76,2025-05-19 18:00:00,62.707,1.916,100.967,40.553,1493.377
EQ-007,77,2025-05-20 00:00:00,65.775,1.812,100.215,40.502,1517.073
EQ-007,78,2025-05-20 06:00:00,66.375,2.554,97.653,40.556,1506.306
EQ-007,79,2025-05-20 12:00:00,63.987,2.441,101.44,42.396,1504.619
EQ-007,80,2025-05-20 18:00:00,64.2,1.91,98.096,38.464,1476.017
EQ-007,81,2025-05-21 00:00:00,66.228,1.819,96.183,39.368,1504.801
EQ-007,82,2025-05-21 06:00:00,65.331,2.169,103.377,39.495,1499.058
EQ-007,83,2025-05-21 12:00:00,67.372,1.803,96.91,41.886,1508.061
EQ-007,84,2025-05-21 18:00:00,64.685,2.127,94.309,39.439,1520.748
EQ-007,85,2025-05-22 00:00:00,63.337,2.221,103.927,38.811,1493.866
EQ-007,86,2025-05-22 06:00:00,67.173,2.291,94.767,39.841,1495.266
EQ-007,87,2025-05-22 12:00:00,64.377,2.302,98.831,40.157,1513.772
EQ-007,88,2025-05-22 18:00:00,63.422,1.966,96.713,41.795,1490.949
EQ-007,89,2025-05-23 00:00:00,66.786,2.221,97.829,39.43,1501.311
EQ-007,90,2025-05-23 06:00:00,67.898,2.584,106.672,38.969,1470.051
EQ-007,91,2025-05-23 12:00:00,65.366,1.571,99.695,38.635,1495.379
EQ-007,92,2025-05-23 18:00:00,62.991,2.298,101.08,39.484,1519.575
EQ-007,93,2025-05-24 00:00:00,68.07,1.847,102.371,43.845,1505.032
EQ-007,94,2025-05-24 06:00:00,65.753,2.621,98.06,40.574,1513.491
EQ-007,95,2025-05-24 12:00:00,65.439,2.445,103.225,40.897,1514.345
EQ-007,96,2025-05-24 18:00:00,64.192,2.436,101.128,40.0,1520.239
EQ-007,97,2025-05-25 00:00:00,67.26,1.944,102.261,40.206,1494.792
EQ-007,98,2025-05-25 06:00:00,62.783,2.279,97.826,41.18,1514.134
EQ-007,99,2025-05-25 12:00:00,62.593,2.313,101.332,40.844,1533.714
EQ-007,100,2025-05-25 18:00:00,68.789,1.489,99.973,40.524,1499.605
EQ-007,101,2025-05-26 00:00:00,63.275,2.244,103.389,40.024,1480.205
EQ-007,102,2025-05-26 06:00:00,66.919,2.384,98.379,39.472,1491.076
EQ-007,103,2025-05-26 12:00:00,67.757,1.776,106.097,40.637,1507.025
EQ-007,104,2025-05-26 18:00:00,65.42,2.381,101.016,40.125,1475.074
EQ-007,105,2025-05-27 00:00:00,63.238,2.23,99.624,43.199,1488.569
EQ-007,106,2025-05-27 06:00:00,66.26,2.614,99.273,41.576,1495.053
EQ-007,107,2025-05-27 12:00:00,67.784,2.076,99.979,38.989,1501.648
EQ-007,108,2025-05-27 18:00:00,65.685,2.253,98.114,38.246,1526.948
EQ-007,109,2025-05-28 00:00:00,63.507,2.302,102.0,39.403,1510.317
EQ-007,110,2025-05-28 06:00:00,65.612,1.358,99.964,38.375,1483.292
EQ-007,111,2025-05-28 12:00:00,62.231,2.094,105.831,39.313,1558.014
EQ-007,112,2025-05-28 18:00:00,63.053,2.226,98.7,38.546,1499.752
EQ-007,113,2025-05-29 00:00:00,64.483,1.493,99.638,39.509,1474.794
EQ-007,114,2025-05-29 06:00:00,65.123,2.402,98.697,39.527,1484.424
EQ-007,115,2025-05-29 12:00:00,62.596,2.226,105.607,40.221,1484.513
EQ-007,116,2025-05-29 18:00:00,65.499,2.224,95.663,39.69,1479.78
EQ-007,117,2025-05-30 00:00:00,66.043,2.416,100.281,38.647,1507.694
EQ-007,118,2025-05-30 06:00:00,64.571,2.077,100.939,41.822,1459.996
EQ-007,119,2025-05-30 12:00:00,60.684,2.213,96.616,40.604,1514.734
EQ-007,120,2025-05-30 18:00:00,65.209,2.46,107.93,39.183,1512.216
EQ-007,121,2025-05-31 00:00:00,68.63,2.217,97.208,38.671,1493.153
EQ-007,122,2025-05-31 06:00:00,65.915,1.647,100.101,37.799,1513.736
EQ-007,123,2025-05-31 12:00:00,65.031,2.215,105.052,37.689,1483.609
EQ-007,124,2025-05-31 18:00:00,64.255,2.219,98.875,41.571,1487.365
EQ-007,125,2025-06-01 00:00:00,66.154,2.47,100.431,41.412,1508.243
EQ-007,126,2025-06-01 06:00:00,65.417,2.097,98.966,39.124,1496.857
EQ-007,127,2025-06-01 12:00:00,66.415,1.907,99.84,42.049,1490.623
EQ-007,128,2025-06-01 18:00:00,62.807,1.908,103.244,40.925,1498.297
EQ-007,129,2025-06-02 00:00:00,65.243,2.633,98.735,40.305,1519.781
EQ-007,130,2025-06-02 06:00:00,64.078,2.287,92.037,41.293,1519.2
EQ-007,131,2025-06-02 12:00:00,65.743,2.617,99.901,40.928,1506.392
EQ-007,132,2025-06-02 18:00:00,61.109,2.661,100.189,40.231,1494.669
EQ-007,133,2025-06-03 00:00:00,64.215,1.977,100.586,39.64,1507.821
EQ-007,134,2025-06-03 06:00:00,66.085,1.954,99.45,39.839,1487.063
EQ-007,135,2025-06-03 12:00:00,66.407,2.162,97.412,37.588,1517.534
EQ-007,136,2025-06-03 18:00:00,64.939,2.384,99.265,38.799,1514.256
EQ-007,137,2025-06-04 00:00:00,60.679,1.78,105.296,42.7,1528.974
EQ-007,138,2025-06-04 06:00:00,66.283,2.336,99.874,38.759,1487.967
EQ-007,139,2025-06-04 12:00:00,68.168,2.321,101.959,37.224,1486.106
EQ-007,140,2025-06-04 18:00:00,63.322,1.862,96.899,41.356,1508.27
EQ-007,141,2025-06-05 00:00:00,64.148,1.873,99.126,40.373,1495.894
EQ-007,142,2025-06-05 06:00:00,66.613,2.333,96.998,40.457,1514.99
EQ-007,143,2025-06-05 12:00:00,66.666,2.822,103.881,39.764,1519.766
EQ-007,144,2025-06-05 18:00:00,67.194,2.112,95.333,41.366,1525.542
EQ-007,145,2025-06-06 00:00:00,67.029,2.299,101.117,42.295,1500.876
EQ-007,146,2025-06-06 06:00:00,61.936,2.018,101.022,39.218,1513.206
EQ-007,147,2025-06-06 12:00:00,64.041,2.271,100.828,40.949,1492.246
EQ-007,148,2025-06-06 18:00:00,66.253,2.012,92.965,41.678,1503.258
EQ-007,149,2025-06-07 00:00:00,64.828,2.122,93.931,39.133,1499.198
EQ-007,150,2025-06-07 06:00:00,65.732,2.935,100.351,42.264,1498.398
EQ-007,151,2025-06-07 12:00:00,64.739,2.232,97.231,41.673,1527.359
EQ-007,152,2025-06-07 18:00:00,64.128,1.731,98.071,38.137,1479.869
EQ-007,153,2025-06-08 00:00:00,64.516,2.393,98.726,42.392,1499.925
EQ-007,154,2025-06-08 06:00:00,62.756,2.539,96.841,38.216,1500.807
EQ-007,155,2025-06-08 12:00:00,63.553,2.403,96.324,38.969,1509.65
EQ-007,156,2025-06-08 18:00:00,64.866,2.147,100.0,41.025,1483.542
EQ-007,157,2025-06-09 00:00:00,64.903,1.925,94.282,41.562,1495.515
EQ-007,158,2025-06-09 06:00:00,66.135,1.932,98.483,40.148,1491.063
EQ-007,159,2025-06-09 12:00:00,64.43,2.143,97.998,39.055,1466.221
EQ-007,160,2025-06-09 18:00:00,68.352,2.09,99.929,39.61,1517.437
EQ-007,161,2025-06-10 00:00:00,67.46,2.033,107.162,39.432,1477.951
EQ-007,162,2025-06-10 06:00:00,63.995,2.565,97.054,41.262,1475.952
EQ-007,163,2025-06-10 12:00:00,65.396,2.476,101.219,39.391,1514.214
EQ-007,164,2025-06-10 18:00:00,67.426,2.58,100.662,39.022,1494.977
EQ-007,165,2025-06-11 00:00:00,63.719,1.963,101.68,37.784,1495.496
EQ-007,166,2025-06-11 06:00:00,63.505,1.924,99.36,39.109,1495.782
EQ-007,167,2025-06-11 12:00:00,67.599,2.223,104.324,39.822,1516.116
EQ-007,168,2025-06-11 18:00:00,66.383,2.324,102.056,38.304,1491.723
EQ-007,169,2025-06-12 00:00:00,67.148,2.221,102.104,37.383,1508.926
EQ-007,170,2025-06-12 06:00:00,65.631,2.304,95.757,41.47,1482.882
EQ-007,171,2025-06-12 12:00:00,64.49,2.676,100.289,38.499,1504.951
EQ-007,172,2025-06-12 18:00:00,62.316,2.134,98.47,38.036,1513.54
EQ-007,173,2025-06-13 00:00:00,65.274,2.442,97.415,42.354,1521.076
EQ-007,174,2025-06-13 06:00:00,67.464,2.355,98.121,41.273,1476.763
EQ-007,175,2025-06-13 12:00:00,67.488,2.229,99.832,41.538,1495.55
EQ-007,176,2025-06-13 18:00:00,67.142,2.428,101.37,40.758,1523.975
EQ-007,177,2025-06-14 00:00:00,66.574,1.97,102.945,41.967,1513.828
EQ-007,178,2025-06-14 06:00:00,69.422,1.909,102.804,41.325,1497.015
EQ-007,179,2025-06-14 12:00:00,61.897,2.33,100.878,39.483,1500.057
EQ-007,180,2025-06-14 18:00:00,65.462,1.709,100.167,38.402,1504.455
EQ-007,181,2025-06-15 00:00:00,63.126,2.353,99.027,38.075,1494.405
EQ-007,182,2025-06-15 06:00:00,68.105,1.862,99.257,39.79,1508.207
EQ-007,183,2025-06-15 12:00:00,63.895,2.655,97.659,38.35,1507.358
EQ-007,184,2025-06-15 18:00:00,67.017,2.081,98.715,38.803,1483.278
EQ-007,185,2025-06-16 00:00:00,64.101,2.636,101.061,39.772,1492.653
EQ-007,186,2025-06-16 06:00:00,65.841,2.137,104.621,42.097,1493.189
EQ-007,187,2025-06-16 12:00:00,64.783,2.124,99.551,37.734,1496.167
EQ-007,188,2025-06-16 18:00:00,64.972,2.46,97.577,40.045,1504.048
EQ-007,189,2025-06-17 00:00:00,65.667,2.288,102.908,38.123,1502.707
EQ-007,190,2025-06-17 06:00:00,66.839,2.18,93.993,39.165,1489.204
EQ-007,191,2025-06-17 12:00:00,64.781,2.079,103.129,41.395,1520.104
EQ-007,192,2025-06-17 18:00:00,66.783,2.082,95.701,38.727,1500.076
EQ-007,193,2025-06-18 00:00:00,67.076,2.907,101.971,39.605,1521.954
EQ-007,194,2025-06-18 06:00:00,64.166,1.697,98.572,40.212,1521.603
EQ-007,195,2025-06-18 12:00:00,68.77,1.839,100.963,41.052,1484.112
EQ-007,196,2025-06-18 18:00:00,66.49,2.553,106.249,39.178,1492.645
EQ-007,197,2025-06-19 00:00:00,64.137,2.531,97.487,41.891,1493.741
EQ-007,198,2025-06-19 06:00:00,66.228,1.923,96.998,39.332,1504.7
EQ-007,199,2025-06-19 12:00:00,67.077,1.674,100.235,40.727,1510.896
EQ-007,200,2025-06-19 18:00:00,66.179,2.582,104.576,39.715,1502.204
EQ-007,201,2025-06-20 00:00:00,65.404,1.886,100.537,41.111,1491.736
EQ-007,202,2025-06-20 06:00:00,58.097,2.053,100.134,43.041,1524.774
EQ-007,203,2025-06-20 12:00:00,63.065,2.229,100.507,39.584,1493.424
EQ-007,204,2025-06-20 18:00:00,66.357,1.878,96.986,39.976,1511.127
EQ-007,205,2025-06-21 00:00:00,63.026,2.477,100.538,39.352,1499.443
EQ-007,206,2025-06-21 06:00:00,66.028,2.206,98.822,39.121,1499.022
EQ-007,207,2025-06-21 12:00:00,66.769,1.935,103.967,38.951,1510.106
EQ-007,208,2025-06-21 18:00:00,64.775,1.962,102.394,39.972,1523.145
EQ-007,209,2025-06-22 00:00:00,61.471,2.589,96.029,38.835,1504.575
EQ-007,210,2025-06-22 06:00:00,63.526,2.116,99.151,38.88,1492.667
EQ-007,211,2025-06-22 12:00:00,66.37,2.384,101.584,35.252,1522.201
EQ-007,212,2025-06-22 18:00:00,67.514,2.197,97.055,42.077,1507.408
EQ-007,213,2025-06-23 00:00:00,60.837,1.674,96.762,42.466,1502.555
EQ-007,214,2025-06-23 06:00:00,65.162,2.424,98.614,40.973,1515.415
EQ-008,1,2025-05-01 00:00:00,64.286,2.194,97.708,39.951,1507.321
EQ-008,2,2025-05-01 06:00:00,65.993,2.279,97.52,38.371,1500.469
EQ-008,3,2025-05-01 12:00:00,63.263,2.077,100.188,39.971,1506.031
EQ-008,4,2025-05-01 18:00:00,63.849,2.234,102.248,41.35,1503.733
EQ-008,5,2025-05-02 00:00:00,65.031,2.123,101.594,39.106,1497.076
EQ-008,6,2025-05-02 06:00:00,67.481,1.843,97.746,38.6,1510.256
EQ-008,7,2025-05-02 12:00:00,65.161,2.462,102.342,41.172,1458.84
EQ-008,8,2025-05-02 18:00:00,65.129,2.646,98.116,41.37,1494.618
EQ-008,9,2025-05-03 00:00:00,62.883,2.189,102.022,40.636,1491.44
EQ-008,10,2025-05-03 06:00:00,68.391,2.3,100.86,39.302,1501.791
EQ-008,11,2025-05-03 12:00:00,67.214,2.458,99.325,39.055,1490.485
EQ-008,12,2025-05-03 18:00:00,67.439,2.157,98.392,39.503,1508.234
EQ-008,13,2025-05-04 00:00:00,62.095,2.257,100.4,39.911,1510.88
EQ-008,14,2025-05-04 06:00:00,65.703,2.135,100.249,37.412,1479.24
EQ-008,15,2025-05-04 12:00:00,63.123,2.035,96.86,38.525,1503.352
EQ-008,16,2025-05-04 18:00:00,66.543,2.356,101.806,41.876,1480.787
EQ-008,17,2025-05-05 00:00:00,65.643,2.354,103.47,40.311,1507.195
EQ-008,18,2025-05-05 06:00:00,66.038,2.477,102.582,41.84,1493.002
EQ-008,19,2025-05-05 12:00:00,63.567,2.199,100.945,41.524,1487.937
EQ-008,20,2025-05-05 18:00:00,62.92,1.84,98.65,39.531,1474.343
EQ-008,21,2025-05-06 00:00:00,63.719,2.532,100.387,39.554,1498.617
EQ-008,22,2025-05-06 06:00:00,65.616,1.98,99.606,41.45,1482.63
EQ-008,23,2025-05-06 12:00:00,64.516,1.974,100.373,41.138,1477.747
EQ-008,24,2025-05-06 18:00:00,65.506,2.04,102.809,41.481,1502.789
EQ-008,25,2025-05-07 00:00:00,62.952,1.677,99.676,39.98,1514.539
EQ-008,26,2025-05-07 06:00:00,64.987,2.135,94.488,40.214,1505.917
EQ-008,27,2025-05-07 12:00:00,67.79,2.386,102.399,39.617,1478.535
EQ-008,28,2025-05-07 18:00:00,65.665,2.07,101.192,39.92,1497.948
EQ-008,29,2025-05-08 00:00:00,65.79,2.601,100.45,38.972,1510.208
EQ-008,30,2025-05-08 06:00:00,65.806,2.583,96.477,39.888,1497.954
EQ-008,31,2025-05-08 12:00:00,63.976,2.467,97.503,39.76,1504.883
EQ-008,32,2025-05-08 18:00:00,68.263,1.62,97.854,39.312,1493.441
EQ-008,33,2025-05-09 00:00:00,65.714,2.63,98.249,41.187,1494.23
EQ-008,34,2025-05-09 06:00:00,65.354,2.129,98.53,37.885,1490.106
EQ-008,35,2025-05-09 12:00:00,66.374,2.704,96.455,40.506,1509.18
EQ-008,36,2025-05-09 18:00:00,66.881,2.019,106.455,38.617,1510.126
EQ-008,37,2025-05-10 00:00:00,62.509,2.158,104.506,38.728,1491.672
EQ-008,38,2025-05-10 06:00:00,65.113,2.227,100.831,38.857,1511.323
EQ-008,39,2025-05-10 12:00:00,69.47,1.92,99.899,40.706,1478.595
EQ-008,40,2025-05-10 18:00:00,68.311,1.714,105.48,36.614,1497.433
EQ-008,41,2025-05-11 00:00:00,64.787,1.481,104.871,40.253,1479.695
EQ-008,42,2025-05-11 06:00:00,66.456,3.086,97.78,40.068,1483.022
EQ-008,43,2025-05-11 12:00:00,64.347,1.699,100.743,38.545,1479.515
EQ-008,44,2025-05-11 18:00:00,65.707,1.704,99.453,40.273,1490.164
EQ-008,45,2025-05-12 00:00:00,64.083,2.372,99.192,38.18,1509.296
EQ-008,46,2025-05-12 06:00:00,64.049,1.773,99.504,39.934,1498.825
EQ-008,47,2025-05-12 12:00:00,63.816,1.717,99.743,38.124,1491.241
EQ-008,48,2025-05-12 18:00:00,68.365,1.338,100.632,43.076,1497.397
EQ-008,49,2025-05-13 00:00:00,64.039,2.288,100.649,41.292,1469.156
EQ-008,50,2025-05-13 06:00:00,67.284,1.879,104.315,40.37,1508.577
EQ-008,51,2025-05-13 12:00:00,64.137,2.393,97.579,38.567,1466.285
EQ-008,52,2025-05-13 18:00:00,63.908,2.177,102.901,39.587,1489.391
EQ-008,53,2025-05-14 00:00:00,65.779,2.226,96.775,39.649,1498.817
EQ-008,54,2025-05-14 06:00:00,62.403,2.064,100.711,40.363,1506.683
EQ-008,55,2025-05-14 12:00:00,66.329,2.117,103.13,40.598,1503.585
EQ-008,56,2025-05-14 18:00:00,64.728,1.932,101.707,40.337,1499.258
EQ-008,57,2025-05-15 00:00:00,63.898,1.96,99.051,40.513,1521.862
EQ-008,58,2025-05-15 06:00:00,63.469,1.872,100.854,39.745,1530.223
EQ-008,59,2025-05-15 12:00:00,68.943,2.654,104.957,40.514,1500.106
EQ-008,60,2025-05-15 18:00:00,64.931,2.081,98.225,39.043,1498.499
EQ-008,61,2025-05-16 00:00:00,64.847,1.521,101.7,38.405,1497.604
EQ-008,62,2025-05-16 06:00:00,66.746,2.278,102.895,42.772,1490.837
EQ-008,63,2025-05-16 12:00:00,63.317,1.959,98.836,40.624,1505.638
EQ-008,64,2025-05-16 18:00:00,67.269,2.187,105.206,42.709,1519.073
EQ-008,65,2025-05-17 00:00:00,64.929,2.119,106.22,39.588,1462.647
EQ-008,66,2025-05-17 06:00:00,62.232,2.647,103.282,43.616,1497.455
EQ-008,67,2025-05-17 12:00:00,63.939,2.085,103.288,40.119,1522.329
EQ-008,68,2025-05-17 18:00:00,62.81,2.445,94.814,41.719,1505.897
EQ-008,69,2025-05-18 00:00:00,65.162,2.413,96.037,40.049,1506.207
EQ-008,70,2025-05-18 06:00:00,63.413,1.79,99.747,40.247,1475.986
EQ-008,71,2025-05-18 12:00:00,63.193,2.256,98.027,39.827,1510.532
EQ-008,72,2025-05-18 18:00:00,65.584,1.973,101.878,39.261,1515.137
EQ-008,73,2025-05-19 00:00:00,65.088,1.837,91.458,41.47,1502.999
EQ-008,74,2025-05-19 06:00:00,67.418,1.839,101.858,39.987,1490.167
EQ-008,75,2025-05-19 12:00:00,67.33,2.446,99.473,41.246,1506.642
EQ-008,76,2025-05-19 18:00:00,65.123,2.993,98.375,41.356,1484.432
EQ-008,77,2025-05-20 00:00:00,65.999,1.958,105.72,42.122,1482.447
EQ-008,78,2025-05-20 06:00:00,62.185,2.265,99.076,40.632,1512.032
EQ-008,79,2025-05-20 12:00:00,66.392,2.293,95.15,37.734,1516.437
EQ-008,80,2025-05-20 18:00:00,65.821,2.041,101.371,39.52,1488.861
EQ-008,81,2025-05-21 00:00:00,66.908,2.622,101.147,39.962,1482.52
EQ-008,82,2025-05-21 06:00:00,64.388,2.859,99.478,40.019,1486.832
EQ-008,83,2025-05-21 12:00:00,64.405,2.021,107.054,41.978,1502.965
EQ-008,84,2025-05-21 18:00:00,64.417,2.72,100.63,41.704,1482.537
EQ-008,85,2025-05-22 00:00:00,67.869,2.036,103.044,39.783,1519.258
EQ-008,86,2025-05-22 06:00:00,65.566,1.909,100.969,43.645,1493.026
EQ-008,87,2025-05-22 12:00:00,62.008,2.158,103.812,39.477,1505.494
EQ-008,88,2025-05-22 18:00:00,66.289,2.461,99.007,39.598,1488.852
EQ-008,89,2025-05-23 00:00:00,64.073,2.169,96.81,38.361,1508.76
EQ-008,90,2025-05-23 06:00:00,67.169,2.421,102.297,37.661,1509.988
EQ-008,91,2025-05-23 12:00:00,66.078,2.268,100.898,38.23,1474.833
EQ-008,92,2025-05-23 18:00:00,67.481,2.606,102.386,41.52,1489.805
EQ-008,93,2025-05-24 00:00:00,67.078,2.359,98.15,41.112,1497.651
EQ-008,94,2025-05-24 06:00:00,66.875,2.659,101.441,38.675,1492.122
EQ-008,95,2025-05-24 12:00:00,67.269,1.943,95.217,40.15,1513.074
EQ-008,96,2025-05-24 18:00:00,66.63,2.139,98.561,41.21,1491.042
EQ-008,97,2025-05-25 00:00:00,63.612,2.2,97.886,36.95,1510.723
EQ-008,98,2025-05-25 06:00:00,62.713,1.944,101.488,42.658,1507.27
EQ-008,99,2025-05-25 12:00:00,63.339,1.898,98.547,41.579,1498.381
EQ-008,100,2025-05-25 18:00:00,66.461,2.315,95.882,41.216,1511.345
EQ-008,101,2025-05-26 00:00:00,60.553,2.4,98.295,41.803,1476.931
EQ-008,102,2025-05-26 06:00:00,64.969,2.234,101.795,36.938,1499.075
EQ-008,103,2025-05-26 12:00:00,64.468,2.518,100.393,39.672,1488.386
EQ-008,104,2025-05-26 18:00:00,67.448,1.869,97.765,41.888,1498.396
EQ-008,105,2025-05-27 00:00:00,64.766,2.083,102.518,39.989,1492.959
EQ-008,106,2025-05-27 06:00:00,64.263,1.846,104.696,41.114,1500.9
EQ-008,107,2025-05-27 12:00:00,67.632,2.242,102.726,42.172,1500.142
EQ-008,108,2025-05-27 18:00:00,64.816,2.346,93.078,41.055,1502.081
EQ-008,109,2025-05-28 00:00:00,64.493,2.603,100.711,39.613,1502.676
EQ-008,110,2025-05-28 06:00:00,64.022,1.847,99.574,40.864,1508.6
EQ-008,111,2025-05-28 12:00:00,65.571,2.312,93.893,37.493,1481.119
EQ-008,112,2025-05-28 18:00:00,64.337,2.631,96.129,40.736,1507.64
EQ-008,113,2025-05-29 00:00:00,64.344,1.899,102.397,41.124,1477.31
EQ-008,114,2025-05-29 06:00:00,67.9,1.829,100.557,40.226,1458.085
EQ-008,115,2025-05-29 12:00:00,65.098,1.758,100.242,41.742,1529.587
EQ-008,116,2025-05-29 18:00:00,64.104,2.387,98.05,40.418,1485.917
EQ-008,117,2025-05-30 00:00:00,63.01,1.982,103.247,40.22,1493.279
EQ-008,118,2025-05-30 06:00:00,65.397,2.343,96.311,42.748,1472.044
EQ-008,119,2025-05-30 12:00:00,63.881,2.135,97.336,38.563,1493.183
EQ-008,120,2025-05-30 18:00:00,64.263,2.74,99.047,42.088,1503.102
EQ-008,121,2025-05-31 00:00:00,63.297,2.436,95.423,41.969,1503.642
EQ-008,122,2025-05-31 06:00:00,65.394,1.959,97.355,41.268,1481.898
EQ-008,123,2025-05-31 12:00:00,62.393,2.109,103.185,39.393,1493.345
EQ-008,124,2025-05-31 18:00:00,65.823,2.436,97.467,40.514,1505.531
EQ-008,125,2025-06-01 00:00:00,63.907,1.879,102.343,38.794,1503.578
EQ-008,126,2025-06-01 06:00:00,66.433,2.555,101.905,39.157,1501.924
EQ-008,127,2025-06-01 12:00:00,65.971,2.125,99.495,40.197,1511.406
EQ-008,128,2025-06-01 18:00:00,65.208,2.443,95.743,38.675,1498.365
EQ-008,129,2025-06-02 00:00:00,66.692,2.141,100.19,39.65,1520.884
EQ-008,130,2025-06-02 06:00:00,68.114,2.043,93.668,38.347,1495.603
EQ-008,131,2025-06-02 12:00:00,67.537,1.994,98.413,40.979,1510.418
EQ-008,132,2025-06-02 18:00:00,62.378,2.72,100.73,42.452,1510.952
EQ-008,133,2025-06-03 00:00:00,63.789,2.111,102.609,43.295,1475.413
EQ-008,134,2025-06-03 06:00:00,64.034,3.124,99.545,38.45,1506.614
EQ-008,135,2025-06-03 12:00:00,66.277,2.246,98.176,38.713,1490.398
EQ-008,136,2025-06-03 18:00:00,63.956,1.945,97.936,39.925,1484.867
EQ-008,137,2025-06-04 00:00:00,63.877,1.724,98.595,41.234,1493.634
EQ-008,138,2025-06-04 06:00:00,63.532,2.57,101.872,39.862,1502.425
EQ-008,139,2025-06-04 12:00:00,65.598,2.142,101.05,41.616,1476.527
EQ-008,140,2025-06-04 18:00:00,66.269,2.447,99.934,40.969,1500.403
EQ-008,141,2025-06-05 00:00:00,62.577,2.897,101.89,37.519,1496.736
EQ-008,142,2025-06-05 06:00:00,63.972,2.401,100.002,40.254,1515.573
EQ-008,143,2025-06-05 12:00:00,61.21,2.301,95.995,38.312,1490.497
EQ-008,144,2025-06-05 18:00:00,60.217,2.568,96.669,39.323,1517.847
EQ-008,145,2025-06-06 00:00:00,65.969,2.441,101.805,39.553,1505.802
EQ-008,146,2025-06-06 06:00:00,65.631,1.821,95.878,41.282,1499.498
EQ-008,147,2025-06-06 12:00:00,65.345,2.6,98.857,40.126,1519.105
EQ-008,148,2025-06-06 18:00:00,68.174,2.186,99.658,39.471,1528.838
EQ-008,149,2025-06-07 00:00:00,61.649,2.662,96.9,43.313,1496.842
EQ-008,150,2025-06-07 06:00:00,60.84,2.352,94.997,38.829,1488.899
EQ-008,151,2025-06-07 12:00:00,62.753,2.557,96.476,40.601,1506.435
EQ-008,152,2025-06-07 18:00:00,60.761,2.133,94.571,41.169,1478.655
EQ-008,153,2025-06-08 00:00:00,63.773,1.745,101.835,40.42,1480.485
EQ-008,154,2025-06-08 06:00:00,66.166,2.369,101.192,38.82,1519.603
EQ-008,155,2025-06-08 12:00:00,65.593,2.493,97.721,38.743,1508.578
EQ-008,156,2025-06-08 18:00:00,67.055,2.033,95.898,41.098,1487.127
EQ-008,157,2025-06-09 00:00:00,65.742,2.139,103.499,41.735,1547.026
EQ-008,158,2025-06-09 06:00:00,64.192,1.536,101.321,40.088,1479.268
EQ-008,159,2025-06-09 12:00:00,63.948,2.153,98.137,38.19,1509.296
EQ-008,160,2025-06-09 18:00:00,65.875,1.825,103.561,40.182,1488.053
EQ-008,161,2025-06-10 00:00:00,61.94,2.355,100.413,42.439,1526.716
EQ-008,162,2025-06-10 06:00:00,58.645,2.3,100.954,38.657,1492.036
EQ-008,163,2025-06-10 12:00:00,65.78,2.205,96.874,39.69,1495.731
EQ-008,164,2025-06-10 18:00:00,65.469,2.597,95.451,40.253,1472.869
EQ-008,165,2025-06-11 00:00:00,68.139,2.272,95.29,41.799,1531.24
EQ-008,166,2025-06-11 06:00:00,66.393,2.258,106.249,39.372,1490.731
EQ-008,167,2025-06-11 12:00:00,65.618,2.296,97.517,40.892,1507.203
EQ-008,168,2025-06-11 18:00:00,64.376,2.025,100.196,42.253,1500.071
EQ-008,169,2025-06-12 00:00:00,63.378,2.497,101.379,37.943,1491.728
EQ-008,170,2025-06-12 06:00:00,64.439,1.925,99.938,38.199,1466.585
EQ-008,171,2025-06-12 12:00:00,66.91,2.327,99.537,40.025,1496.575
EQ-008,172,2025-06-12 18:00:00,65.927,2.566,99.47,41.637,1495.925
EQ-008,173,2025-06-13 00:00:00,66.868,1.892,101.44,40.665,1504.782
EQ-008,174,2025-06-13 06:00:00,65.213,1.797,96.881,41.771,1532.182
EQ-008,175,2025-06-13 12:00:00,63.201,1.887,98.678,37.613,1509.667
EQ-008,176,2025-06-13 18:00:00,67.233,2.688,93.089,40.685,1512.898
EQ-008,177,2025-06-14 00:00:00,65.597,1.933,94.411,35.896,1495.422
EQ-008,178,2025-06-14 06:00:00,66.26,1.818,96.106,42.156,1480.301
EQ-008,179,2025-06-14 12:00:00,67.374,2.201,102.561,41.949,1495.811
EQ-008,180,2025-06-14 18:00:00,67.109,1.272,99.182,39.673,1488.983
EQ-008,181,2025-06-15 00:00:00,64.274,1.767,102.092,36.701,1499.249
EQ-008,182,2025-06-15 06:00:00,63.44,2.716,101.155,39.852,1492.587
EQ-008,183,2025-06-15 12:00:00,63.669,1.8,100.78,41.84,1474.835
EQ-008,184,2025-06-15 18:00:00,64.506,1.981,97.168,40.787,1519.005
EQ-008,185,2025-06-16 00:00:00,68.844,2.182,100.225,42.939,1497.888
EQ-008,186,2025-06-16 06:00:00,67.272,2.385,100.763,39.721,1495.049
EQ-008,187,2025-06-16 12:00:00,66.853,2.217,106.602,43.211,1483.428
EQ-008,188,2025-06-16 18:00:00,70.454,2.564,98.962,37.132,1492.869
EQ-008,189,2025-06-17 00:00:00,66.616,2.766,102.197,39.026,1487.05
EQ-008,190,2025-06-17 06:00:00,65.472,2.074,99.628,38.221,1482.09
EQ-008,191,2025-06-17 12:00:00,66.12,2.172,97.893,41.269,1502.441
EQ-008,192,2025-06-17 18:00:00,65.902,2.375,102.609,38.347,1492.968
EQ-008,193,2025-06-18 00:00:00,69.795,2.629,105.675,41.674,1511.229
EQ-008,194,2025-06-18 06:00:00,70.12,2.268,100.786,41.193,1494.595
EQ-008,195,2025-06-18 12:00:00,68.575,2.183,97.951,40.434,1501.722
EQ-008,196,2025-06-18 18:00:00,63.536,2.136,101.402,39.993,1501.294
EQ-008,197,2025-06-19 00:00:00,65.823,2.093,100.838,38.583,1505.772
EQ-008,198,2025-06-19 06:00:00,68.89,2.646,106.65,41.063,1487.383
EQ-008,199,2025-06-19 12:00:00,70.901,2.129,102.227,39.396,1513.487
EQ-008,200,2025-06-19 18:00:00,72.948,2.302,97.199,41.306,1482.3
EQ-008,201,2025-06-20 00:00:00,67.08,2.258,103.824,42.4,1500.637
EQ-008,202,2025-06-20 06:00:00,66.315,3.301,102.326,39.69,1481.926
EQ-008,203,2025-06-20 12:00:00,68.183,2.279,102.806,42.134,1498.189
EQ-008,204,2025-06-20 18:00:00,70.298,2.873,101.335,40.438,1513.363
EQ-008,205,2025-06-21 00:00:00,69.303,3.247,103.025,41.048,1508.332
EQ-008,206,2025-06-21 06:00:00,71.917,2.92,101.322,38.17,1515.878
EQ-008,207,2025-06-21 12:00:00,72.818,2.443,99.237,39.123,1495.452
EQ-008,208,2025-06-21 18:00:00,71.506,2.481,100.403,39.106,1513.634
EQ-008,209,2025-06-22 00:00:00,70.169,2.246,99.652,42.172,1489.617
EQ-008,210,2025-06-22 06:00:00,72.138,3.413,101.024,39.626,1493.123
EQ-008,211,2025-06-22 12:00:00,71.847,2.472,100.238,41.095,1501.951
EQ-008,212,2025-06-22 18:00:00,74.19,2.568,99.056,40.039,1512.75
EQ-008,213,2025-06-23 00:00:00,76.055,3.144,99.455,39.617,1491.79
EQ-008,214,2025-06-23 06:00:00,69.627,2.509,99.989,37.944,1510.427
EQ-008,215,2025-06-23 12:00:00,72.465,2.876,94.657,37.289,1503.468
EQ-008,216,2025-06-23 18:00:00,73.71,2.853,103.073,39.644,1505.053
EQ-008,217,2025-06-24 00:00:00,76.596,2.747,101.044,39.732,1487.181
EQ-008,218,2025-06-24 06:00:00,75.7,2.856,98.166,38.834,1494.229
EQ-008,219,2025-06-24 12:00:00,73.041,3.286,101.774,40.37,1498.596
EQ-008,220,2025-06-24 18:00:00,80.157,2.45,98.476,43.098,1505.062
EQ-008,221,2025-06-25 00:00:00,76.44,3.289,98.476,42.392,1487.889
EQ-008,222,2025-06-25 06:00:00,76.551,2.948,101.124,40.127,1480.62
EQ-008,223,2025-06-25 12:00:00,77.471,3.446,104.292,40.179,1468.008
EQ-008,224,2025-06-25 18:00:00,76.065,3.285,100.84,41.053,1511.187
EQ-008,225,2025-06-26 00:00:00,77.432,3.107,97.672,40.461,1514.161
EQ-008,226,2025-06-26 06:00:00,75.515,3.145,98.945,41.055,1469.855
EQ-008,227,2025-06-26 12:00:00,72.981,3.467,102.547,40.504,1501.135
EQ-008,228,2025-06-26 18:00:00,77.701,3.001,101.213,40.231,1494.343
EQ-008,229,2025-06-27 00:00:00,77.744,2.144,102.878,39.112,1518.255
EQ-008,230,2025-06-27 06:00:00,77.103,2.934,101.18,40.614,1496.846
EQ-008,231,2025-06-27 12:00:00,81.956,3.087,102.312,36.678,1508.183
EQ-008,232,2025-06-27 18:00:00,80.645,3.277,106.039,40.468,1493.621
EQ-008,233,2025-06-28 00:00:00,82.523,3.545,95.943,36.97,1489.694
EQ-008,234,2025-06-28 06:00:00,84.068,3.629,107.221,40.469,1511.509
EQ-008,235,2025-06-28 12:00:00,83.505,3.53,102.809,38.603,1516.175
EQ-008,236,2025-06-28 18:00:00,83.606,2.576,107.875,41.988,1480.966
EQ-008,237,2025-06-29 00:00:00,81.84,3.254,97.05,40.205,1517.137
EQ-008,238,2025-06-29 06:00:00,83.088,3.868,101.147,40.073,1485.378
EQ-008,239,2025-06-29 12:00:00,86.85,3.652,100.478,40.68,1465.019
EQ-008,240,2025-06-29 18:00:00,82.506,3.358,102.651,38.775,1500.162
EQ-008,241,2025-06-30 00:00:00,81.963,3.501,101.409,41.754,1507.608
EQ-008,242,2025-06-30 06:00:00,82.015,3.822,101.073,41.111,1477.264
EQ-008,243,2025-06-30 12:00:00,86.542,3.133,102.337,39.245,1470.259
EQ-008,244,2025-06-30 18:00:00,84.011,3.567,99.68,38.483,1492.578
EQ-008,245,2025-07-01 00:00:00,90.6,3.857,98.453,39.44,1490.572
EQ-008,246,2025-07-01 06:00:00,90.83,3.444,101.36,39.839,1520.544
EQ-008,247,2025-07-01 12:00:00,89.152,3.757,98.447,38.373,1500.181
EQ-008,248,2025-07-01 18:00:00,90.438,3.787,99.623,39.315,1511.018
EQ-008,249,2025-07-02 00:00:00,89.828,4.224,95.677,39.113,1503.145
EQ-008,250,2025-07-02 06:00:00,90.006,4.039,100.168,39.697,1523.53
EQ-008,251,2025-07-02 12:00:00,93.15,4.39,97.214,39.709,1486.625
EQ-009,1,2025-05-01 00:00:00,63.148,2.403,102.741,40.557,1520.705
EQ-009,2,2025-05-01 06:00:00,64.845,2.457,97.79,40.005,1482.767
EQ-009,3,2025-05-01 12:00:00,66.002,2.307,102.3,39.036,1503.26
EQ-009,4,2025-05-01 18:00:00,66.951,1.858,103.619,41.478,1478.557
EQ-009,5,2025-05-02 00:00:00,66.14,2.161,95.338,39.217,1473.709
EQ-009,6,2025-05-02 06:00:00,65.181,2.286,95.958,42.22,1515.548
EQ-009,7,2025-05-02 12:00:00,64.841,1.879,100.705,39.597,1530.111
EQ-009,8,2025-05-02 18:00:00,66.098,1.971,100.385,38.568,1495.075
EQ-009,9,2025-05-03 00:00:00,69.378,2.156,99.124,38.613,1527.499
EQ-009,10,2025-05-03 06:00:00,66.709,2.555,98.571,40.137,1490.277
EQ-009,11,2025-05-03 12:00:00,65.763,2.268,97.434,38.394,1496.483
EQ-009,12,2025-05-03 18:00:00,62.262,2.028,100.993,40.217,1525.016
EQ-009,13,2025-05-04 00:00:00,63.311,2.14,97.107,39.399,1486.31
EQ-009,14,2025-05-04 06:00:00,64.352,2.0,101.098,39.365,1513.75
EQ-009,15,2025-05-04 12:00:00,66.82,2.076,98.277,39.938,1494.776
EQ-009,16,2025-05-04 18:00:00,63.126,2.417,98.732,41.507,1489.189
EQ-009,17,2025-05-05 00:00:00,66.285,1.624,103.647,39.186,1492.368
EQ-009,18,2025-05-05 06:00:00,65.239,2.594,102.863,40.276,1467.476
EQ-009,19,2025-05-05 12:00:00,65.71,2.857,97.009,40.666,1518.916
EQ-009,20,2025-05-05 18:00:00,64.568,2.249,97.381,38.185,1503.395
EQ-009,21,2025-05-06 00:00:00,63.807,1.951,102.333,40.784,1497.78
EQ-009,22,2025-05-06 06:00:00,63.052,2.549,95.698,41.223,1489.606
EQ-009,23,2025-05-06 12:00:00,66.223,2.283,104.362,41.449,1504.677
EQ-009,24,2025-05-06 18:00:00,64.847,2.042,100.405,38.337,1513.252
EQ-009,25,2025-05-07 00:00:00,62.846,1.908,98.265,38.442,1495.882
EQ-009,26,2025-05-07 06:00:00,65.447,2.078,100.031,39.918,1514.454
EQ-009,27,2025-05-07 12:00:00,71.847,2.258,104.083,39.833,1504.126
EQ-009,28,2025-05-07 18:00:00,64.597,2.469,93.607,40.029,1498.599
EQ-009,29,2025-05-08 00:00:00,68.308,2.285,103.079,39.465,1513.685
EQ-009,30,2025-05-08 06:00:00,59.829,2.336,103.584,40.279,1492.381
EQ-009,31,2025-05-08 12:00:00,64.459,2.1,99.037,36.169,1481.227
EQ-009,32,2025-05-08 18:00:00,66.91,2.456,99.785,40.987,1499.204
EQ-009,33,2025-05-09 00:00:00,65.031,2.138,100.409,42.208,1500.529
EQ-009,34,2025-05-09 06:00:00,63.715,2.751,102.201,39.17,1496.665
EQ-009,35,2025-05-09 12:00:00,64.947,2.004,97.811,40.304,1517.848
EQ-009,36,2025-05-09 18:00:00,66.97,2.318,99.956,42.521,1507.507
EQ-009,37,2025-05-10 00:00:00,69.287,2.857,99.7,40.05,1498.274
EQ-009,38,2025-05-10 06:00:00,67.131,2.513,102.037,40.458,1499.917
EQ-009,39,2025-05-10 12:00:00,63.991,2.424,108.026,42.763,1501.209
EQ-009,40,2025-05-10 18:00:00,64.534,2.289,97.798,43.055,1507.891
EQ-009,41,2025-05-11 00:00:00,64.549,2.216,100.237,38.409,1500.788
EQ-009,42,2025-05-11 06:00:00,63.266,2.148,97.718,39.383,1497.683
EQ-009,43,2025-05-11 12:00:00,64.69,2.031,98.533,41.34,1479.987
EQ-009,44,2025-05-11 18:00:00,64.452,1.739,96.772,40.746,1489.353
EQ-009,45,2025-05-12 00:00:00,62.599,2.392,95.409,41.059,1504.155
EQ-009,46,2025-05-12 06:00:00,66.676,1.739,103.549,36.068,1502.82
EQ-009,47,2025-05-12 12:00:00,65.842,2.395,101.068,37.069,1477.72
EQ-009,48,2025-05-12 18:00:00,63.718,2.107,100.279,42.676,1491.571
EQ-009,49,2025-05-13 00:00:00,65.296,1.913,97.378,41.161,1486.054
EQ-009,50,2025-05-13 06:00:00,63.071,2.622,99.775,40.53,1520.47
EQ-009,51,2025-05-13 12:00:00,63.895,1.765,96.531,38.137,1503.767
EQ-009,52,2025-05-13 18:00:00,66.375,2.0,99.918,39.378,1506.455
EQ-009,53,2025-05-14 00:00:00,65.942,2.028,101.001,40.854,1498.999
EQ-009,54,2025-05-14 06:00:00,63.974,2.245,98.372,37.925,1490.605
EQ-009,55,2025-05-14 12:00:00,65.623,2.016,97.73,38.942,1493.318
EQ-009,56,2025-05-14 18:00:00,64.851,2.639,98.523,40.563,1507.391
EQ-009,57,2025-05-15 00:00:00,63.005,1.789,102.444,40.885,1496.099
EQ-009,58,2025-05-15 06:00:00,64.666,3.426,100.605,39.215,1507.546
EQ-009,59,2025-05-15 12:00:00,65.864,1.882,95.179,41.473,1502.145
EQ-009,60,2025-05-15 18:00:00,65.612,3.087,102.17,41.425,1504.433
EQ-009,61,2025-05-16 00:00:00,61.615,2.528,101.63,37.311,1505.198
EQ-009,62,2025-05-16 06:00:00,65.332,2.167,100.561,42.457,1492.108
EQ-009,63,2025-05-16 12:00:00,65.051,2.268,104.937,41.75,1495.336
EQ-009,64,2025-05-16 18:00:00,61.203,2.086,100.071,40.31,1513.633
EQ-009,65,2025-05-17 00:00:00,63.384,2.304,101.292,39.794,1527.395
EQ-009,66,2025-05-17 06:00:00,65.983,1.979,101.408,41.184,1513.77
EQ-009,67,2025-05-17 12:00:00,67.77,2.413,102.632,40.801,1458.166
EQ-009,68,2025-05-17 18:00:00,61.719,2.255,99.331,39.593,1488.63
EQ-009,69,2025-05-18 00:00:00,66.959,1.903,98.065,42.409,1501.721
EQ-009,70,2025-05-18 06:00:00,61.239,2.328,102.919,36.843,1483.527
EQ-009,71,2025-05-18 12:00:00,67.795,2.31,102.764,39.003,1482.824
EQ-009,72,2025-05-18 18:00:00,64.523,1.985,103.825,40.672,1493.719
EQ-009,73,2025-05-19 00:00:00,63.571,2.072,101.247,39.922,1505.18
EQ-009,74,2025-05-19 06:00:00,65.709,2.354,95.054,41.049,1509.263
EQ-009,75,2025-05-19 12:00:00,63.075,2.527,100.492,37.908,1494.49
EQ-009,76,2025-05-19 18:00:00,66.032,2.157,100.101,39.618,1493.338
EQ-009,77,2025-05-20 00:00:00,64.752,2.479,103.688,41.726,1487.345
EQ-009,78,2025-05-20 06:00:00,57.38,2.55,103.175,37.759,1507.606
EQ-009,79,2025-05-20 12:00:00,63.379,2.571,101.679,39.639,1506.598
EQ-009,80,2025-05-20 18:00:00,65.382,2.272,93.324,39.204,1513.606
EQ-009,81,2025-05-21 00:00:00,67.133,1.898,97.955,40.545,1501.946
EQ-009,82,2025-05-21 06:00:00,65.663,2.743,98.242,40.59,1480.332
EQ-009,83,2025-05-21 12:00:00,67.101,2.121,97.392,40.146,1494.767
EQ-009,84,2025-05-21 18:00:00,63.212,2.499,100.794,39.565,1512.854
EQ-009,85,2025-05-22 00:00:00,66.455,1.987,104.589,40.095,1473.968
EQ-009,86,2025-05-22 06:00:00,66.489,2.305,101.066,39.753,1498.728
EQ-009,87,2025-05-22 12:00:00,61.738,1.847,97.27,39.951,1504.277
EQ-009,88,2025-05-22 18:00:00,67.199,1.972,97.607,42.185,1530.055
EQ-009,89,2025-05-23 00:00:00,65.655,1.967,95.825,38.197,1490.983
EQ-009,90,2025-05-23 06:00:00,64.437,2.289,99.104,40.512,1498.175
EQ-009,91,2025-05-23 12:00:00,64.403,2.551,99.73,38.587,1525.314
EQ-009,92,2025-05-23 18:00:00,62.924,1.712,102.065,42.932,1491.175
EQ-009,93,2025-05-24 00:00:00,66.262,1.958,98.293,40.134,1516.121
EQ-009,94,2025-05-24 06:00:00,65.604,2.413,98.172,38.098,1505.89
EQ-009,95,2025-05-24 12:00:00,66.166,2.964,102.567,39.652,1496.685
EQ-009,96,2025-05-24 18:00:00,65.158,2.214,93.031,37.812,1506.774
EQ-009,97,2025-05-25 00:00:00,65.412,1.956,98.933,39.05,1497.787
EQ-009,98,2025-05-25 06:00:00,64.408,1.919,99.708,40.924,1533.867
EQ-009,99,2025-05-25 12:00:00,67.154,2.278,94.985,42.042,1469.017
EQ-009,100,2025-05-25 18:00:00,66.213,2.061,98.944,41.621,1495.763
EQ-009,101,2025-05-26 00:00:00,65.346,3.102,98.98,39.843,1496.203
EQ-009,102,2025-05-26 06:00:00,64.731,2.614,95.615,40.855,1497.99
EQ-009,103,2025-05-26 12:00:00,61.464,2.233,95.225,41.213,1516.206
EQ-009,104,2025-05-26 18:00:00,61.031,2.935,94.284,43.375,1493.294
EQ-009,105,2025-05-27 00:00:00,64.263,2.17,102.56,39.094,1507.381
EQ-009,106,2025-05-27 06:00:00,67.537,2.44,94.463,42.264,1503.472
EQ-009,107,2025-05-27 12:00:00,63.59,2.135,95.315,38.362,1512.577
EQ-009,108,2025-05-27 18:00:00,63.669,2.887,97.992,41.77,1497.942
EQ-009,109,2025-05-28 00:00:00,63.055,2.416,95.134,39.069,1504.833
EQ-009,110,2025-05-28 06:00:00,62.419,3.007,95.09,38.974,1498.148
EQ-009,111,2025-05-28 12:00:00,63.172,2.674,94.323,39.573,1485.209
EQ-009,112,2025-05-28 18:00:00,65.557,2.785,89.985,38.836,1523.986
EQ-009,113,2025-05-29 00:00:00,64.016,2.243,89.507,40.639,1488.567
EQ-009,114,2025-05-29 06:00:00,63.926,2.06,90.434,41.84,1492.823
EQ-009,115,2025-05-29 12:00:00,63.747,2.25,98.131,36.833,1487.148
EQ-009,116,2025-05-29 18:00:00,65.474,2.644,89.34,39.738,1506.03
EQ-009,117,2025-05-30 00:00:00,65.781,2.182,92.446,38.37,1492.828
EQ-009,118,2025-05-30 06:00:00,61.262,2.889,88.221,41.358,1522.729
EQ-009,119,2025-05-30 12:00:00,63.479,2.534,93.731,42.131,1508.009
EQ-009,120,2025-05-30 18:00:00,64.821,3.124,91.492,39.738,1495.847
EQ-009,121,2025-05-31 00:00:00,65.878,2.695,89.196,38.945,1486.354
EQ-009,122,2025-05-31 06:00:00,65.255,3.059,88.557,37.577,1498.339
EQ-009,123,2025-05-31 12:00:00,66.646,2.139,96.984,42.923,1507.8
EQ-009,124,2025-05-31 18:00:00,62.176,3.081,92.127,41.978,1499.312
EQ-009,125,2025-06-01 00:00:00,65.83,2.878,90.035,37.032,1497.895
EQ-009,126,2025-06-01 06:00:00,69.103,3.078,82.201,40.983,1484.693
EQ-009,127,2025-06-01 12:00:00,65.095,2.885,91.067,38.332,1533.647
EQ-009,128,2025-06-01 18:00:00,65.177,2.219,87.686,39.237,1496.983
EQ-009,129,2025-06-02 00:00:00,66.039,3.142,84.617,38.127,1479.382
EQ-009,130,2025-06-02 06:00:00,63.909,2.79,87.067,36.999,1483.874
EQ-009,131,2025-06-02 12:00:00,63.106,3.039,88.582,39.932,1494.838
EQ-009,132,2025-06-02 18:00:00,65.116,3.626,88.358,42.843,1529.172
EQ-009,133,2025-06-03 00:00:00,61.692,2.865,81.845,38.611,1497.444
EQ-009,134,2025-06-03 06:00:00,65.792,2.691,83.992,41.337,1494.378
EQ-009,135,2025-06-03 12:00:00,66.129,2.813,84.0,41.572,1512.67
EQ-009,136,2025-06-03 18:00:00,61.792,3.098,85.641,41.083,1513.765
EQ-009,137,2025-06-04 00:00:00,65.326,3.023,84.001,42.995,1509.886
EQ-009,138,2025-06-04 06:00:00,64.567,3.455,79.228,41.433,1502.998
EQ-009,139,2025-06-04 12:00:00,67.956,3.539,82.432,42.707,1483.435
EQ-009,140,2025-06-04 18:00:00,67.62,3.168,83.891,38.279,1488.735
EQ-009,141,2025-06-05 00:00:00,66.683,3.669,77.556,41.118,1476.136
EQ-009,142,2025-06-05 06:00:00,67.421,3.373,76.372,42.266,1496.641
EQ-009,143,2025-06-05 12:00:00,64.27,2.963,80.743,38.842,1493.63
EQ-009,144,2025-06-05 18:00:00,65.52,2.718,81.943,34.771,1492.073
EQ-009,145,2025-06-06 00:00:00,64.495,3.562,81.462,38.099,1504.189
EQ-009,146,2025-06-06 06:00:00,63.006,3.531,83.398,38.913,1490.142
EQ-009,147,2025-06-06 12:00:00,65.165,3.816,76.063,40.842,1494.893
EQ-009,148,2025-06-06 18:00:00,64.834,3.591,79.031,39.15,1492.705
EQ-009,149,2025-06-07 00:00:00,64.595,3.996,81.573,40.005,1499.522
EQ-009,150,2025-06-07 06:00:00,64.882,3.414,79.851,39.094,1505.47
EQ-009,151,2025-06-07 12:00:00,65.122,3.553,75.288,39.807,1479.832
EQ-009,152,2025-06-07 18:00:00,66.776,3.144,77.132,39.901,1506.798
EQ-009,153,2025-06-08 00:00:00,63.831,3.788,75.125,39.051,1503.964
EQ-009,154,2025-06-08 06:00:00,62.441,3.331,71.815,41.232,1506.279
EQ-010,1,2025-05-01 00:00:00,66.321,2.668,103.258,38.827,1493.865
EQ-010,2,2025-05-01 06:00:00,63.578,2.182,101.124,39.801,1479.929
EQ-010,3,2025-05-01 12:00:00,65.803,2.059,96.924,39.577,1492.671
EQ-010,4,2025-05-01 18:00:00,69.669,2.115,101.885,40.535,1491.032
EQ-010,5,2025-05-02 00:00:00,66.583,2.397,99.915,38.849,1514.883
EQ-010,6,2025-05-02 06:00:00,65.304,1.801,98.941,39.735,1497.648
EQ-010,7,2025-05-02 12:00:00,63.098,2.195,97.644,39.944,1496.351
EQ-010,8,2025-05-02 18:00:00,64.649,1.919,101.738,41.653,1494.113
EQ-010,9,2025-05-03 00:00:00,63.869,1.839,101.536,39.383,1474.191
EQ-010,10,2025-05-03 06:00:00,62.099,1.617,97.133,38.537,1498.52
EQ-010,11,2025-05-03 12:00:00,60.742,2.046,96.682,39.183,1507.242
EQ-010,12,2025-05-03 18:00:00,63.339,2.524,105.675,40.551,1503.474
EQ-010,13,2025-05-04 00:00:00,64.937,1.605,102.582,37.343,1510.389
EQ-010,14,2025-05-04 06:00:00,67.239,2.363,100.26,41.796,1511.119
EQ-010,15,2025-05-04 12:00:00,63.524,2.005,101.819,40.029,1532.971
EQ-010,16,2025-05-04 18:00:00,65.383,1.881,98.597,40.65,1483.069
EQ-010,17,2025-05-05 00:00:00,61.598,2.303,99.483,40.329,1503.521
EQ-010,18,2025-05-05 06:00:00,63.399,2.593,100.064,38.999,1505.202
EQ-010,19,2025-05-05 12:00:00,60.105,2.649,102.893,38.377,1495.203
EQ-010,20,2025-05-05 18:00:00,69.468,2.285,95.76,38.949,1490.513
EQ-010,21,2025-05-06 00:00:00,65.396,2.179,96.939,37.741,1507.482
EQ-010,22,2025-05-06 06:00:00,65.333,2.317,96.326,40.522,1506.042
EQ-010,23,2025-05-06 12:00:00,66.07,2.943,102.559,39.756,1484.204
EQ-010,24,2025-05-06 18:00:00,70.065,2.112,99.697,37.699,1473.036
EQ-010,25,2025-05-07 00:00:00,64.129,2.54,97.251,39.075,1492.626
EQ-010,26,2025-05-07 06:00:00,63.038,2.022,99.335,40.978,1489.899
EQ-010,27,2025-05-07 12:00:00,69.0,1.951,98.105,41.94,1509.041
EQ-010,28,2025-05-07 18:00:00,62.538,2.731,95.696,38.074,1486.14
EQ-010,29,2025-05-08 00:00:00,67.596,2.201,103.781,43.242,1497.336
EQ-010,30,2025-05-08 06:00:00,64.852,2.267,99.552,38.561,1474.396
EQ-010,31,2025-05-08 12:00:00,65.867,2.364,103.85,37.443,1476.728
EQ-010,32,2025-05-08 18:00:00,62.127,1.932,95.654,42.636,1488.458
EQ-010,33,2025-05-09 00:00:00,70.187,2.069,101.513,38.439,1496.242
EQ-010,34,2025-05-09 06:00:00,64.236,2.007,95.672,42.286,1487.703
EQ-010,35,2025-05-09 12:00:00,63.597,2.3,107.336,39.003,1502.141
EQ-010,36,2025-05-09 18:00:00,66.097,2.31,94.812,39.56,1474.481
EQ-010,37,2025-05-10 00:00:00,63.71,2.02,105.388,38.042,1496.775
EQ-010,38,2025-05-10 06:00:00,65.849,2.808,99.941,41.916,1496.948
EQ-010,39,2025-05-10 12:00:00,62.478,2.192,99.452,41.71,1478.282
EQ-010,40,2025-05-10 18:00:00,65.291,2.231,101.768,39.009,1503.426
EQ-010,41,2025-05-11 00:00:00,63.794,2.603,97.186,39.888,1467.465
EQ-010,42,2025-05-11 06:00:00,63.433,1.938,102.355,40.993,1489.722
EQ-010,43,2025-05-11 12:00:00,63.117,2.044,102.575,39.293,1511.812
EQ-010,44,2025-05-11 18:00:00,66.772,2.286,100.036,42.046,1466.624
EQ-010,45,2025-05-12 00:00:00,64.299,1.757,100.75,39.841,1510.065
EQ-010,46,2025-05-12 06:00:00,64.632,2.129,105.789,39.221,1482.511
EQ-010,47,2025-05-12 12:00:00,65.854,2.815,101.954,37.626,1491.143
EQ-010,48,2025-05-12 18:00:00,67.28,2.749,97.653,38.059,1521.098
EQ-010,49,2025-05-13 00:00:00,63.153,2.469,102.252,40.883,1490.596
EQ-010,50,2025-05-13 06:00:00,65.441,2.555,98.386,40.353,1524.207
EQ-010,51,2025-05-13 12:00:00,63.181,2.348,97.805,41.224,1495.421
EQ-010,52,2025-05-13 18:00:00,64.583,2.071,101.538,39.156,1498.731
EQ-010,53,2025-05-14 00:00:00,67.13,2.693,96.972,37.538,1512.634
EQ-010,54,2025-05-14 06:00:00,60.308,1.915,100.139,39.256,1508.161
EQ-010,55,2025-05-14 12:00:00,63.154,2.491,102.021,43.057,1502.311
EQ-010,56,2025-05-14 18:00:00,64.537,2.047,105.729,38.553,1493.05
EQ-010,57,2025-05-15 00:00:00,65.761,2.065,101.915,39.945,1476.737
EQ-010,58,2025-05-15 06:00:00,67.44,2.362,95.59,36.38,1477.467
EQ-010,59,2025-05-15 12:00:00,61.605,2.81,96.059,39.22,1519.697
EQ-010,60,2025-05-15 18:00:00,67.831,2.629,105.179,39.379,1525.492
EQ-010,61,2025-05-16 00:00:00,66.042,2.302,98.097,40.498,1501.944
EQ-010,62,2025-05-16 06:00:00,64.519,2.219,95.451,39.523,1473.395
EQ-010,63,2025-05-16 12:00:00,62.062,2.434,96.986,37.722,1488.416
EQ-010,64,2025-05-16 18:00:00,63.855,2.61,102.382,39.004,1487.672
EQ-010,65,2025-05-17 00:00:00,67.05,1.672,100.339,39.694,1491.663
EQ-010,66,2025-05-17 06:00:00,65.053,2.162,101.942,38.506,1486.73
EQ-010,67,2025-05-17 12:00:00,64.638,1.884,99.901,38.724,1507.809
EQ-010,68,2025-05-17 18:00:00,63.057,2.134,96.691,41.508,1503.711
EQ-010,69,2025-05-18 00:00:00,66.469,1.823,94.638,39.063,1523.701
EQ-010,70,2025-05-18 06:00:00,64.701,1.658,97.496,40.66,1494.163
EQ-010,71,2025-05-18 12:00:00,64.527,1.804,100.365,39.735,1503.003
EQ-010,72,2025-05-18 18:00:00,64.81,2.034,96.449,38.155,1511.117
EQ-010,73,2025-05-19 00:00:00,63.71,2.376,102.949,39.501,1515.325
EQ-010,74,2025-05-19 06:00:00,63.369,1.956,97.0,40.436,1481.476
EQ-010,75,2025-05-19 12:00:00,61.961,1.94,95.044,42.605,1506.073
EQ-010,76,2025-05-19 18:00:00,63.761,2.319,100.002,38.842,1502.2
EQ-010,77,2025-05-20 00:00:00,61.4,2.286,102.282,39.872,1504.542
EQ-010,78,2025-05-20 06:00:00,65.971,2.711,104.478,41.364,1500.895
EQ-010,79,2025-05-20 12:00:00,63.665,2.48,95.165,41.891,1525.693
EQ-010,80,2025-05-20 18:00:00,64.215,1.892,104.271,39.027,1486.637
EQ-010,81,2025-05-21 00:00:00,64.926,1.999,100.556,39.766,1485.75
EQ-010,82,2025-05-21 06:00:00,63.396,2.424,98.137,41.669,1487.685
EQ-010,83,2025-05-21 12:00:00,62.65,1.934,102.042,40.767,1495.647
EQ-010,84,2025-05-21 18:00:00,65.444,2.103,104.066,41.55,1504.4
EQ-010,85,2025-05-22 00:00:00,68.778,1.687,94.963,41.757,1493.158
EQ-010,86,2025-05-22 06:00:00,66.82,1.808,98.707,40.831,1515.095
EQ-010,87,2025-05-22 12:00:00,67.56,2.578,98.366,40.215,1499.947
EQ-010,88,2025-05-22 18:00:00,62.403,2.25,101.878,38.994,1498.554
EQ-010,89,2025-05-23 00:00:00,64.617,2.011,104.38,39.634,1480.046
EQ-010,90,2025-05-23 06:00:00,64.604,2.053,100.22,39.733,1527.316
EQ-010,91,2025-05-23 12:00:00,67.857,2.715,99.123,41.798,1499.288
EQ-010,92,2025-05-23 18:00:00,66.834,2.003,101.336,40.265,1524.557
EQ-010,93,2025-05-24 00:00:00,64.672,2.342,99.297,40.279,1490.666
EQ-010,94,2025-05-24 06:00:00,60.423,2.461,93.491,38.509,1512.459
EQ-010,95,2025-05-24 12:00:00,62.682,2.633,101.551,41.807,1491.561
EQ-010,96,2025-05-24 18:00:00,66.266,1.945,102.957,38.849,1527.286
EQ-010,97,2025-05-25 00:00:00,64.359,1.78,103.221,39.573,1516.812
EQ-010,98,2025-05-25 06:00:00,64.78,1.869,96.532,41.964,1512.743
EQ-010,99,2025-05-25 12:00:00,66.227,2.419,101.821,41.33,1489.129
EQ-010,100,2025-05-25 18:00:00,67.264,2.798,104.598,38.725,1528.6
EQ-010,101,2025-05-26 00:00:00,63.442,2.43,107.592,38.382,1530.57
EQ-010,102,2025-05-26 06:00:00,66.183,2.002,101.437,39.694,1494.305
EQ-010,103,2025-05-26 12:00:00,68.223,2.556,102.952,39.135,1502.425
EQ-010,104,2025-05-26 18:00:00,67.856,2.059,97.022,37.799,1513.902
EQ-010,105,2025-05-27 00:00:00,63.938,1.95,96.63,38.87,1470.417
EQ-010,106,2025-05-27 06:00:00,65.59,2.101,102.962,35.878,1517.188
EQ-010,107,2025-05-27 12:00:00,66.502,2.026,93.892,41.356,1515.355
EQ-010,108,2025-05-27 18:00:00,65.04,1.989,100.466,41.262,1491.553
EQ-010,109,2025-05-28 00:00:00,64.502,2.567,104.292,42.115,1467.115
EQ-010,110,2025-05-28 06:00:00,61.539,2.045,102.138,40.53,1504.998
EQ-010,111,2025-05-28 12:00:00,63.27,1.724,102.118,39.328,1482.995
EQ-010,112,2025-05-28 18:00:00,63.609,2.376,99.852,41.535,1476.177
EQ-010,113,2025-05-29 00:00:00,62.477,1.914,98.77,38.948,1505.561
EQ-010,114,2025-05-29 06:00:00,65.219,1.923,106.464,38.01,1519.769
EQ-010,115,2025-05-29 12:00:00,66.733,2.41,103.701,39.779,1496.716
EQ-010,116,2025-05-29 18:00:00,64.162,1.982,102.539,40.617,1517.777
EQ-010,117,2025-05-30 00:00:00,60.593,2.064,100.084,38.782,1509.962
EQ-010,118,2025-05-30 06:00:00,64.763,2.213,98.248,38.429,1479.402
EQ-010,119,2025-05-30 12:00:00,65.548,2.114,103.239,39.375,1491.688
EQ-010,120,2025-05-30 18:00:00,65.413,2.071,99.079,40.618,1516.189
EQ-010,121,2025-05-31 00:00:00,63.558,1.497,100.236,39.782,1491.566
EQ-010,122,2025-05-31 06:00:00,62.59,2.148,101.847,43.955,1512.287
EQ-010,123,2025-05-31 12:00:00,66.773,2.684,100.628,39.796,1493.848
EQ-010,124,2025-05-31 18:00:00,65.703,2.389,104.65,41.126,1510.819
EQ-010,125,2025-06-01 00:00:00,63.638,2.087,96.04,37.827,1506.437
EQ-010,126,2025-06-01 06:00:00,61.998,2.341,100.202,40.88,1496.276
EQ-010,127,2025-06-01 12:00:00,65.445,2.388,106.414,39.306,1510.396
EQ-010,128,2025-06-01 18:00:00,63.205,1.947,102.691,39.986,1467.602
EQ-010,129,2025-06-02 00:00:00,65.765,2.577,99.409,42.53,1483.715
EQ-010,130,2025-06-02 06:00:00,65.316,2.249,102.396,39.442,1493.046
EQ-010,131,2025-06-02 12:00:00,69.154,2.106,99.857,38.038,1517.591
EQ-010,132,2025-06-02 18:00:00,64.844,2.677,104.399,38.272,1478.307
EQ-010,133,2025-06-03 00:00:00,69.002,1.58,102.464,40.259,1499.48
EQ-010,134,2025-06-03 06:00:00,65.164,1.847,97.4,40.178,1504.761
EQ-010,135,2025-06-03 12:00:00,63.666,2.392,100.715,40.116,1503.713
EQ-010,136,2025-06-03 18:00:00,62.889,2.402,101.256,38.072,1498.521
EQ-010,137,2025-06-04 00:00:00,63.246,2.694,101.404,43.04,1490.691
EQ-010,138,2025-06-04 06:00:00,65.858,1.523,100.956,42.197,1496.3
EQ-010,139,2025-06-04 12:00:00,65.258,2.458,101.694,40.195,1514.621
EQ-010,140,2025-06-04 18:00:00,61.323,1.826,101.257,37.718,1489.675
EQ-010,141,2025-06-05 00:00:00,67.04,2.326,97.836,42.377,1467.61
EQ-010,142,2025-06-05 06:00:00,67.954,2.18,98.631,41.705,1506.993
EQ-010,143,2025-06-05 12:00:00,61.302,2.455,99.238,40.154,1522.438
EQ-010,144,2025-06-05 18:00:00,67.024,2.129,100.287,41.798,1484.232
EQ-010,145,2025-06-06 00:00:00,68.366,2.503,99.247,39.259,1520.411
EQ-010,146,2025-06-06 06:00:00,61.408,1.952,103.309,38.56,1507.81
EQ-010,147,2025-06-06 12:00:00,64.065,2.176,97.12,40.236,1482.655
EQ-010,148,2025-06-06 18:00:00,63.301,2.258,94.796,37.671,1489.444
EQ-010,149,2025-06-07 00:00:00,66.948,2.703,105.901,38.335,1488.787
EQ-010,150,2025-06-07 06:00:00,64.171,2.45,97.547,40.816,1502.535
EQ-010,151,2025-06-07 12:00:00,64.091,2.261,103.301,40.36,1497.281
EQ-010,152,2025-06-07 18:00:00,65.843,2.392,101.826,37.928,1516.584
EQ-011,1,2025-05-01 00:00:00,66.717,2.102,104.351,41.05,1469.596
EQ-011,2,2025-05-01 06:00:00,62.533,2.074,97.758,41.086,1493.15
EQ-011,3,2025-05-01 12:00:00,60.557,1.556,101.495,38.886,1489.286
EQ-011,4,2025-05-01 18:00:00,64.774,1.902,100.08,42.517,1497.289
EQ-011,5,2025-05-02 00:00:00,63.29,1.957,103.731,40.684,1492.199
EQ-011,6,2025-05-02 06:00:00,65.133,2.068,97.588,40.467,1511.793
EQ-011,7,2025-05-02 12:00:00,64.823,2.029,101.718,41.025,1491.607
EQ-011,8,2025-05-02 18:00:00,63.049,2.264,107.263,38.451,1507.133
EQ-011,9,2025-05-03 00:00:00,69.174,2.432,95.675,39.47,1498.267
EQ-011,10,2025-05-03 06:00:00,65.034,1.982,97.298,40.926,1490.659
EQ-011,11,2025-05-03 12:00:00,63.852,2.631,106.252,38.803,1489.296
EQ-011,12,2025-05-03 18:00:00,65.203,2.304,99.598,39.471,1503.495
EQ-011,13,2025-05-04 00:00:00,66.06,2.466,100.341,40.902,1520.561
EQ-011,14,2025-05-04 06:00:00,63.735,2.068,99.003,40.465,1489.037
EQ-011,15,2025-05-04 12:00:00,69.641,2.364,104.963,40.031,1500.713
EQ-011,16,2025-05-04 18:00:00,61.955,2.336,95.159,40.094,1507.258
EQ-011,17,2025-05-05 00:00:00,62.094,2.64,103.711,39.738,1499.703
EQ-011,18,2025-05-05 06:00:00,61.801,2.396,95.567,41.279,1473.597
EQ-011,19,2025-05-05 12:00:00,65.008,2.456,95.299,43.135,1507.185
EQ-011,20,2025-05-05 18:00:00,65.946,2.041,96.739,40.439,1477.404
EQ-011,21,2025-05-06 00:00:00,64.339,2.559,99.616,41.923,1477.611
EQ-011,22,2025-05-06 06:00:00,65.94,1.817,97.857,39.345,1480.429
EQ-011,23,2025-05-06 12:00:00,65.913,2.028,97.679,38.978,1497.573
EQ-011,24,2025-05-06 18:00:00,64.278,2.284,97.217,38.818,1485.546
EQ-011,25,2025-05-07 00:00:00,65.855,1.854,97.269,38.622,1478.468
EQ-011,26,2025-05-07 06:00:00,64.607,1.923,97.201,39.56,1505.7
EQ-011,27,2025-05-07 12:00:00,64.182,1.923,100.705,41.329,1499.596
EQ-011,28,2025-05-07 18:00:00,64.003,2.314,98.092,41.504,1511.365
EQ-011,29,2025-05-08 00:00:00,65.466,2.152,92.004,39.236,1489.057
EQ-011,30,2025-05-08 06:00:00,67.436,2.489,99.888,39.514,1499.046
EQ-011,31,2025-05-08 12:00:00,62.59,2.764,102.248,39.997,1512.005
EQ-011,32,2025-05-08 18:00:00,64.039,2.281,99.164,40.351,1480.3
EQ-011,33,2025-05-09 00:00:00,65.325,2.047,96.218,40.88,1490.076
EQ-011,34,2025-05-09 06:00:00,68.514,2.31,102.235,39.401,1514.892
EQ-011,35,2025-05-09 12:00:00,65.863,1.931,95.882,39.699,1500.293
EQ-011,36,2025-05-09 18:00:00,63.375,2.181,99.036,42.032,1497.742
EQ-011,37,2025-05-10 00:00:00,63.152,2.939,99.934,39.582,1499.421
EQ-011,38,2025-05-10 06:00:00,66.97,2.139,103.237,39.138,1518.345
EQ-011,39,2025-05-10 12:00:00,64.373,2.291,101.733,39.872,1499.639
EQ-011,40,2025-05-10 18:00:00,62.538,2.152,100.715,40.117,1500.683
EQ-011,41,2025-05-11 00:00:00,67.028,2.077,102.792,37.689,1499.749
EQ-011,42,2025-05-11 06:00:00,65.616,2.344,96.526,39.334,1475.761
EQ-011,43,2025-05-11 12:00:00,62.612,1.819,104.74,40.63,1507.539
EQ-011,44,2025-05-11 18:00:00,62.319,2.15,90.805,43.007,1487.683
EQ-011,45,2025-05-12 00:00:00,60.665,1.793,104.283,39.207,1481.067
EQ-011,46,2025-05-12 06:00:00,63.755,2.663,97.476,41.147,1473.803
EQ-011,47,2025-05-12 12:00:00,65.609,2.496,101.141,40.269,1476.918
EQ-011,48,2025-05-12 18:00:00,66.921,1.97,104.345,41.74,1465.96
EQ-011,49,2025-05-13 00:00:00,65.85,1.643,101.683,39.072,1484.624
EQ-011,50,2025-05-13 06:00:00,62.39,2.347,101.117,41.655,1493.48
EQ-011,51,2025-05-13 12:00:00,64.433,2.187,102.599,42.103,1515.919
EQ-011,52,2025-05-13 18:00:00,67.859,2.873,95.56,42.167,1500.911
EQ-011,53,2025-05-14 00:00:00,63.976,2.621,96.01,42.141,1503.802
EQ-011,54,2025-05-14 06:00:00,66.538,2.391,100.814,40.286,1519.191
EQ-011,55,2025-05-14 12:00:00,66.291,2.042,99.407,40.877,1457.232
EQ-011,56,2025-05-14 18:00:00,66.52,2.122,99.062,39.371,1505.875
EQ-011,57,2025-05-15 00:00:00,65.862,2.291,103.715,36.666,1504.724
EQ-011,58,2025-05-15 06:00:00,66.513,2.307,103.454,40.384,1512.355
EQ-011,59,2025-05-15 12:00:00,62.037,1.988,97.238,39.759,1473.056
EQ-011,60,2025-05-15 18:00:00,68.031,1.791,101.327,41.445,1491.39
EQ-011,61,2025-05-16 00:00:00,61.387,2.778,95.307,41.293,1486.035
EQ-011,62,2025-05-16 06:00:00,65.624,2.21,95.235,38.407,1480.682
EQ-011,63,2025-05-16 12:00:00,64.903,2.327,97.321,43.509,1534.69
EQ-011,64,2025-05-16 18:00:00,63.749,1.943,99.841,40.582,1491.509
EQ-011,65,2025-05-17 00:00:00,63.05,2.61,98.041,38.074,1513.908
EQ-011,66,2025-05-17 06:00:00,66.099,2.512,101.354,38.284,1510.585
EQ-011,67,2025-05-17 12:00:00,66.603,2.218,99.954,36.733,1478.397
EQ-011,68,2025-05-17 18:00:00,64.794,2.263,103.342,41.145,1492.123
EQ-011,69,2025-05-18 00:00:00,64.422,2.285,101.637,39.21,1500.904
EQ-011,70,2025-05-18 06:00:00,67.563,2.229,96.884,38.739,1505.932
EQ-011,71,2025-05-18 12:00:00,64.157,2.367,102.702,39.034,1504.961
EQ-011,72,2025-05-18 18:00:00,64.916,2.313,97.414,39.549,1526.297
EQ-011,73,2025-05-19 00:00:00,64.593,2.147,101.234,40.863,1513.656
EQ-011,74,2025-05-19 06:00:00,69.942,1.849,98.523,37.533,1509.854
EQ-011,75,2025-05-19 12:00:00,63.32,2.192,103.972,38.395,1514.524
EQ-011,76,2025-05-19 18:00:00,66.663,2.425,102.194,40.698,1520.292
EQ-011,77,2025-05-20 00:00:00,61.601,2.402,97.922,39.109,1490.655
EQ-011,78,2025-05-20 06:00:00,63.084,2.594,98.842,40.873,1476.307
EQ-011,79,2025-05-20 12:00:00,64.382,2.625,109.808,39.254,1490.9
EQ-011,80,2025-05-20 18:00:00,64.738,2.41,96.217,42.362,1479.395
EQ-011,81,2025-05-21 00:00:00,64.451,2.256,97.84,40.313,1485.255
EQ-011,82,2025-05-21 06:00:00,64.801,2.303,97.987,41.839,1501.497
EQ-011,83,2025-05-21 12:00:00,63.622,2.028,96.523,40.777,1491.698
EQ-011,84,2025-05-21 18:00:00,67.575,2.44,96.838,40.867,1509.721
EQ-011,85,2025-05-22 00:00:00,62.999,2.597,99.674,38.871,1504.554
EQ-011,86,2025-05-22 06:00:00,66.489,2.512,101.43,41.751,1505.471
EQ-011,87,2025-05-22 12:00:00,66.355,2.367,95.221,40.324,1481.026
EQ-011,88,2025-05-22 18:00:00,63.104,2.128,98.496,38.569,1486.836
EQ-011,89,2025-05-23 00:00:00,64.266,2.093,97.588,36.835,1471.35
EQ-011,90,2025-05-23 06:00:00,64.995,2.152,96.489,40.21,1508.521
EQ-011,91,2025-05-23 12:00:00,68.351,1.981,102.987,42.262,1528.832
EQ-011,92,2025-05-23 18:00:00,64.262,2.282,97.705,38.639,1502.682
EQ-011,93,2025-05-24 00:00:00,72.247,1.361,95.89,38.589,1504.015
EQ-011,94,2025-05-24 06:00:00,66.536,2.038,102.64,39.526,1492.026
EQ-011,95,2025-05-24 12:00:00,65.687,2.22,103.754,41.652,1496.752
EQ-011,96,2025-05-24 18:00:00,66.768,2.95,100.713,37.245,1519.12
EQ-011,97,2025-05-25 00:00:00,61.563,2.201,97.177,39.025,1501.361
EQ-011,98,2025-05-25 06:00:00,67.344,2.212,99.167,38.491,1509.59
EQ-011,99,2025-05-25 12:00:00,62.354,1.95,98.035,40.843,1519.512
EQ-011,100,2025-05-25 18:00:00,66.739,2.716,99.852,39.786,1516.507
EQ-011,101,2025-05-26 00:00:00,63.815,1.956,102.148,39.48,1500.485
EQ-011,102,2025-05-26 06:00:00,63.401,2.81,99.924,39.73,1501.587
EQ-011,103,2025-05-26 12:00:00,68.545,1.978,99.989,41.177,1494.205
EQ-011,104,2025-05-26 18:00:00,64.801,2.482,98.461,41.682,1507.484
EQ-011,105,2025-05-27 00:00:00,61.938,2.183,101.995,41.537,1493.8
EQ-011,106,2025-05-27 06:00:00,66.95,2.031,101.105,40.863,1505.252
EQ-011,107,2025-05-27 12:00:00,62.559,2.503,94.485,42.076,1515.574
EQ-011,108,2025-05-27 18:00:00,67.721,2.599,94.656,38.603,1474.708
EQ-011,109,2025-05-28 00:00:00,64.968,2.144,99.005,40.582,1472.138
EQ-011,110,2025-05-28 06:00:00,62.452,2.193,102.912,43.523,1499.33
EQ-011,111,2025-05-28 12:00:00,66.643,2.076,103.5,37.245,1510.033
EQ-011,112,2025-05-28 18:00:00,66.042,2.267,102.289,39.199,1504.303
EQ-011,113,2025-05-29 00:00:00,60.753,1.872,99.548,38.446,1481.836
EQ-011,114,2025-05-29 06:00:00,64.873,1.392,104.395,40.433,1513.496
EQ-011,115,2025-05-29 12:00:00,65.598,1.639,97.833,42.157,1528.624
EQ-011,116,2025-05-29 18:00:00,65.481,2.134,98.977,40.806,1486.97
EQ-011,117,2025-05-30 00:00:00,64.631,1.879,95.737,39.674,1489.125
EQ-011,118,2025-05-30 06:00:00,66.49,2.165,98.964,40.819,1500.384
EQ-011,119,2025-05-30 12:00:00,66.138,2.046,97.415,39.565,1498.114
EQ-011,120,2025-05-30 18:00:00,65.062,1.988,104.614,40.292,1518.046
EQ-011,121,2025-05-31 00:00:00,64.527,2.005,104.023,40.928,1504.254
EQ-011,122,2025-05-31 06:00:00,65.296,2.49,100.19,42.629,1495.626
EQ-011,123,2025-05-31 12:00:00,63.793,2.271,101.401,41.198,1520.214
EQ-011,124,2025-05-31 18:00:00,62.955,2.669,98.187,40.232,1431.005
EQ-011,125,2025-06-01 00:00:00,62.752,2.231,92.39,42.272,1497.343
EQ-011,126,2025-06-01 06:00:00,64.8,1.627,97.713,36.562,1509.439
EQ-011,127,2025-06-01 12:00:00,63.285,1.887,102.244,41.17,1490.629
EQ-011,128,2025-06-01 18:00:00,64.682,2.235,101.314,39.442,1511.127
EQ-011,129,2025-06-02 00:00:00,67.66,2.273,98.824,40.848,1474.908
EQ-011,130,2025-06-02 06:00:00,64.586,2.024,102.219,42.414,1462.414
EQ-011,131,2025-06-02 12:00:00,65.276,1.961,98.588,41.052,1454.852
EQ-011,132,2025-06-02 18:00:00,64.543,2.018,96.575,40.005,1485.791
EQ-011,133,2025-06-03 00:00:00,67.613,2.157,102.219,40.435,1518.023
EQ-011,134,2025-06-03 06:00:00,68.316,2.185,98.165,39.659,1508.815
EQ-011,135,2025-06-03 12:00:00,64.061,1.871,103.08,38.947,1504.201
EQ-011,136,2025-06-03 18:00:00,66.456,2.274,94.007,38.649,1530.034
EQ-011,137,2025-06-04 00:00:00,69.182,2.271,98.291,40.257,1520.809
EQ-011,138,2025-06-04 06:00:00,62.679,2.167,101.792,41.844,1500.761
EQ-011,139,2025-06-04 12:00:00,66.961,1.993,101.482,43.246,1471.223
EQ-011,140,2025-06-04 18:00:00,61.519,2.401,99.337,38.918,1555.77
EQ-011,141,2025-06-05 00:00:00,65.059,2.597,100.862,38.402,1537.846
EQ-011,142,2025-06-05 06:00:00,64.72,2.066,100.42,37.831,1457.446
EQ-011,143,2025-06-05 12:00:00,61.586,2.011,95.533,38.189,1533.505
EQ-011,144,2025-06-05 18:00:00,67.178,2.34,98.909,40.168,1550.139
EQ-011,145,2025-06-06 00:00:00,65.295,1.849,100.682,39.979,1529.305
EQ-011,146,2025-06-06 06:00:00,63.145,1.817,101.519,39.023,1496.86
EQ-011,147,2025-06-06 12:00:00,65.657,2.005,99.805,44.259,1520.017
EQ-011,148,2025-06-06 18:00:00,66.808,2.293,98.344,42.07,1562.277
EQ-011,149,2025-06-07 00:00:00,61.462,1.936,95.997,43.814,1521.654
EQ-011,150,2025-06-07 06:00:00,58.703,2.194,102.258,38.641,1507.102
EQ-011,151,2025-06-07 12:00:00,64.916,1.597,101.929,43.36,1575.928
EQ-011,152,2025-06-07 18:00:00,63.463,2.385,102.962,41.447,1491.37
EQ-011,153,2025-06-08 00:00:00,67.677,2.632,96.765,42.307,1510.093
EQ-011,154,2025-06-08 06:00:00,64.259,1.927,100.366,41.616,1495.076
EQ-011,155,2025-06-08 12:00:00,65.619,2.333,97.923,40.167,1500.374
EQ-011,156,2025-06-08 18:00:00,64.626,2.138,100.139,40.451,1447.535
EQ-011,157,2025-06-09 00:00:00,61.908,2.232,108.72,42.756,1546.172
EQ-011,158,2025-06-09 06:00:00,65.061,2.126,102.711,39.118,1481.746
EQ-011,159,2025-06-09 12:00:00,62.348,2.109,97.733,42.463,1480.642
EQ-011,160,2025-06-09 18:00:00,62.25,1.95,99.242,42.841,1471.396
EQ-011,161,2025-06-10 00:00:00,62.805,1.872,98.914,40.793,1504.901
EQ-011,162,2025-06-10 06:00:00,62.629,2.53,100.372,42.573,1475.457
EQ-011,163,2025-06-10 12:00:00,64.579,1.696,95.428,42.374,1530.561
EQ-011,164,2025-06-10 18:00:00,64.216,2.194,100.971,40.327,1527.175
EQ-011,165,2025-06-11 00:00:00,65.568,2.181,93.647,40.733,1482.991
EQ-011,166,2025-06-11 06:00:00,61.852,2.186,94.982,42.912,1490.605
EQ-011,167,2025-06-11 12:00:00,64.497,2.399,106.005,40.126,1496.059
EQ-011,168,2025-06-11 18:00:00,64.037,2.089,98.918,41.565,1437.005
EQ-011,169,2025-06-12 00:00:00,65.403,2.396,104.279,39.646,1496.172
EQ-011,170,2025-06-12 06:00:00,65.499,2.796,97.57,42.778,1465.491
EQ-011,171,2025-06-12 12:00:00,65.313,2.154,93.695,41.727,1583.354
EQ-011,172,2025-06-12 18:00:00,63.019,1.59,96.848,40.431,1485.242
EQ-011,173,2025-06-13 00:00:00,65.049,2.157,108.064,40.547,1512.448
EQ-011,174,2025-06-13 06:00:00,63.974,2.128,95.768,41.915,1534.251
EQ-011,175,2025-06-13 12:00:00,67.628,2.321,105.329,41.16,1458.476
EQ-011,176,2025-06-13 18:00:00,65.221,1.602,101.036,40.4,1472.144
EQ-011,177,2025-06-14 00:00:00,65.159,2.297,100.36,40.292,1503.274
EQ-011,178,2025-06-14 06:00:00,62.438,2.074,97.754,43.882,1508.895
EQ-011,179,2025-06-14 12:00:00,63.819,2.441,97.296,44.038,1519.978
EQ-011,180,2025-06-14 18:00:00,65.518,2.044,101.692,44.72,1415.485
EQ-011,181,2025-06-15 00:00:00,64.843,2.46,103.958,42.708,1508.505
EQ-011,182,2025-06-15 06:00:00,64.821,1.747,100.589,44.896,1494.218
EQ-011,183,2025-06-15 12:00:00,61.493,2.205,102.219,42.264,1467.063
EQ-011,184,2025-06-15 18:00:00,63.372,1.908,98.723,37.132,1440.739
EQ-011,185,2025-06-16 00:00:00,64.45,2.054,106.519,44.861,1479.527
EQ-011,186,2025-06-16 06:00:00,67.403,3.016,100.716,43.354,1537.811
EQ-011,187,2025-06-16 12:00:00,61.218,1.915,106.1,43.193,1534.081
EQ-011,188,2025-06-16 18:00:00,62.912,2.088,97.104,42.098,1530.724
EQ-011,189,2025-06-17 00:00:00,61.204,1.857,99.865,43.369,1510.078
EQ-011,190,2025-06-17 06:00:00,65.651,2.108,103.214,40.894,1505.837
EQ-011,191,2025-06-17 12:00:00,67.372,2.155,100.426,42.624,1445.39
EQ-011,192,2025-06-17 18:00:00,65.721,1.98,101.553,42.497,1460.93
EQ-011,193,2025-06-18 00:00:00,66.154,2.673,97.067,42.944,1501.386
EQ-011,194,2025-06-18 06:00:00,62.936,2.547,98.784,41.996,1442.593
EQ-011,195,2025-06-18 12:00:00,65.739,1.916,97.374,42.03,1493.622
EQ-011,196,2025-06-18 18:00:00,63.455,2.445,99.743,44.909,1463.864
EQ-011,197,2025-06-19 00:00:00,65.119,2.056,99.435,46.089,1554.918
EQ-011,198,2025-06-19 06:00:00,66.005,1.831,98.413,42.908,1497.851
EQ-011,199,2025-06-19 12:00:00,64.416,1.985,101.897,42.983,1473.616
EQ-011,200,2025-06-19 18:00:00,66.64,1.823,96.804,41.764,1466.373
EQ-011,201,2025-06-20 00:00:00,64.673,2.482,93.552,43.573,1497.223
EQ-011,202,2025-06-20 06:00:00,65.547,1.937,98.285,42.676,1475.221
EQ-011,203,2025-06-20 12:00:00,68.782,2.586,106.457,45.947,1508.241
EQ-011,204,2025-06-20 18:00:00,65.995,2.242,101.53,42.617,1476.805
EQ-011,205,2025-06-21 00:00:00,63.501,2.079,97.461,45.177,1492.889
EQ-011,206,2025-06-21 06:00:00,64.039,2.049,101.335,43.456,1530.18
EQ-011,207,2025-06-21 12:00:00,66.746,2.726,99.598,45.9,1514.151
EQ-011,208,2025-06-21 18:00:00,67.085,2.203,101.163,46.599,1504.145
EQ-011,209,2025-06-22 00:00:00,64.927,2.049,102.642,44.582,1484.156
EQ-011,210,2025-06-22 06:00:00,61.946,2.456,100.581,47.027,1493.501
EQ-011,211,2025-06-22 12:00:00,63.099,2.376,100.362,45.857,1520.482
EQ-011,212,2025-06-22 18:00:00,65.361,1.904,104.46,46.66,1540.391
EQ-011,213,2025-06-23 00:00:00,66.161,2.202,101.619,43.453,1456.821
EQ-011,214,2025-06-23 06:00:00,67.01,1.657,100.585,41.682,1519.891
EQ-011,215,2025-06-23 12:00:00,60.936,2.19,100.127,45.039,1461.109
EQ-011,216,2025-06-23 18:00:00,66.743,2.294,98.302,44.982,1534.661
EQ-011,217,2025-06-24 00:00:00,67.854,2.334,96.263,43.948,1602.88
EQ-011,218,2025-06-24 06:00:00,60.213,1.9,102.011,46.084,1438.929
EQ-011,219,2025-06-24 12:00:00,64.989,1.978,103.83,41.232,1532.103
EQ-011,220,2025-06-24 18:00:00,66.516,2.274,101.284,46.748,1472.471
EQ-011,221,2025-06-25 00:00:00,62.177,2.575,101.698,46.168,1505.802
EQ-011,222,2025-06-25 06:00:00,64.001,2.228,97.339,44.524,1479.452
EQ-011,223,2025-06-25 12:00:00,66.12,2.033,98.211,45.795,1420.731
EQ-011,224,2025-06-25 18:00:00,63.955,2.491,96.155,48.62,1466.764
EQ-011,225,2025-06-26 00:00:00,64.273,2.239,99.251,45.71,1512.421
EQ-011,226,2025-06-26 06:00:00,65.442,2.254,102.95,46.554,1552.552
EQ-011,227,2025-06-26 12:00:00,62.66,2.439,97.908,47.822,1490.489
EQ-011,228,2025-06-26 18:00:00,62.866,2.171,99.776,44.508,1546.544
EQ-011,229,2025-06-27 00:00:00,65.937,1.92,102.107,44.965,1499.514
EQ-011,230,2025-06-27 06:00:00,66.898,2.154,103.624,49.457,1476.383
EQ-011,231,2025-06-27 12:00:00,65.797,2.534,95.059,46.53,1502.198
EQ-011,232,2025-06-27 18:00:00,67.722,2.768,98.57,47.946,1475.868
EQ-011,233,2025-06-28 00:00:00,65.839,1.834,97.785,46.013,1564.037
EQ-011,234,2025-06-28 06:00:00,68.694,2.691,97.37,51.433,1479.784
EQ-011,235,2025-06-28 12:00:00,65.132,2.09,98.851,46.119,1521.732
EQ-011,236,2025-06-28 18:00:00,65.505,2.206,94.158,45.357,1554.329
EQ-011,237,2025-06-29 00:00:00,65.806,2.71,98.897,51.178,1503.177
EQ-011,238,2025-06-29 06:00:00,63.744,2.077,100.105,46.883,1525.338
EQ-011,239,2025-06-29 12:00:00,63.448,2.118,96.871,47.614,1464.419
EQ-011,240,2025-06-29 18:00:00,63.2,2.007,98.555,49.474,1447.147
EQ-011,241,2025-06-30 00:00:00,63.889,2.211,100.059,50.168,1501.975
EQ-011,242,2025-06-30 06:00:00,69.142,2.294,100.359,48.065,1471.729
EQ-011,243,2025-06-30 12:00:00,68.643,1.994,95.097,49.856,1515.51
EQ-012,1,2025-05-01 00:00:00,65.902,1.528,96.843,43.485,1528.387
EQ-012,2,2025-05-01 06:00:00,66.165,1.965,100.598,39.485,1493.047
EQ-012,3,2025-05-01 12:00:00,65.297,1.754,100.729,41.02,1490.596
EQ-012,4,2025-05-01 18:00:00,64.312,2.475,96.917,40.512,1535.488
EQ-012,5,2025-05-02 00:00:00,63.766,2.396,99.687,39.486,1505.445
EQ-012,6,2025-05-02 06:00:00,64.823,2.12,98.762,41.967,1524.329
EQ-012,7,2025-05-02 12:00:00,65.964,1.773,97.708,38.665,1499.607
EQ-012,8,2025-05-02 18:00:00,66.057,1.84,98.383,36.886,1498.539
EQ-012,9,2025-05-03 00:00:00,65.288,2.275,94.879,39.811,1456.122
EQ-012,10,2025-05-03 06:00:00,65.704,1.997,103.188,39.615,1515.176
EQ-012,11,2025-05-03 12:00:00,62.791,2.031,104.687,41.594,1505.779
EQ-012,12,2025-05-03 18:00:00,64.071,2.178,97.221,38.125,1498.323
EQ-012,13,2025-05-04 00:00:00,66.342,2.076,103.33,40.786,1508.879
EQ-012,14,2025-05-04 06:00:00,63.333,1.675,99.904,40.604,1500.574
EQ-012,15,2025-05-04 12:00:00,65.283,1.801,99.969,40.484,1485.849
EQ-012,16,2025-05-04 18:00:00,65.103,1.808,96.114,41.566,1505.44
EQ-012,17,2025-05-05 00:00:00,64.772,1.982,98.327,39.965,1497.14
EQ-012,18,2025-05-05 06:00:00,66.358,2.227,101.598,40.078,1511.116
EQ-012,19,2025-05-05 12:00:00,65.454,2.215,97.074,40.675,1495.796
EQ-012,20,2025-05-05 18:00:00,62.605,2.556,97.775,39.847,1492.97
EQ-012,21,2025-05-06 00:00:00,66.032,1.778,98.476,37.97,1491.837
EQ-012,22,2025-05-06 06:00:00,63.986,2.292,89.778,39.384,1486.74
EQ-012,23,2025-05-06 12:00:00,62.272,1.964,100.985,39.612,1492.162
EQ-012,24,2025-05-06 18:00:00,66.485,2.793,101.911,39.156,1506.479
EQ-012,25,2025-05-07 00:00:00,62.628,2.168,101.094,39.525,1488.755
EQ-012,26,2025-05-07 06:00:00,64.291,2.032,102.829,40.269,1482.369
EQ-012,27,2025-05-07 12:00:00,65.587,2.282,98.668,39.589,1511.841
EQ-012,28,2025-05-07 18:00:00,64.853,2.259,105.434,41.281,1497.928
EQ-012,29,2025-05-08 00:00:00,63.751,2.086,97.466,41.304,1511.52
EQ-012,30,2025-05-08 06:00:00,63.013,2.378,99.327,36.432,1496.696
EQ-012,31,2025-05-08 12:00:00,63.48,2.653,99.03,37.85,1491.424
EQ-012,32,2025-05-08 18:00:00,62.845,2.475,100.559,36.393,1473.852
EQ-012,33,2025-05-09 00:00:00,64.747,2.155,99.281,39.589,1483.051
EQ-012,34,2025-05-09 06:00:00,63.909,2.733,99.691,39.496,1486.91
EQ-012,35,2025-05-09 12:00:00,62.242,2.345,97.965,40.226,1504.214
EQ-012,36,2025-05-09 18:00:00,64.422,1.871,98.685,41.264,1498.365
EQ-012,37,2025-05-10 00:00:00,63.714,2.216,93.297,39.936,1484.617
EQ-012,38,2025-05-10 06:00:00,65.536,2.135,102.407,39.096,1458.289
EQ-012,39,2025-05-10 12:00:00,65.724,2.038,96.934,39.994,1506.939
EQ-012,40,2025-05-10 18:00:00,67.684,2.294,98.528,39.259,1513.161
EQ-012,41,2025-05-11 00:00:00,66.296,1.636,96.821,37.784,1514.47
EQ-012,42,2025-05-11 06:00:00,62.824,2.681,101.709,41.437,1485.528
EQ-012,43,2025-05-11 12:00:00,60.654,2.384,98.37,40.637,1515.402
EQ-012,44,2025-05-11 18:00:00,61.963,1.648,92.67,42.173,1508.49
EQ-012,45,2025-05-12 00:00:00,63.995,2.38,100.842,38.144,1508.418
EQ-012,46,2025-05-12 06:00:00,61.784,2.333,97.758,37.578,1490.859
EQ-012,47,2025-05-12 12:00:00,63.768,2.64,99.93,38.596,1498.009
EQ-012,48,2025-05-12 18:00:00,65.065,2.717,102.497,40.598,1527.473
EQ-012,49,2025-05-13 00:00:00,63.874,2.768,97.037,41.288,1525.16
EQ-012,50,2025-05-13 06:00:00,65.557,2.117,99.847,40.429,1499.276
EQ-012,51,2025-05-13 12:00:00,63.783,2.362,97.685,40.215,1502.875
EQ-012,52,2025-05-13 18:00:00,63.476,2.056,102.96,41.282,1467.075
EQ-012,53,2025-05-14 00:00:00,68.416,2.494,100.237,39.311,1518.059
EQ-012,54,2025-05-14 06:00:00,64.934,1.552,99.931,41.585,1511.184
EQ-012,55,2025-05-14 12:00:00,65.224,1.817,96.277,42.978,1505.176
EQ-012,56,2025-05-14 18:00:00,66.688,2.07,102.251,38.406,1490.964
EQ-012,57,2025-05-15 00:00:00,66.754,2.182,102.631,39.619,1500.996
EQ-012,58,2025-05-15 06:00:00,64.268,2.249,97.702,37.915,1521.986
EQ-012,59,2025-05-15 12:00:00,67.092,2.582,100.462,38.552,1505.429
EQ-012,60,2025-05-15 18:00:00,64.102,2.005,101.764,40.589,1539.475
EQ-012,61,2025-05-16 00:00:00,67.032,1.812,106.654,37.472,1512.172
EQ-012,62,2025-05-16 06:00:00,62.532,2.084,101.173,38.831,1486.218
EQ-012,63,2025-05-16 12:00:00,64.387,2.018,99.999,41.58,1493.838
EQ-012,64,2025-05-16 18:00:00,65.445,2.366,99.533,40.335,1489.353
EQ-012,65,2025-05-17 00:00:00,65.722,2.658,99.711,41.152,1512.866
EQ-012,66,2025-05-17 06:00:00,63.313,2.631,102.302,38.06,1517.303
EQ-012,67,2025-05-17 12:00:00,61.702,2.527,97.354,40.102,1525.744
EQ-012,68,2025-05-17 18:00:00,65.921,2.029,102.798,42.83,1495.014
EQ-012,69,2025-05-18 00:00:00,64.587,2.151,95.376,39.007,1507.02
EQ-012,70,2025-05-18 06:00:00,64.219,2.327,101.999,39.268,1519.206
EQ-012,71,2025-05-18 12:00:00,68.309,1.969,102.834,40.873,1523.248
EQ-012,72,2025-05-18 18:00:00,64.414,1.997,102.419,38.65,1481.542
EQ-012,73,2025-05-19 00:00:00,63.966,2.312,100.811,41.076,1509.302
EQ-012,74,2025-05-19 06:00:00,61.4,1.791,101.185,37.305,1482.104
EQ-012,75,2025-05-19 12:00:00,62.834,2.528,98.799,36.362,1490.973
EQ-012,76,2025-05-19 18:00:00,66.752,2.08,96.625,40.472,1480.398
EQ-012,77,2025-05-20 00:00:00,63.549,2.362,100.749,38.53,1490.686
EQ-012,78,2025-05-20 06:00:00,66.257,2.262,100.207,39.151,1478.254
EQ-012,79,2025-05-20 12:00:00,62.415,2.576,102.771,41.315,1482.271
EQ-012,80,2025-05-20 18:00:00,63.262,1.562,99.576,40.936,1486.431
EQ-012,81,2025-05-21 00:00:00,63.211,2.578,100.477,38.159,1504.546
EQ-012,82,2025-05-21 06:00:00,65.954,2.571,100.862,40.78,1500.508
EQ-012,83,2025-05-21 12:00:00,64.576,2.284,101.717,39.55,1475.34
EQ-012,84,2025-05-21 18:00:00,62.779,2.356,102.846,40.626,1541.121
EQ-012,85,2025-05-22 00:00:00,66.429,2.379,97.139,39.97,1492.672
EQ-012,86,2025-05-22 06:00:00,65.989,1.93,102.105,37.745,1480.061
EQ-012,87,2025-05-22 12:00:00,65.681,2.216,99.458,38.93,1508.738
EQ-012,88,2025-05-22 18:00:00,65.59,2.467,101.928,36.382,1499.931
EQ-012,89,2025-05-23 00:00:00,63.292,1.664,104.435,40.278,1487.81
EQ-012,90,2025-05-23 06:00:00,67.517,2.341,93.675,40.595,1505.859
EQ-012,91,2025-05-23 12:00:00,64.798,2.226,103.643,38.943,1489.914
EQ-012,92,2025-05-23 18:00:00,65.536,2.388,99.645,39.826,1516.988
EQ-012,93,2025-05-24 00:00:00,65.766,1.818,97.434,38.539,1520.82
EQ-012,94,2025-05-24 06:00:00,63.11,1.977,98.687,41.885,1492.976
EQ-012,95,2025-05-24 12:00:00,68.793,1.781,96.906,38.071,1512.373
EQ-012,96,2025-05-24 18:00:00,64.946,1.778,101.522,39.533,1518.091
EQ-012,97,2025-05-25 00:00:00,65.067,2.449,96.896,38.053,1503.233
EQ-012,98,2025-05-25 06:00:00,64.175,2.023,103.613,40.352,1468.171
EQ-012,99,2025-05-25 12:00:00,67.3,2.001,102.076,41.557,1495.53
EQ-012,100,2025-05-25 18:00:00,67.384,2.527,100.681,36.886,1501.278
EQ-012,101,2025-05-26 00:00:00,65.317,2.097,93.892,40.981,1486.103
EQ-012,102,2025-05-26 06:00:00,62.068,2.489,96.032,42.447,1534.252
EQ-012,103,2025-05-26 12:00:00,64.671,2.023,99.76,40.193,1466.825
EQ-012,104,2025-05-26 18:00:00,64.87,2.096,99.923,38.988,1472.145
EQ-012,105,2025-05-27 00:00:00,64.097,1.928,102.819,39.943,1540.206
EQ-012,106,2025-05-27 06:00:00,63.033,2.364,91.262,39.182,1483.122
EQ-012,107,2025-05-27 12:00:00,61.892,2.138,97.722,42.946,1490.045
EQ-012,108,2025-05-27 18:00:00,67.942,2.419,102.511,41.252,1515.689
EQ-012,109,2025-05-28 00:00:00,66.483,2.246,98.988,41.351,1499.067
EQ-012,110,2025-05-28 06:00:00,65.069,1.616,98.598,43.233,1505.006
EQ-012,111,2025-05-28 12:00:00,63.7,2.121,95.163,42.017,1512.936
EQ-012,112,2025-05-28 18:00:00,65.72,1.739,103.176,39.818,1479.268
EQ-012,113,2025-05-29 00:00:00,65.408,2.304,98.545,40.038,1484.41
EQ-012,114,2025-05-29 06:00:00,64.198,2.367,103.281,43.54,1462.288
EQ-012,115,2025-05-29 12:00:00,65.779,2.398,104.397,38.891,1482.104
EQ-012,116,2025-05-29 18:00:00,66.025,2.163,103.951,39.743,1510.534
EQ-012,117,2025-05-30 00:00:00,66.375,1.71,99.903,38.481,1522.792
EQ-012,118,2025-05-30 06:00:00,63.224,2.866,98.547,37.273,1495.753
EQ-012,119,2025-05-30 12:00:00,65.863,2.322,98.343,38.68,1513.655
EQ-012,120,2025-05-30 18:00:00,67.355,2.145,105.905,38.71,1505.801
EQ-012,121,2025-05-31 00:00:00,65.593,2.72,99.364,39.062,1558.019
EQ-012,122,2025-05-31 06:00:00,69.416,1.634,103.159,40.918,1492.143
EQ-012,123,2025-05-31 12:00:00,64.639,2.22,101.447,39.982,1521.829
EQ-012,124,2025-05-31 18:00:00,61.565,2.167,98.765,41.517,1490.506
EQ-012,125,2025-06-01 00:00:00,63.302,1.836,99.241,40.226,1474.282
EQ-012,126,2025-06-01 06:00:00,63.661,2.358,103.55,40.269,1531.771
EQ-012,127,2025-06-01 12:00:00,66.117,2.052,100.094,39.563,1521.402
EQ-012,128,2025-06-01 18:00:00,66.664,3.476,98.639,42.92,1480.139
EQ-012,129,2025-06-02 00:00:00,65.272,2.346,97.579,39.365,1467.894
EQ-012,130,2025-06-02 06:00:00,65.585,2.299,100.96,41.375,1517.655
EQ-012,131,2025-06-02 12:00:00,68.83,1.798,98.451,38.227,1456.727
EQ-012,132,2025-06-02 18:00:00,63.338,2.085,101.782,39.635,1475.05
EQ-012,133,2025-06-03 00:00:00,64.854,2.839,107.632,43.011,1503.468
EQ-012,134,2025-06-03 06:00:00,64.095,2.619,101.554,41.028,1517.915
EQ-012,135,2025-06-03 12:00:00,62.652,3.91,105.412,37.9,1485.778
EQ-012,136,2025-06-03 18:00:00,60.95,2.282,97.856,38.452,1518.404
EQ-012,137,2025-06-04 00:00:00,67.593,1.904,102.052,42.403,1533.401
EQ-012,138,2025-06-04 06:00:00,63.472,2.151,103.767,40.133,1480.943
EQ-012,139,2025-06-04 12:00:00,64.499,2.073,104.139,39.587,1464.692
EQ-012,140,2025-06-04 18:00:00,65.861,2.175,103.838,38.831,1516.792
EQ-012,141,2025-06-05 00:00:00,62.62,1.766,100.05,39.524,1492.648
EQ-012,142,2025-06-05 06:00:00,63.331,2.486,102.67,42.121,1488.726
EQ-012,143,2025-06-05 12:00:00,64.957,1.394,96.947,38.95,1510.728
EQ-012,144,2025-06-05 18:00:00,64.123,2.457,104.821,39.097,1511.094
EQ-012,145,2025-06-06 00:00:00,62.448,2.463,97.144,40.899,1527.153
EQ-012,146,2025-06-06 06:00:00,66.214,2.898,103.762,38.44,1479.583
EQ-012,147,2025-06-06 12:00:00,64.072,2.125,103.131,38.598,1476.67
EQ-012,148,2025-06-06 18:00:00,65.274,2.044,103.112,40.009,1503.756
EQ-012,149,2025-06-07 00:00:00,65.114,2.236,106.197,40.047,1460.71
EQ-012,150,2025-06-07 06:00:00,66.939,2.368,103.157,38.786,1493.815
EQ-012,151,2025-06-07 12:00:00,65.706,2.173,96.02,40.71,1492.523
EQ-012,152,2025-06-07 18:00:00,63.275,1.845,101.77,40.328,1530.013
EQ-012,153,2025-06-08 00:00:00,67.324,2.368,94.332,37.04,1523.156
EQ-012,154,2025-06-08 06:00:00,64.053,2.2,99.727,41.171,1506.756
EQ-012,155,2025-06-08 12:00:00,63.372,3.963,98.733,39.146,1462.351
EQ-012,156,2025-06-08 18:00:00,63.076,1.713,101.914,41.209,1442.974
EQ-012,157,2025-06-09 00:00:00,60.313,2.941,97.531,43.12,1499.71
EQ-012,158,2025-06-09 06:00:00,63.783,2.45,97.621,39.899,1520.81
EQ-012,159,2025-06-09 12:00:00,65.793,2.368,101.504,39.033,1463.72
EQ-012,160,2025-06-09 18:00:00,62.276,2.166,103.524,42.068,1476.929
EQ-012,161,2025-06-10 00:00:00,68.417,4.743,100.008,38.741,1502.196
EQ-013,1,2025-05-01 00:00:00,65.445,2.146,100.181,38.96,1497.834
EQ-013,2,2025-05-01 06:00:00,65.563,2.039,101.11,37.524,1500.442
EQ-013,3,2025-05-01 12:00:00,61.703,1.946,104.531,37.898,1493.532
EQ-013,4,2025-05-01 18:00:00,65.333,1.89,97.483,40.549,1507.163
EQ-013,5,2025-05-02 00:00:00,64.276,2.33,100.026,44.978,1491.958
EQ-013,6,2025-05-02 06:00:00,62.972,2.526,101.847,40.291,1495.271
EQ-013,7,2025-05-02 12:00:00,64.255,1.825,103.84,40.499,1513.185
EQ-013,8,2025-05-02 18:00:00,67.312,2.182,93.527,38.859,1497.085
EQ-013,9,2025-05-03 00:00:00,66.617,2.437,95.805,38.427,1508.479
EQ-013,10,2025-05-03 06:00:00,65.194,2.143,100.122,43.084,1509.719
EQ-013,11,2025-05-03 12:00:00,63.206,2.415,103.358,38.792,1498.849
EQ-013,12,2025-05-03 18:00:00,62.281,2.524,98.558,37.0,1494.757
EQ-013,13,2025-05-04 00:00:00,63.116,2.318,102.007,40.368,1480.204
EQ-013,14,2025-05-04 06:00:00,65.024,2.051,105.934,39.355,1483.554
EQ-013,15,2025-05-04 12:00:00,65.067,2.595,100.031,40.894,1509.137
EQ-013,16,2025-05-04 18:00:00,63.697,2.12,99.316,42.351,1508.859
EQ-013,17,2025-05-05 00:00:00,66.756,2.12,101.416,40.553,1485.152
EQ-013,18,2025-05-05 06:00:00,65.769,2.354,100.54,40.34,1505.946
EQ-013,19,2025-05-05 12:00:00,59.697,2.11,100.766,40.989,1503.245
EQ-013,20,2025-05-05 18:00:00,65.218,2.133,99.457,44.057,1514.033
EQ-013,21,2025-05-06 00:00:00,66.511,2.088,99.229,43.418,1532.482
EQ-013,22,2025-05-06 06:00:00,65.405,2.146,96.987,39.526,1508.622
EQ-013,23,2025-05-06 12:00:00,66.163,2.259,101.84,41.425,1489.638
EQ-013,24,2025-05-06 18:00:00,64.473,1.608,96.881,42.679,1511.151
EQ-013,25,2025-05-07 00:00:00,64.869,2.171,97.549,41.04,1484.371
EQ-013,26,2025-05-07 06:00:00,64.911,1.671,96.406,39.901,1533.321
EQ-013,27,2025-05-07 12:00:00,65.368,2.078,99.022,39.253,1481.604
EQ-013,28,2025-05-07 18:00:00,63.842,2.301,100.078,40.148,1506.578
EQ-013,29,2025-05-08 00:00:00,67.185,2.102,96.701,38.29,1500.028
EQ-013,30,2025-05-08 06:00:00,67.846,2.411,99.201,41.343,1493.795
EQ-013,31,2025-05-08 12:00:00,63.938,2.304,100.485,42.086,1492.851
EQ-013,32,2025-05-08 18:00:00,62.663,1.553,95.292,39.405,1520.427
EQ-013,33,2025-05-09 00:00:00,62.309,2.559,97.722,39.324,1508.497
EQ-013,34,2025-05-09 06:00:00,65.81,2.275,105.414,38.416,1497.715
EQ-013,35,2025-05-09 12:00:00,66.176,2.029,97.874,40.7,1525.983
EQ-013,36,2025-05-09 18:00:00,65.818,2.059,102.125,39.984,1498.22
EQ-013,37,2025-05-10 00:00:00,65.99,1.575,98.477,37.835,1511.023
EQ-013,38,2025-05-10 06:00:00,63.863,2.265,100.6,44.372,1479.894
EQ-013,39,2025-05-10 12:00:00,61.02,2.395,97.608,37.333,1480.695
EQ-013,40,2025-05-10 18:00:00,64.005,1.996,94.295,37.84,1510.646
EQ-013,41,2025-05-11 00:00:00,68.308,1.929,98.677,41.409,1504.621
EQ-013,42,2025-05-11 06:00:00,65.53,2.242,101.325,40.986,1532.201
EQ-013,43,2025-05-11 12:00:00,65.849,2.558,102.035,38.929,1489.42
EQ-013,44,2025-05-11 18:00:00,66.809,2.527,100.429,38.832,1510.136
EQ-013,45,2025-05-12 00:00:00,63.32,2.449,97.668,40.687,1496.314
EQ-013,46,2025-05-12 06:00:00,65.447,2.806,102.761,40.567,1512.723
EQ-013,47,2025-05-12 12:00:00,66.024,2.477,97.834,38.944,1511.532
EQ-013,48,2025-05-12 18:00:00,63.135,2.547,98.018,41.491,1499.587
EQ-013,49,2025-05-13 00:00:00,65.728,2.226,97.059,40.858,1488.892
EQ-013,50,2025-05-13 06:00:00,67.591,2.096,98.731,42.005,1494.912
EQ-013,51,2025-05-13 12:00:00,64.199,2.54,99.113,39.925,1483.308
EQ-013,52,2025-05-13 18:00:00,61.555,1.906,100.88,41.215,1505.472
EQ-013,53,2025-05-14 00:00:00,65.345,2.327,95.941,39.658,1457.867
EQ-013,54,2025-05-14 06:00:00,63.687,2.018,98.619,40.812,1491.283
EQ-013,55,2025-05-14 12:00:00,65.362,2.302,97.598,40.537,1513.562
EQ-013,56,2025-05-14 18:00:00,63.316,2.28,101.283,41.272,1513.203
EQ-013,57,2025-05-15 00:00:00,65.122,2.249,100.908,40.779,1475.819
EQ-013,58,2025-05-15 06:00:00,67.454,2.195,96.911,37.167,1508.743
EQ-013,59,2025-05-15 12:00:00,64.944,2.36,101.477,39.06,1482.882
EQ-013,60,2025-05-15 18:00:00,61.702,2.408,99.843,40.125,1494.325
EQ-013,61,2025-05-16 00:00:00,65.751,1.78,102.38,40.7,1511.489
EQ-013,62,2025-05-16 06:00:00,65.04,2.186,98.062,41.237,1485.373
EQ-013,63,2025-05-16 12:00:00,65.426,2.075,101.771,40.823,1521.404
EQ-013,64,2025-05-16 18:00:00,66.946,2.258,102.595,38.943,1503.854
EQ-013,65,2025-05-17 00:00:00,63.95,2.075,100.207,41.377,1506.941
EQ-013,66,2025-05-17 06:00:00,64.424,2.583,106.294,38.786,1516.158
EQ-013,67,2025-05-17 12:00:00,62.941,2.18,101.474,41.895,1513.357
EQ-013,68,2025-05-17 18:00:00,65.387,2.496,105.288,41.995,1512.048
EQ-013,69,2025-05-18 00:00:00,65.334,1.914,107.566,39.985,1490.134
EQ-013,70,2025-05-18 06:00:00,64.481,2.116,94.981,39.028,1483.336
EQ-013,71,2025-05-18 12:00:00,66.494,2.016,103.455,38.956,1495.766
EQ-013,72,2025-05-18 18:00:00,62.927,2.318,101.549,38.359,1507.116
EQ-013,73,2025-05-19 00:00:00,65.254,1.845,100.73,38.616,1480.716
EQ-013,74,2025-05-19 06:00:00,66.202,1.687,98.017,39.729,1508.743
EQ-013,75,2025-05-19 12:00:00,63.916,2.012,97.326,39.161,1505.617
EQ-013,76,2025-05-19 18:00:00,62.253,2.368,96.841,37.585,1497.273
EQ-013,77,2025-05-20 00:00:00,61.609,1.957,106.67,39.275,1500.923
EQ-013,78,2025-05-20 06:00:00,65.311,2.28,101.462,40.139,1500.977
EQ-013,79,2025-05-20 12:00:00,68.388,2.006,95.922,39.491,1506.624
EQ-013,80,2025-05-20 18:00:00,63.781,1.674,96.842,38.658,1511.196
EQ-013,81,2025-05-21 00:00:00,65.903,2.456,93.925,36.413,1543.072
EQ-013,82,2025-05-21 06:00:00,60.149,2.395,103.573,41.718,1502.536
EQ-013,83,2025-05-21 12:00:00,65.747,2.188,100.136,39.941,1490.338
EQ-013,84,2025-05-21 18:00:00,62.823,2.213,101.528,40.481,1471.407
EQ-013,85,2025-05-22 00:00:00,64.213,2.138,100.007,40.271,1478.881
EQ-013,86,2025-05-22 06:00:00,65.158,1.89,102.843,40.746,1488.639
EQ-013,87,2025-05-22 12:00:00,61.678,2.592,98.809,40.361,1510.342
EQ-013,88,2025-05-22 18:00:00,71.291,2.17,100.886,40.148,1494.077
EQ-013,89,2025-05-23 00:00:00,63.789,2.308,100.822,41.145,1506.101
EQ-013,90,2025-05-23 06:00:00,66.214,2.05,96.519,41.467,1489.019
EQ-013,91,2025-05-23 12:00:00,67.985,2.333,97.831,42.075,1506.832
EQ-013,92,2025-05-23 18:00:00,65.586,2.544,99.091,38.752,1513.086
EQ-013,93,2025-05-24 00:00:00,62.545,2.25,100.963,40.374,1493.967
EQ-013,94,2025-05-24 06:00:00,65.205,2.308,104.165,37.592,1506.525
EQ-013,95,2025-05-24 12:00:00,61.325,2.463,100.347,39.278,1493.394
EQ-013,96,2025-05-24 18:00:00,64.338,2.412,99.737,39.705,1481.522
EQ-013,97,2025-05-25 00:00:00,68.354,2.513,100.93,41.111,1508.305
EQ-013,98,2025-05-25 06:00:00,62.178,2.296,99.529,39.823,1506.191
EQ-013,99,2025-05-25 12:00:00,63.352,2.296,99.932,41.009,1508.902
EQ-013,100,2025-05-25 18:00:00,68.707,2.272,104.548,39.482,1514.333
EQ-013,101,2025-05-26 00:00:00,64.652,2.459,99.331,39.133,1496.268
EQ-013,102,2025-05-26 06:00:00,63.213,2.07,100.786,38.797,1497.373
EQ-013,103,2025-05-26 12:00:00,65.778,2.359,98.065,41.036,1495.727
EQ-013,104,2025-05-26 18:00:00,64.062,2.889,103.783,39.432,1505.179
EQ-013,105,2025-05-27 00:00:00,59.568,2.308,97.266,36.36,1497.919
EQ-013,106,2025-05-27 06:00:00,62.279,1.841,99.784,40.954,1501.889
EQ-013,107,2025-05-27 12:00:00,69.114,2.113,102.947,38.606,1489.19
EQ-013,108,2025-05-27 18:00:00,65.656,2.386,97.402,40.29,1484.586
EQ-013,109,2025-05-28 00:00:00,67.927,1.999,102.604,38.306,1486.369
EQ-013,110,2025-05-28 06:00:00,62.942,1.907,93.853,40.022,1506.249
EQ-013,111,2025-05-28 12:00:00,64.89,1.786,96.724,35.694,1499.357
EQ-013,112,2025-05-28 18:00:00,64.662,2.138,99.717,39.949,1492.597
EQ-013,113,2025-05-29 00:00:00,63.905,2.684,107.229,38.687,1509.95
EQ-013,114,2025-05-29 06:00:00,65.42,2.041,100.436,38.098,1521.867
EQ-013,115,2025-05-29 12:00:00,62.77,2.463,100.5,41.146,1492.578
EQ-013,116,2025-05-29 18:00:00,67.419,2.116,103.443,39.822,1483.74
EQ-013,117,2025-05-30 00:00:00,65.935,2.084,96.741,39.634,1514.177
EQ-013,118,2025-05-30 06:00:00,64.652,2.355,90.9,38.914,1500.231
EQ-013,119,2025-05-30 12:00:00,65.267,1.74,105.202,41.342,1497.249
EQ-013,120,2025-05-30 18:00:00,64.395,2.701,101.814,39.348,1515.266
EQ-013,121,2025-05-31 00:00:00,61.553,2.361,98.664,42.232,1496.062
EQ-013,122,2025-05-31 06:00:00,63.019,2.515,100.172,41.844,1505.956
EQ-013,123,2025-05-31 12:00:00,64.64,2.123,103.156,42.138,1502.404
EQ-013,124,2025-05-31 18:00:00,64.294,2.349,99.612,41.452,1548.668
EQ-013,125,2025-06-01 00:00:00,66.295,2.48,100.435,39.091,1497.986
EQ-013,126,2025-06-01 06:00:00,66.121,2.173,106.106,40.079,1514.052
EQ-013,127,2025-06-01 12:00:00,63.88,1.938,96.269,39.695,1496.24
EQ-013,128,2025-06-01 18:00:00,63.086,1.917,101.552,41.257,1506.751
EQ-013,129,2025-06-02 00:00:00,66.51,2.073,96.334,39.984,1497.06
EQ-013,130,2025-06-02 06:00:00,65.379,2.268,104.69,39.635,1511.931
EQ-013,131,2025-06-02 12:00:00,63.757,2.151,100.879,42.487,1498.565
EQ-013,132,2025-06-02 18:00:00,62.716,2.053,97.94,39.509,1507.553
EQ-013,133,2025-06-03 00:00:00,63.648,2.403,95.498,39.063,1488.66
EQ-013,134,2025-06-03 06:00:00,65.784,2.062,98.949,39.397,1488.05
EQ-013,135,2025-06-03 12:00:00,68.374,2.021,100.557,41.607,1471.769
EQ-013,136,2025-06-03 18:00:00,64.576,2.482,103.475,40.282,1505.487
EQ-013,137,2025-06-04 00:00:00,63.334,2.365,96.719,40.688,1490.265
EQ-013,138,2025-06-04 06:00:00,69.314,1.832,97.526,40.354,1532.932
EQ-013,139,2025-06-04 12:00:00,64.256,1.801,98.509,36.711,1492.915
EQ-013,140,2025-06-04 18:00:00,63.412,1.868,97.674,38.397,1518.696
EQ-013,141,2025-06-05 00:00:00,64.185,2.191,98.456,39.582,1517.165
EQ-013,142,2025-06-05 06:00:00,64.086,2.554,97.164,40.472,1496.31
EQ-013,143,2025-06-05 12:00:00,67.541,2.634,101.251,38.524,1488.949
EQ-013,144,2025-06-05 18:00:00,61.653,2.425,98.551,38.477,1497.98
EQ-013,145,2025-06-06 00:00:00,66.189,2.774,100.032,39.532,1517.023
EQ-013,146,2025-06-06 06:00:00,64.978,2.26,100.913,41.989,1534.282
EQ-013,147,2025-06-06 12:00:00,63.887,2.533,95.862,36.771,1481.477
EQ-013,148,2025-06-06 18:00:00,64.328,2.029,101.781,36.023,1500.214
EQ-013,149,2025-06-07 00:00:00,64.499,1.733,100.628,42.603,1490.932
EQ-013,150,2025-06-07 06:00:00,65.176,2.107,100.631,37.704,1494.574
EQ-013,151,2025-06-07 12:00:00,64.097,2.162,99.6,39.392,1525.603
EQ-013,152,2025-06-07 18:00:00,64.869,2.975,99.191,37.749,1488.456
EQ-013,153,2025-06-08 00:00:00,63.445,2.2,100.161,39.546,1475.889
EQ-013,154,2025-06-08 06:00:00,69.364,1.895,100.287,39.796,1503.03
EQ-013,155,2025-06-08 12:00:00,67.019,2.489,96.459,42.416,1505.694
EQ-013,156,2025-06-08 18:00:00,65.977,1.972,104.726,41.081,1493.684
EQ-013,157,2025-06-09 00:00:00,64.112,2.243,97.913,38.075,1489.78
EQ-013,158,2025-06-09 06:00:00,66.643,2.463,100.2,37.138,1502.405
EQ-013,159,2025-06-09 12:00:00,65.599,1.921,103.496,40.75,1479.751
EQ-013,160,2025-06-09 18:00:00,65.238,2.655,98.975,39.221,1506.327
EQ-013,161,2025-06-10 00:00:00,63.934,2.538,100.711,38.915,1494.784
EQ-013,162,2025-06-10 06:00:00,65.549,2.306,93.426,41.777,1520.805
EQ-013,163,2025-06-10 12:00:00,68.367,2.726,94.055,37.365,1504.776
EQ-013,164,2025-06-10 18:00:00,65.161,2.085,99.923,39.451,1497.698
EQ-013,165,2025-06-11 00:00:00,64.473,2.438,100.568,40.946,1496.555
EQ-013,166,2025-06-11 06:00:00,65.198,2.284,103.318,38.23,1470.994
EQ-013,167,2025-06-11 12:00:00,65.088,2.009,102.403,41.947,1498.138
EQ-013,168,2025-06-11 18:00:00,63.906,2.018,95.224,38.483,1496.951
EQ-013,169,2025-06-12 00:00:00,63.518,2.809,103.805,39.894,1500.771
EQ-013,170,2025-06-12 06:00:00,66.587,2.518,96.428,38.96,1497.146
EQ-013,171,2025-06-12 12:00:00,67.411,2.467,102.588,35.89,1521.425
EQ-013,172,2025-06-12 18:00:00,69.532,2.012,98.645,39.369,1495.966
EQ-013,173,2025-06-13 00:00:00,65.917,2.412,108.147,41.188,1487.341
EQ-013,174,2025-06-13 06:00:00,65.233,2.09,98.229,38.448,1475.029
EQ-013,175,2025-06-13 12:00:00,66.804,2.709,99.778,39.058,1493.311
EQ-013,176,2025-06-13 18:00:00,63.184,2.564,100.475,39.225,1484.294
EQ-013,177,2025-06-14 00:00:00,66.285,2.476,99.272,40.804,1480.531
EQ-013,178,2025-06-14 06:00:00,67.078,2.445,97.008,39.46,1495.324
EQ-013,179,2025-06-14 12:00:00,67.048,2.174,106.612,40.035,1517.074
EQ-013,180,2025-06-14 18:00:00,68.335,2.346,98.168,40.054,1514.025
EQ-013,181,2025-06-15 00:00:00,63.803,2.662,98.061,39.215,1480.77
EQ-013,182,2025-06-15 06:00:00,64.015,2.34,99.672,42.534,1500.55
EQ-013,183,2025-06-15 12:00:00,64.57,1.948,100.58,38.462,1506.347
EQ-013,184,2025-06-15 18:00:00,62.769,2.576,97.945,41.054,1508.77
EQ-013,185,2025-06-16 00:00:00,66.077,1.996,102.86,41.914,1524.055
EQ-013,186,2025-06-16 06:00:00,66.35,2.191,100.458,39.793,1482.455
EQ-013,187,2025-06-16 12:00:00,66.123,2.058,100.06,40.091,1486.713
EQ-013,188,2025-06-16 18:00:00,65.299,1.417,101.674,40.796,1490.061
EQ-013,189,2025-06-17 00:00:00,67.012,2.253,97.454,39.443,1505.495
EQ-013,190,2025-06-17 06:00:00,66.15,2.852,98.245,37.156,1459.172
EQ-013,191,2025-06-17 12:00:00,63.795,2.296,99.934,39.626,1496.57
EQ-013,192,2025-06-17 18:00:00,59.1,3.089,102.79,42.469,1473.264
EQ-013,193,2025-06-18 00:00:00,64.338,2.154,99.268,40.853,1499.965
EQ-013,194,2025-06-18 06:00:00,65.078,2.266,99.049,40.116,1531.051
EQ-013,195,2025-06-18 12:00:00,65.095,2.169,93.675,41.134,1513.515
EQ-014,1,2025-05-01 00:00:00,62.654,2.449,100.356,40.99,1523.108
EQ-014,2,2025-05-01 06:00:00,68.317,2.233,96.819,39.928,1517.958
EQ-014,3,2025-05-01 12:00:00,61.868,2.031,103.491,40.613,1489.641
EQ-014,4,2025-05-01 18:00:00,62.611,1.978,107.829,41.344,1505.11
EQ-014,5,2025-05-02 00:00:00,68.191,2.281,98.979,37.406,1504.949
EQ-014,6,2025-05-02 06:00:00,64.801,2.445,100.068,40.193,1503.77
EQ-014,7,2025-05-02 12:00:00,64.649,2.614,100.336,39.973,1495.427
EQ-014,8,2025-05-02 18:00:00,63.749,2.402,95.593,40.432,1526.32
EQ-014,9,2025-05-03 00:00:00,64.996,2.372,97.455,40.757,1490.653
EQ-014,10,2025-05-03 06:00:00,64.142,2.138,100.914,40.228,1524.996
EQ-014,11,2025-05-03 12:00:00,63.531,2.265,99.718,39.028,1478.628
EQ-014,12,2025-05-03 18:00:00,62.197,1.752,100.05,38.306,1494.279
EQ-014,13,2025-05-04 00:00:00,65.081,2.37,100.08,37.618,1511.469
EQ-014,14,2025-05-04 06:00:00,63.806,2.33,99.651,40.18,1484.208
EQ-014,15,2025-05-04 12:00:00,64.062,2.774,97.703,40.79,1488.975
EQ-014,16,2025-05-04 18:00:00,66.319,2.188,101.305,39.487,1508.024
EQ-014,17,2025-05-05 00:00:00,63.989,2.557,100.986,41.246,1474.074
EQ-014,18,2025-05-05 06:00:00,64.78,2.058,97.359,39.828,1516.572
EQ-014,19,2025-05-05 12:00:00,68.347,2.709,101.244,39.872,1522.178
EQ-014,20,2025-05-05 18:00:00,65.767,2.635,98.13,37.843,1522.822
EQ-014,21,2025-05-06 00:00:00,63.92,2.54,101.959,39.335,1504.883
EQ-014,22,2025-05-06 06:00:00,62.806,2.218,99.87,41.381,1493.583
EQ-014,23,2025-05-06 12:00:00,64.735,2.133,101.183,42.096,1494.564
EQ-014,24,2025-05-06 18:00:00,66.575,2.089,100.528,39.715,1504.31
EQ-014,25,2025-05-07 00:00:00,63.82,1.908,99.831,41.301,1501.944
EQ-014,26,2025-05-07 06:00:00,64.913,2.34,100.981,42.122,1494.297
EQ-014,27,2025-05-07 12:00:00,63.769,2.125,102.526,38.594,1523.759
EQ-014,28,2025-05-07 18:00:00,64.185,2.315,100.361,40.476,1496.307
EQ-014,29,2025-05-08 00:00:00,62.445,2.251,100.313,40.285,1521.559
EQ-014,30,2025-05-08 06:00:00,65.421,1.878,98.938,41.613,1501.499
EQ-014,31,2025-05-08 12:00:00,65.167,2.518,94.544,38.747,1500.568
EQ-014,32,2025-05-08 18:00:00,67.828,2.229,100.101,40.474,1507.771
EQ-014,33,2025-05-09 00:00:00,65.087,2.459,96.201,39.613,1507.576
EQ-014,34,2025-05-09 06:00:00,63.444,1.85,98.302,40.637,1497.832
EQ-014,35,2025-05-09 12:00:00,67.774,1.971,97.402,41.832,1508.47
EQ-014,36,2025-05-09 18:00:00,65.598,2.082,97.847,42.216,1510.313
EQ-014,37,2025-05-10 00:00:00,65.247,2.273,98.034,41.845,1524.799
EQ-014,38,2025-05-10 06:00:00,64.84,2.169,101.457,38.515,1501.07
EQ-014,39,2025-05-10 12:00:00,65.17,2.609,100.998,39.291,1488.287
EQ-014,40,2025-05-10 18:00:00,63.136,2.51,100.333,41.51,1489.836
EQ-014,41,2025-05-11 00:00:00,64.694,1.981,103.628,40.907,1535.519
EQ-014,42,2025-05-11 06:00:00,64.419,3.084,109.175,39.606,1471.803
EQ-014,43,2025-05-11 12:00:00,65.571,2.175,101.522,38.625,1482.151
EQ-014,44,2025-05-11 18:00:00,67.091,2.587,102.724,34.14,1500.389
EQ-014,45,2025-05-12 00:00:00,66.79,2.115,100.841,37.609,1490.773
EQ-014,46,2025-05-12 06:00:00,65.88,2.387,101.944,39.542,1512.283
EQ-014,47,2025-05-12 12:00:00,61.411,2.485,95.127,39.565,1510.971
EQ-014,48,2025-05-12 18:00:00,63.988,1.749,91.886,40.617,1491.98
EQ-014,49,2025-05-13 00:00:00,61.214,2.724,93.658,40.902,1522.556
EQ-014,50,2025-05-13 06:00:00,67.022,1.966,98.126,43.389,1483.45
EQ-014,51,2025-05-13 12:00:00,64.617,2.095,104.101,38.845,1488.941
EQ-014,52,2025-05-13 18:00:00,64.563,2.018,100.766,37.073,1523.587
EQ-014,53,2025-05-14 00:00:00,63.486,2.03,98.828,38.607,1480.419
EQ-014,54,2025-05-14 06:00:00,67.386,2.044,101.708,42.515,1505.203
EQ-014,55,2025-05-14 12:00:00,65.061,1.842,101.059,40.019,1523.524
EQ-014,56,2025-05-14 18:00:00,64.629,2.428,95.935,41.519,1461.011
EQ-014,57,2025-05-15 00:00:00,65.109,2.235,101.407,39.156,1494.935
EQ-014,58,2025-05-15 06:00:00,65.262,2.159,102.497,39.248,1514.214
EQ-014,59,2025-05-15 12:00:00,64.589,2.505,106.302,37.429,1495.949
EQ-014,60,2025-05-15 18:00:00,67.383,2.73,99.761,39.504,1500.89
EQ-014,61,2025-05-16 00:00:00,67.363,1.732,105.081,40.016,1502.82
EQ-014,62,2025-05-16 06:00:00,65.046,2.687,98.786,41.301,1504.691
EQ-014,63,2025-05-16 12:00:00,63.303,2.193,106.979,40.842,1487.912
EQ-014,64,2025-05-16 18:00:00,65.512,1.795,98.215,42.981,1511.494
EQ-014,65,2025-05-17 00:00:00,63.668,2.324,101.928,39.769,1503.825
EQ-014,66,2025-05-17 06:00:00,67.712,2.165,100.86,40.364,1482.809
EQ-014,67,2025-05-17 12:00:00,68.0,2.458,104.469,39.977,1493.015
EQ-014,68,2025-05-17 18:00:00,66.3,2.244,104.064,38.957,1478.803
EQ-014,69,2025-05-18 00:00:00,62.538,2.307,96.873,40.614,1503.208
EQ-014,70,2025-05-18 06:00:00,63.928,2.069,98.991,39.586,1507.36
EQ-014,71,2025-05-18 12:00:00,64.459,1.891,106.379,42.495,1503.182
EQ-014,72,2025-05-18 18:00:00,63.179,2.423,100.297,38.816,1508.247
EQ-014,73,2025-05-19 00:00:00,64.254,2.043,102.442,39.49,1502.002
EQ-014,74,2025-05-19 06:00:00,65.326,2.321,96.789,38.134,1511.432
EQ-014,75,2025-05-19 12:00:00,65.915,2.646,99.262,40.508,1498.081
EQ-014,76,2025-05-19 18:00:00,67.437,2.152,97.874,38.009,1510.527
EQ-014,77,2025-05-20 00:00:00,64.818,2.41,102.778,39.988,1480.712
EQ-014,78,2025-05-20 06:00:00,64.261,2.191,102.213,38.247,1479.041
EQ-014,79,2025-05-20 12:00:00,62.286,2.091,103.671,38.525,1501.299
EQ-014,80,2025-05-20 18:00:00,65.557,1.731,96.744,38.853,1510.267
EQ-014,81,2025-05-21 00:00:00,63.957,2.188,101.646,41.094,1495.848
EQ-014,82,2025-05-21 06:00:00,64.446,2.151,100.061,39.858,1509.572
EQ-014,83,2025-05-21 12:00:00,63.732,1.939,92.666,39.816,1504.648
EQ-014,84,2025-05-21 18:00:00,63.789,1.589,101.39,40.844,1469.267
EQ-014,85,2025-05-22 00:00:00,66.3,1.699,103.876,39.01,1534.851
EQ-014,86,2025-05-22 06:00:00,64.751,2.736,104.712,37.051,1481.12
EQ-014,87,2025-05-22 12:00:00,67.989,2.211,99.894,38.352,1485.829
EQ-014,88,2025-05-22 18:00:00,62.629,1.769,102.489,39.571,1517.244
EQ-014,89,2025-05-23 00:00:00,67.366,2.019,101.636,39.927,1500.296
EQ-014,90,2025-05-23 06:00:00,63.879,2.203,97.72,40.838,1488.483
EQ-014,91,2025-05-23 12:00:00,64.755,2.335,97.31,39.782,1492.956
EQ-014,92,2025-05-23 18:00:00,65.854,2.13,99.856,41.525,1486.793
EQ-014,93,2025-05-24 00:00:00,66.918,2.806,99.293,40.542,1487.996
EQ-014,94,2025-05-24 06:00:00,66.997,2.821,100.265,37.888,1511.84
EQ-014,95,2025-05-24 12:00:00,66.958,2.315,98.747,36.179,1492.528
EQ-014,96,2025-05-24 18:00:00,64.45,2.09,100.637,38.489,1483.973
EQ-014,97,2025-05-25 00:00:00,68.491,2.315,96.801,40.207,1488.6
EQ-014,98,2025-05-25 06:00:00,66.096,1.801,104.571,40.557,1497.67
EQ-014,99,2025-05-25 12:00:00,58.981,2.5,94.54,39.842,1488.764
EQ-014,100,2025-05-25 18:00:00,64.985,2.252,99.757,40.18,1495.38
EQ-014,101,2025-05-26 00:00:00,64.157,1.838,99.389,41.981,1505.222
EQ-014,102,2025-05-26 06:00:00,64.293,2.025,99.594,40.021,1492.788
EQ-014,103,2025-05-26 12:00:00,66.193,2.372,97.468,40.525,1487.104
EQ-014,104,2025-05-26 18:00:00,65.534,1.7,95.467,42.395,1489.548
EQ-014,105,2025-05-27 00:00:00,63.567,1.932,100.721,37.283,1520.882
EQ-014,106,2025-05-27 06:00:00,67.926,2.06,99.385,42.565,1532.624
EQ-014,107,2025-05-27 12:00:00,62.35,2.493,101.153,36.161,1500.692
EQ-014,108,2025-05-27 18:00:00,62.215,2.714,95.05,38.761,1510.873
EQ-014,109,2025-05-28 00:00:00,62.748,2.314,105.15,39.161,1485.902
EQ-014,110,2025-05-28 06:00:00,65.809,1.252,99.76,37.55,1491.148
EQ-014,111,2025-05-28 12:00:00,65.655,1.865,90.875,39.753,1506.749
EQ-014,112,2025-05-28 18:00:00,63.295,3.249,100.566,39.923,1464.545
EQ-014,113,2025-05-29 00:00:00,63.73,2.247,98.584,41.11,1511.589
EQ-014,114,2025-05-29 06:00:00,64.912,1.418,96.6,41.062,1491.531
EQ-014,115,2025-05-29 12:00:00,62.783,2.912,103.696,40.26,1483.832
EQ-014,116,2025-05-29 18:00:00,66.517,1.799,102.789,41.678,1505.823
EQ-014,117,2025-05-30 00:00:00,68.053,2.372,101.025,40.967,1521.637
EQ-014,118,2025-05-30 06:00:00,64.565,1.856,100.231,39.513,1495.305
EQ-014,119,2025-05-30 12:00:00,65.613,2.861,101.515,40.179,1504.382
EQ-014,120,2025-05-30 18:00:00,65.137,1.775,95.266,39.046,1506.805
EQ-014,121,2025-05-31 00:00:00,67.655,2.024,100.575,38.162,1503.6
EQ-014,122,2025-05-31 06:00:00,68.802,2.515,103.713,40.642,1485.05
EQ-014,123,2025-05-31 12:00:00,64.205,2.034,103.12,37.752,1503.353
EQ-014,124,2025-05-31 18:00:00,64.985,2.346,96.848,39.719,1502.762
EQ-014,125,2025-06-01 00:00:00,66.637,2.449,100.557,36.553,1459.055
EQ-014,126,2025-06-01 06:00:00,65.61,2.253,96.632,40.106,1512.864
EQ-014,127,2025-06-01 12:00:00,63.097,1.867,100.471,38.91,1477.445
EQ-014,128,2025-06-01 18:00:00,61.303,1.964,97.743,40.852,1501.924
EQ-014,129,2025-06-02 00:00:00,63.726,2.085,97.39,39.666,1522.766
EQ-014,130,2025-06-02 06:00:00,65.576,2.376,101.074,39.809,1496.343
EQ-014,131,2025-06-02 12:00:00,64.133,2.444,97.823,40.078,1484.308
EQ-014,132,2025-06-02 18:00:00,62.811,2.262,97.616,39.083,1508.387
EQ-014,133,2025-06-03 00:00:00,63.76,2.411,101.055,39.15,1521.028
EQ-014,134,2025-06-03 06:00:00,68.582,1.723,95.556,39.151,1483.371
EQ-014,135,2025-06-03 12:00:00,62.664,2.289,99.034,39.812,1464.606
EQ-014,136,2025-06-03 18:00:00,64.291,2.181,95.389,39.165,1517.74
EQ-014,137,2025-06-04 00:00:00,63.889,2.349,95.935,40.676,1512.813
EQ-014,138,2025-06-04 06:00:00,68.833,2.426,103.512,37.345,1505.773
EQ-014,139,2025-06-04 12:00:00,61.976,1.885,98.751,37.751,1473.003
EQ-014,140,2025-06-04 18:00:00,63.35,2.167,97.848,42.833,1508.965
EQ-014,141,2025-06-05 00:00:00,65.051,2.6,102.553,39.349,1515.503
EQ-014,142,2025-06-05 06:00:00,65.259,2.291,104.848,38.478,1532.346
EQ-014,143,2025-06-05 12:00:00,67.167,2.17,100.755,39.962,1495.778
EQ-014,144,2025-06-05 18:00:00,66.96,1.835,103.062,41.151,1502.386
EQ-014,145,2025-06-06 00:00:00,63.516,2.363,98.345,40.962,1467.71
EQ-014,146,2025-06-06 06:00:00,65.551,1.783,100.163,38.878,1514.525
EQ-014,147,2025-06-06 12:00:00,64.577,2.146,100.022,39.231,1514.163
EQ-014,148,2025-06-06 18:00:00,64.008,2.053,100.972,39.499,1506.058
EQ-014,149,2025-06-07 00:00:00,66.956,2.318,102.894,40.467,1517.814
EQ-014,150,2025-06-07 06:00:00,65.433,2.02,95.591,40.068,1488.273
EQ-014,151,2025-06-07 12:00:00,68.113,2.101,97.33,38.624,1496.728
EQ-014,152,2025-06-07 18:00:00,65.876,1.927,98.544,39.236,1497.314
EQ-014,153,2025-06-08 00:00:00,66.778,2.125,97.09,39.602,1516.488
EQ-014,154,2025-06-08 06:00:00,59.496,2.264,100.689,42.223,1516.825
EQ-014,155,2025-06-08 12:00:00,65.105,2.096,100.652,39.734,1504.766
EQ-014,156,2025-06-08 18:00:00,65.792,2.106,100.176,44.963,1503.98
EQ-014,157,2025-06-09 00:00:00,65.977,2.249,98.792,39.596,1508.264
EQ-014,158,2025-06-09 06:00:00,68.021,2.5,104.043,37.475,1494.953
EQ-014,159,2025-06-09 12:00:00,66.168,2.423,100.65,40.527,1520.425
EQ-014,160,2025-06-09 18:00:00,62.507,1.812,99.549,41.571,1493.221
EQ-014,161,2025-06-10 00:00:00,66.011,2.43,100.2,40.713,1506.443
EQ-014,162,2025-06-10 06:00:00,66.609,2.61,102.233,40.295,1491.056
EQ-014,163,2025-06-10 12:00:00,63.715,2.412,100.642,39.43,1514.202
EQ-014,164,2025-06-10 18:00:00,64.112,1.476,97.407,39.572,1498.506
EQ-014,165,2025-06-11 00:00:00,66.511,2.279,105.289,36.509,1530.998
EQ-014,166,2025-06-11 06:00:00,64.945,2.615,101.386,41.289,1498.103
EQ-014,167,2025-06-11 12:00:00,67.128,2.065,96.544,39.431,1514.061
EQ-014,168,2025-06-11 18:00:00,65.313,3.07,94.552,41.72,1490.543
EQ-014,169,2025-06-12 00:00:00,60.578,1.546,102.066,39.201,1495.391
EQ-014,170,2025-06-12 06:00:00,65.061,2.244,103.878,39.92,1499.369
EQ-014,171,2025-06-12 12:00:00,64.15,2.417,101.356,41.874,1505.271
EQ-014,172,2025-06-12 18:00:00,66.178,2.252,101.838,42.004,1488.802
EQ-014,173,2025-06-13 00:00:00,65.794,2.246,101.914,41.262,1491.438
EQ-014,174,2025-06-13 06:00:00,63.063,1.888,100.014,37.193,1501.339
EQ-014,175,2025-06-13 12:00:00,65.345,2.027,94.956,38.084,1505.98
EQ-014,176,2025-06-13 18:00:00,66.021,2.372,97.903,41.052,1499.455
EQ-014,177,2025-06-14 00:00:00,65.837,1.566,102.384,38.952,1497.309
EQ-014,178,2025-06-14 06:00:00,66.903,2.472,101.758,40.111,1480.089
EQ-014,179,2025-06-14 12:00:00,62.904,2.166,99.413,40.311,1507.506
EQ-014,180,2025-06-14 18:00:00,64.637,2.366,98.356,40.384,1512.643
EQ-014,181,2025-06-15 00:00:00,60.493,2.454,100.522,38.416,1514.418
EQ-014,182,2025-06-15 06:00:00,65.52,3.273,98.971,41.534,1502.252
EQ-014,183,2025-06-15 12:00:00,65.053,2.626,99.761,39.213,1490.95
EQ-014,184,2025-06-15 18:00:00,65.778,1.591,100.397,40.885,1495.173
EQ-014,185,2025-06-16 00:00:00,65.821,2.965,97.668,39.689,1502.314
EQ-014,186,2025-06-16 06:00:00,67.531,1.471,102.4,42.881,1499.719
EQ-014,187,2025-06-16 12:00:00,67.698,2.032,99.506,42.173,1487.322
EQ-014,188,2025-06-16 18:00:00,65.155,2.185,101.463,43.197,1474.765
EQ-014,189,2025-06-17 00:00:00,67.104,2.09,100.19,42.479,1491.666
EQ-014,190,2025-06-17 06:00:00,68.329,2.197,104.627,39.799,1495.847
EQ-014,191,2025-06-17 12:00:00,64.302,2.233,101.629,39.199,1504.637
EQ-014,192,2025-06-17 18:00:00,65.594,2.717,101.223,38.297,1493.855
EQ-014,193,2025-06-18 00:00:00,68.482,2.378,101.114,40.399,1496.227
EQ-014,194,2025-06-18 06:00:00,70.805,2.449,106.252,40.037,1501.674
EQ-014,195,2025-06-18 12:00:00,71.211,3.16,99.868,39.935,1523.5
EQ-014,196,2025-06-18 18:00:00,66.202,2.779,100.492,38.756,1497.504
EQ-014,197,2025-06-19 00:00:00,71.599,2.316,100.314,40.541,1476.77
EQ-014,198,2025-06-19 06:00:00,71.515,2.94,94.102,39.427,1489.732
EQ-014,199,2025-06-19 12:00:00,72.324,3.085,100.279,39.276,1527.12
EQ-014,200,2025-06-19 18:00:00,68.76,1.959,103.049,40.246,1521.512
EQ-014,201,2025-06-20 00:00:00,70.539,2.35,101.544,39.883,1514.094
EQ-014,202,2025-06-20 06:00:00,74.367,2.27,104.533,37.861,1510.523
EQ-014,203,2025-06-20 12:00:00,72.516,2.773,102.357,38.818,1510.694
EQ-014,204,2025-06-20 18:00:00,68.686,2.98,101.506,40.799,1496.415
EQ-014,205,2025-06-21 00:00:00,74.528,2.651,102.667,39.928,1513.009
EQ-014,206,2025-06-21 06:00:00,72.238,2.705,101.094,37.086,1513.593
EQ-014,207,2025-06-21 12:00:00,77.506,2.446,99.158,41.048,1512.667
EQ-014,208,2025-06-21 18:00:00,77.607,2.59,99.614,39.926,1491.021
EQ-014,209,2025-06-22 00:00:00,77.745,2.895,92.851,38.407,1495.129
EQ-014,210,2025-06-22 06:00:00,76.579,2.261,104.785,38.997,1490.374
EQ-014,211,2025-06-22 12:00:00,77.736,2.914,99.405,40.248,1514.954
EQ-014,212,2025-06-22 18:00:00,80.189,2.887,96.87,36.687,1504.547
EQ-014,213,2025-06-23 00:00:00,81.701,3.003,98.901,40.631,1505.882
EQ-014,214,2025-06-23 06:00:00,80.128,3.685,105.271,41.48,1508.633
EQ-014,215,2025-06-23 12:00:00,80.159,2.81,100.216,41.336,1478.82
EQ-014,216,2025-06-23 18:00:00,84.212,3.829,100.771,41.731,1513.228
EQ-014,217,2025-06-24 00:00:00,85.3,3.697,106.259,38.83,1491.887
EQ-014,218,2025-06-24 06:00:00,85.621,3.7,102.506,41.551,1493.251
EQ-014,219,2025-06-24 12:00:00,88.333,3.794,99.135,40.408,1487.464
EQ-014,220,2025-06-24 18:00:00,89.898,4.084,94.9,38.747,1501.2
EQ-014,221,2025-06-25 00:00:00,88.172,3.75,101.917,40.7,1498.998
EQ-014,222,2025-06-25 06:00:00,85.6,3.982,97.965,40.655,1479.134
