equipment_id,equipment_type,cycle,timestamp,temperature,vibration,pressure,current,rpm
HIST-001,Pump,1,2024-01-01 00:00:00,66.501,1.868,101.319,39.621,1525.935
HIST-001,Pump,2,2024-01-01 06:00:00,66.881,1.932,101.573,40.545,1520.388
HIST-001,Pump,3,2024-01-01 12:00:00,61.098,2.393,100.829,36.385,1503.828
HIST-001,Pump,4,2024-01-01 18:00:00,62.396,2.082,95.762,38.265,1520.259
HIST-001,Pump,5,2024-01-02 00:00:00,65.256,2.198,93.07,39.559,1500.181
HIST-001,Pump,6,2024-01-02 06:00:00,64.368,2.151,100.163,38.392,1503.042
HIST-001,Pump,7,2024-01-02 12:00:00,64.966,2.301,98.585,41.072,1483.598
HIST-001,Pump,8,2024-01-02 18:00:00,63.294,2.622,101.378,42.996,1505.955
HIST-001,Pump,9,2024-01-03 00:00:00,66.759,2.227,102.106,38.235,1500.906
HIST-001,Pump,10,2024-01-03 06:00:00,66.556,2.393,100.415,38.744,1480.46
HIST-001,Pump,11,2024-01-03 12:00:00,65.132,1.585,102.28,40.353,1499.232
HIST-001,Pump,12,2024-01-03 18:00:00,67.254,2.185,100.688,42.417,1498.804
HIST-001,Pump,13,2024-01-04 00:00:00,65.935,1.947,101.59,38.166,1526.963
HIST-001,Pump,14,2024-01-04 06:00:00,63.281,1.834,97.886,40.374,1513.413
HIST-001,Pump,15,2024-01-04 12:00:00,65.738,1.937,99.461,42.732,1500.172
HIST-001,Pump,16,2024-01-04 18:00:00,63.082,2.1,100.59,37.522,1503.732
HIST-001,Pump,17,2024-01-05 00:00:00,66.757,2.475,102.462,38.078,1500.663
HIST-001,Pump,18,2024-01-05 06:00:00,64.9,1.802,98.819,39.365,1496.956
HIST-001,Pump,19,2024-01-05 12:00:00,64.63,2.209,101.564,39.219,1483.764
HIST-001,Pump,20,2024-01-05 18:00:00,63.638,2.055,99.202,41.219,1497.734
HIST-001,Pump,21,2024-01-06 00:00:00,67.445,2.102,99.647,40.362,1488.809
HIST-001,Pump,22,2024-01-06 06:00:00,64.691,2.501,102.489,37.338,1481.245
HIST-001,Pump,23,2024-01-06 12:00:00,64.143,2.361,94.021,40.773,1507.668
HIST-001,Pump,24,2024-01-06 18:00:00,64.296,2.601,96.111,39.134,1505.869
HIST-001,Pump,25,2024-01-07 00:00:00,66.065,2.154,95.553,41.912,1473.199
HIST-001,Pump,26,2024-01-07 06:00:00,65.731,1.991,92.999,39.059,1498.16
HIST-001,Pump,27,2024-01-07 12:00:00,65.825,2.133,97.965,39.045,1514.936
HIST-001,Pump,28,2024-01-07 18:00:00,65.862,2.273,102.248,40.812,1515.888
HIST-001,Pump,29,2024-01-08 00:00:00,69.283,2.253,99.145,41.144,1515.388
HIST-001,Pump,30,2024-01-08 06:00:00,64.187,1.875,100.593,40.672,1500.584
HIST-001,Pump,31,2024-01-08 12:00:00,63.976,2.227,103.268,37.472,1487.324
HIST-001,Pump,32,2024-01-08 18:00:00,63.372,2.268,103.983,40.807,1483.745
HIST-001,Pump,33,2024-01-09 00:00:00,66.232,2.955,99.793,38.449,1505.169
HIST-001,Pump,34,2024-01-09 06:00:00,67.258,2.763,104.061,40.353,1505.689
HIST-001,Pump,35,2024-01-09 12:00:00,64.772,1.944,100.276,37.864,1519.31
HIST-001,Pump,36,2024-01-09 18:00:00,63.32,2.114,97.488,40.669,1516.5
HIST-001,Pump,37,2024-01-10 00:00:00,63.351,1.761,98.217,38.79,1498.017
HIST-001,Pump,38,2024-01-10 06:00:00,66.301,2.023,95.558,38.076,1481.337
HIST-001,Pump,39,2024-01-10 12:00:00,66.487,2.295,97.336,41.071,1495.213
HIST-001,Pump,40,2024-01-10 18:00:00,66.086,2.562,98.926,40.362,1503.258
HIST-001,Pump,41,2024-01-11 00:00:00,63.669,1.981,102.411,39.079,1496.969
HIST-001,Pump,42,2024-01-11 06:00:00,65.464,2.004,105.162,42.177,1491.332
HIST-001,Pump,43,2024-01-11 12:00:00,65.233,1.556,95.853,39.339,1503.793
HIST-001,Pump,44,2024-01-11 18:00:00,65.437,2.151,101.178,40.048,1492.441
HIST-001,Pump,45,2024-01-12 00:00:00,66.743,1.881,96.878,40.403,1490.579
HIST-001,Pump,46,2024-01-12 06:00:00,65.447,2.041,101.424,39.071,1504.672
HIST-001,Pump,47,2024-01-12 12:00:00,66.358,1.937,99.607,40.707,1493.97
HIST-001,Pump,48,2024-01-12 18:00:00,65.135,2.172,94.507,39.2,1503.662
HIST-001,Pump,49,2024-01-13 00:00:00,65.578,1.673,102.785,39.383,1504.098
HIST-001,Pump,50,2024-01-13 06:00:00,66.263,1.76,98.185,42.044,1482.909
HIST-001,Pump,51,2024-01-13 12:00:00,62.086,2.839,98.398,38.439,1492.781
HIST-001,Pump,52,2024-01-13 18:00:00,64.361,1.814,96.791,36.381,1521.567
HIST-001,Pump,53,2024-01-14 00:00:00,64.059,1.871,98.037,42.416,1482.569
HIST-001,Pump,54,2024-01-14 06:00:00,63.722,2.751,101.284,43.824,1468.25
HIST-001,Pump,55,2024-01-14 12:00:00,64.45,3.072,99.432,39.392,1472.072
HIST-001,Pump,56,2024-01-14 18:00:00,67.99,1.849,100.986,37.095,1500.437
HIST-001,Pump,57,2024-01-15 00:00:00,63.268,2.09,101.086,39.534,1500.464
HIST-001,Pump,58,2024-01-15 06:00:00,66.937,2.302,103.962,39.571,1498.236
HIST-001,Pump,59,2024-01-15 12:00:00,61.634,2.719,98.972,39.715,1518.213
HIST-001,Pump,60,2024-01-15 18:00:00,64.33,1.904,95.569,38.33,1459.907
HIST-001,Pump,61,2024-01-16 00:00:00,65.326,2.126,103.202,40.869,1505.939
HIST-001,Pump,62,2024-01-16 06:00:00,66.172,2.433,99.006,40.787,1523.422
HIST-001,Pump,63,2024-01-16 12:00:00,66.422,2.33,103.344,37.758,1483.083
HIST-001,Pump,64,2024-01-16 18:00:00,66.587,2.087,101.15,41.049,1494.303
HIST-001,Pump,65,2024-01-17 00:00:00,64.303,2.16,99.607,43.079,1488.707
HIST-001,Pump,66,2024-01-17 06:00:00,64.075,1.788,101.046,40.258,1486.585
HIST-001,Pump,67,2024-01-17 12:00:00,66.716,2.129,105.853,39.494,1495.106
HIST-001,Pump,68,2024-01-17 18:00:00,64.617,2.12,106.231,39.787,1521.412
HIST-001,Pump,69,2024-01-18 00:00:00,62.449,2.27,100.208,40.923,1527.561
HIST-001,Pump,70,2024-01-18 06:00:00,62.733,2.033,100.481,37.404,1494.961
HIST-001,Pump,71,2024-01-18 12:00:00,63.161,2.341,103.229,40.247,1528.576
HIST-001,Pump,72,2024-01-18 18:00:00,65.994,2.504,97.463,39.414,1500.534
HIST-001,Pump,73,2024-01-19 00:00:00,65.285,2.247,100.999,42.772,1526.305
HIST-001,Pump,74,2024-01-19 06:00:00,66.381,2.306,99.922,39.739,1498.601
HIST-001,Pump,75,2024-01-19 12:00:00,64.145,2.216,100.942,42.502,1501.966
HIST-001,Pump,76,2024-01-19 18:00:00,65.317,2.2,97.5,38.344,1505.482
HIST-001,Pump,77,2024-01-20 00:00:00,66.251,1.984,95.231,40.881,1547.683
HIST-001,Pump,78,2024-01-20 06:00:00,64.381,2.295,93.781,40.479,1512.769
HIST-001,Pump,79,2024-01-20 12:00:00,65.914,2.171,96.648,38.696,1489.391
HIST-001,Pump,80,2024-01-20 18:00:00,63.676,2.828,98.624,40.266,1514.535
HIST-001,Pump,81,2024-01-21 00:00:00,64.274,2.672,99.12,41.819,1494.573
HIST-001,Pump,82,2024-01-21 06:00:00,64.237,2.316,105.812,39.514,1492.654
HIST-001,Pump,83,2024-01-21 12:00:00,62.608,1.971,103.318,37.462,1513.629
HIST-001,Pump,84,2024-01-21 18:00:00,65.974,1.866,97.114,39.974,1500.466
HIST-001,Pump,85,2024-01-22 00:00:00,64.061,2.557,101.043,38.646,1504.179
HIST-001,Pump,86,2024-01-22 06:00:00,65.025,2.279,98.779,39.486,1500.21
HIST-001,Pump,87,2024-01-22 12:00:00,65.961,2.344,99.147,39.878,1505.049
HIST-001,Pump,88,2024-01-22 18:00:00,65.893,1.677,100.556,37.442,1506.374
HIST-001,Pump,89,2024-01-23 00:00:00,66.331,2.478,101.858,37.577,1470.945
HIST-001,Pump,90,2024-01-23 06:00:00,64.803,2.336,98.982,40.723,1509.999
HIST-001,Pump,91,2024-01-23 12:00:00,64.153,1.867,103.192,39.216,1485.27
HIST-001,Pump,92,2024-01-23 18:00:00,64.841,2.059,96.574,36.153,1478.366
HIST-001,Pump,93,2024-01-24 00:00:00,61.625,2.279,100.019,41.177,1499.124
HIST-001,Pump,94,2024-01-24 06:00:00,62.106,2.216,107.793,40.409,1501.26
HIST-001,Pump,95,2024-01-24 12:00:00,62.355,2.112,100.669,38.929,1489.597
HIST-001,Pump,96,2024-01-24 18:00:00,63.006,2.169,104.3,38.025,1512.465
HIST-001,Pump,97,2024-01-25 00:00:00,65.8,2.124,100.275,41.254,1479.867
HIST-001,Pump,98,2024-01-25 06:00:00,63.189,2.246,101.742,40.524,1493.896
HIST-001,Pump,99,2024-01-25 12:00:00,64.244,2.641,99.83,43.574,1491.227
HIST-001,Pump,100,2024-01-25 18:00:00,67.598,1.43,99.489,40.63,1499.301
HIST-001,Pump,101,2024-01-26 00:00:00,64.287,2.129,97.662,40.582,1504.183
HIST-001,Pump,102,2024-01-26 06:00:00,66.475,2.253,101.291,39.75,1484.882
HIST-001,Pump,103,2024-01-26 12:00:00,63.133,2.289,97.445,41.225,1510.864
HIST-001,Pump,104,2024-01-26 18:00:00,64.589,2.088,101.997,40.938,1500.945
HIST-001,Pump,105,2024-01-27 00:00:00,63.1,1.673,103.256,41.878,1471.621
HIST-001,Pump,106,2024-01-27 06:00:00,64.322,2.298,101.1,39.218,1470.621
HIST-001,Pump,107,2024-01-27 12:00:00,66.681,2.718,99.141,39.347,1499.815
HIST-001,Pump,108,2024-01-27 18:00:00,61.979,1.589,101.362,39.281,1496.685
HIST-001,Pump,109,2024-01-28 00:00:00,65.123,2.446,99.074,41.186,1498.449
HIST-001,Pump,110,2024-01-28 06:00:00,65.881,2.107,102.807,42.248,1499.58
HIST-001,Pump,111,2024-01-28 12:00:00,62.925,1.999,94.506,39.312,1503.383
HIST-001,Pump,112,2024-01-28 18:00:00,62.113,1.88,98.993,39.363,1514.215
HIST-001,Pump,113,2024-01-29 00:00:00,65.473,2.038,94.028,40.471,1483.333
HIST-001,Pump,114,2024-01-29 06:00:00,66.22,2.795,95.515,39.631,1482.42
HIST-001,Pump,115,2024-01-29 12:00:00,64.776,2.464,104.092,41.428,1483.6
HIST-001,Pump,116,2024-01-29 18:00:00,66.732,2.782,102.686,36.622,1504.334
HIST-001,Pump,117,2024-01-30 00:00:00,68.941,2.664,97.842,38.76,1518.674
HIST-001,Pump,118,2024-01-30 06:00:00,65.581,2.515,95.492,38.826,1493.53
HIST-001,Pump,119,2024-01-30 12:00:00,63.898,2.99,91.106,36.519,1462.475
HIST-001,Pump,120,2024-01-30 18:00:00,66.692,2.382,98.37,38.555,1474.44
HIST-001,Pump,121,2024-01-31 00:00:00,66.428,2.519,107.261,38.627,1487.504
HIST-001,Pump,122,2024-01-31 06:00:00,70.133,2.533,101.305,39.698,1491.634
HIST-001,Pump,123,2024-01-31 12:00:00,67.702,2.444,98.321,41.669,1493.874
HIST-001,Pump,124,2024-01-31 18:00:00,68.169,2.095,101.395,39.632,1500.579
HIST-001,Pump,125,2024-02-01 00:00:00,69.118,2.913,95.317,38.454,1495.324
HIST-001,Pump,126,2024-02-01 06:00:00,64.445,2.299,99.108,39.915,1515.74
HIST-001,Pump,127,2024-02-01 12:00:00,64.903,2.622,100.298,41.574,1489.86
HIST-001,Pump,128,2024-02-01 18:00:00,65.725,2.63,99.742,38.536,1487.065
HIST-001,Pump,129,2024-02-02 00:00:00,67.77,3.151,102.372,38.634,1507.183
HIST-001,Pump,130,2024-02-02 06:00:00,64.764,3.009,101.034,40.838,1476.965
HIST-001,Pump,131,2024-02-02 12:00:00,68.882,3.407,102.005,39.668,1505.845
HIST-001,Pump,132,2024-02-02 18:00:00,66.628,2.815,97.935,40.971,1501.538
HIST-001,Pump,133,2024-02-03 00:00:00,65.039,2.425,102.693,39.98,1497.788
HIST-001,Pump,134,2024-02-03 06:00:00,65.064,2.824,104.887,41.052,1523.824
HIST-001,Pump,135,2024-02-03 12:00:00,68.476,2.508,97.09,38.447,1490.667
HIST-001,Pump,136,2024-02-03 18:00:00,70.651,2.951,97.337,39.982,1530.904
HIST-001,Pump,137,2024-02-04 00:00:00,74.061,3.696,104.007,39.684,1496.619
HIST-001,Pump,138,2024-02-04 06:00:00,77.311,3.527,99.426,38.176,1480.845
HIST-001,Pump,139,2024-02-04 12:00:00,69.824,3.101,104.211,37.655,1501.049
HIST-001,Pump,140,2024-02-04 18:00:00,68.866,2.84,98.672,41.029,1483.856
HIST-001,Pump,141,2024-02-05 00:00:00,65.865,3.272,104.365,39.474,1488.724
HIST-001,Pump,142,2024-02-05 06:00:00,70.59,3.009,100.394,38.467,1505.955
HIST-001,Pump,143,2024-02-05 12:00:00,69.141,3.126,100.775,39.856,1508.334
HIST-001,Pump,144,2024-02-05 18:00:00,69.89,3.473,104.694,41.692,1490.667
HIST-001,Pump,145,2024-02-06 00:00:00,69.789,3.882,98.915,36.579,1514.811
HIST-001,Pump,146,2024-02-06 06:00:00,70.575,3.639,97.177,37.755,1517.363
HIST-001,Pump,147,2024-02-06 12:00:00,72.459,2.722,98.654,38.616,1521.545
HIST-001,Pump,148,2024-02-06 18:00:00,70.792,3.602,101.357,42.192,1507.941
HIST-001,Pump,149,2024-02-07 00:00:00,72.188,3.745,95.303,40.424,1520.451
HIST-001,Pump,150,2024-02-07 06:00:00,69.965,3.809,101.912,41.151,1471.788
HIST-001,Pump,151,2024-02-07 12:00:00,68.709,4.277,98.384,38.29,1495.231
HIST-001,Pump,152,2024-02-07 18:00:00,71.852,3.281,103.443,38.321,1486.995
HIST-001,Pump,153,2024-02-08 00:00:00,73.633,3.624,92.817,40.672,1501.788
HIST-001,Pump,154,2024-02-08 06:00:00,77.075,4.208,97.64,40.087,1491.428
HIST-001,Pump,155,2024-02-08 12:00:00,73.424,3.559,94.941,40.823,1497.508
HIST-001,Pump,156,2024-02-08 18:00:00,76.932,4.296,97.521,39.718,1528.233
HIST-001,Pump,157,2024-02-09 00:00:00,74.552,4.427,100.743,40.417,1497.454
HIST-001,Pump,158,2024-02-09 06:00:00,72.618,4.341,99.462,40.237,1506.207
HIST-001,Pump,159,2024-02-09 12:00:00,73.75,3.806,99.24,41.167,1496.516
HIST-001,Pump,160,2024-02-09 18:00:00,74.757,4.377,99.522,41.211,1501.136
HIST-001,Pump,161,2024-02-10 00:00:00,80.691,4.521,100.61,37.57,1500.09
HIST-001,Pump,162,2024-02-10 06:00:00,74.698,4.497,96.974,36.629,1506.725
HIST-001,Pump,163,2024-02-10 12:00:00,78.328,4.515,102.121,41.503,1517.48
HIST-001,Pump,164,2024-02-10 18:00:00,75.109,4.583,101.988,41.782,1524.711
HIST-001,Pump,165,2024-02-11 00:00:00,77.815,4.454,101.155,38.469,1504.644
HIST-001,Pump,166,2024-02-11 06:00:00,78.494,4.695,101.67,37.21,1508.843
HIST-001,Pump,167,2024-02-11 12:00:00,76.103,4.759,100.889,40.149,1482.737
HIST-001,Pump,168,2024-02-11 18:00:00,77.124,5.003,106.105,41.396,1498.682
HIST-001,Pump,169,2024-02-12 00:00:00,77.919,5.289,99.739,42.696,1514.104
HIST-001,Pump,170,2024-02-12 06:00:00,80.098,4.334,99.079,40.774,1512.99
HIST-001,Pump,171,2024-02-12 12:00:00,79.164,4.948,97.739,39.442,1503.174
HIST-001,Pump,172,2024-02-12 18:00:00,76.57,5.23,96.903,38.66,1513.296
HIST-001,Pump,173,2024-02-13 00:00:00,76.118,4.968,96.267,40.017,1507.362
HIST-001,Pump,174,2024-02-13 06:00:00,80.11,5.012,97.334,39.551,1518.005
HIST-001,Pump,175,2024-02-13 12:00:00,83.561,5.551,99.788,38.477,1504.34
HIST-001,Pump,176,2024-02-13 18:00:00,81.072,5.841,101.003,43.073,1494.665
HIST-001,Pump,177,2024-02-14 00:00:00,81.729,5.519,100.153,42.678,1505.038
HIST-001,Pump,178,2024-02-14 06:00:00,81.716,5.885,97.703,41.704,1456.041
HIST-001,Pump,179,2024-02-14 12:00:00,84.704,5.968,102.701,38.619,1505.743
HIST-001,Pump,180,2024-02-14 18:00:00,81.839,5.89,102.218,41.283,1445.274
HIST-001,Pump,181,2024-02-15 00:00:00,82.113,5.961,99.521,40.959,1474.148
HIST-001,Pump,182,2024-02-15 06:00:00,85.177,6.72,98.041,40.664,1506.777
HIST-001,Pump,183,2024-02-15 12:00:00,83.609,5.809,101.645,41.874,1507.163
HIST-001,Pump,184,2024-02-15 18:00:00,86.628,5.554,100.564,40.953,1482.564
HIST-001,Pump,185,2024-02-16 00:00:00,84.36,6.698,95.656,41.11,1489.318
HIST-001,Pump,186,2024-02-16 06:00:00,81.875,5.916,99.796,40.955,1520.558
HIST-001,Pump,187,2024-02-16 12:00:00,83.623,6.458,100.786,40.511,1492.74
HIST-001,Pump,188,2024-02-16 18:00:00,88.571,6.86,97.301,37.325,1533.644
HIST-001,Pump,189,2024-02-17 00:00:00,89.009,5.98,100.57,40.125,1499.971
HIST-001,Pump,190,2024-02-17 06:00:00,84.131,6.04,95.636,39.166,1506.121
HIST-001,Pump,191,2024-02-17 12:00:00,85.101,6.005,104.009,38.08,1524.253
HIST-001,Pump,192,2024-02-17 18:00:00,89.712,6.381,103.744,42.523,1501.965
HIST-002,Compressor,1,2024-01-01 00:00:00,67.763,2.137,99.508,39.863,1505.445
HIST-002,Compressor,2,2024-01-01 06:00:00,64.67,2.317,98.257,39.204,1510.462
HIST-002,Compressor,3,2024-01-01 12:00:00,67.577,2.62,93.173,43.321,1534.161
HIST-002,Compressor,4,2024-01-01 18:00:00,65.123,2.254,101.923,39.322,1514.565
HIST-002,Compressor,5,2024-01-02 00:00:00,65.074,1.927,99.66,39.001,1476.295
HIST-002,Compressor,6,2024-01-02 06:00:00,64.822,2.447,96.962,40.651,1506.7
HIST-002,Compressor,7,2024-01-02 12:00:00,65.008,2.476,100.38,40.378,1517.122
HIST-002,Compressor,8,2024-01-02 18:00:00,68.438,2.396,98.249,37.893,1518.041
HIST-002,Compressor,9,2024-01-03 00:00:00,60.361,2.424,98.415,41.684,1493.601
HIST-002,Compressor,10,2024-01-03 06:00:00,60.997,2.119,101.819,39.859,1517.474
HIST-002,Compressor,11,2024-01-03 12:00:00,63.914,1.921,95.985,38.334,1513.916
HIST-002,Compressor,12,2024-01-03 18:00:00,65.029,1.94,103.142,41.783,1538.588
HIST-002,Compressor,13,2024-01-04 00:00:00,66.38,1.709,95.807,40.939,1488.75
HIST-002,Compressor,14,2024-01-04 06:00:00,65.946,2.271,98.012,38.103,1492.389
HIST-002,Compressor,15,2024-01-04 12:00:00,64.232,2.175,105.769,42.666,1495.408
HIST-002,Compressor,16,2024-01-04 18:00:00,67.038,2.068,103.382,40.988,1492.647
HIST-002,Compressor,17,2024-01-05 00:00:00,67.06,1.313,100.293,39.985,1486.65
HIST-002,Compressor,18,2024-01-05 06:00:00,65.368,1.826,97.178,42.385,1458.56
HIST-002,Compressor,19,2024-01-05 12:00:00,66.925,2.536,98.412,40.239,1493.48
HIST-002,Compressor,20,2024-01-05 18:00:00,65.545,2.001,100.22,39.958,1505.54
HIST-002,Compressor,21,2024-01-06 00:00:00,63.877,2.308,100.113,39.01,1492.602
HIST-002,Compressor,22,2024-01-06 06:00:00,66.396,1.783,99.727,40.873,1529.031
HIST-002,Compressor,23,2024-01-06 12:00:00,65.221,2.632,99.908,40.715,1500.201
HIST-002,Compressor,24,2024-01-06 18:00:00,65.003,2.157,99.357,40.022,1519.365
HIST-002,Compressor,25,2024-01-07 00:00:00,67.946,2.287,95.674,38.815,1503.921
HIST-002,Compressor,26,2024-01-07 06:00:00,60.098,2.898,98.45,40.195,1512.396
HIST-002,Compressor,27,2024-01-07 12:00:00,62.165,2.655,102.744,39.895,1504.189
HIST-002,Compressor,28,2024-01-07 18:00:00,62.626,2.108,95.895,38.0,1520.532
HIST-002,Compressor,29,2024-01-08 00:00:00,64.273,2.022,99.431,37.792,1500.839
HIST-002,Compressor,30,2024-01-08 06:00:00,64.491,2.102,97.541,40.848,1507.442
HIST-002,Compressor,31,2024-01-08 12:00:00,61.985,2.353,100.334,36.097,1505.495
HIST-002,Compressor,32,2024-01-08 18:00:00,63.03,2.168,98.834,40.308,1495.676
HIST-002,Compressor,33,2024-01-09 00:00:00,63.278,2.081,104.432,39.283,1506.075
HIST-002,Compressor,34,2024-01-09 06:00:00,69.915,2.64,101.52,41.962,1533.516
HIST-002,Compressor,35,2024-01-09 12:00:00,68.603,2.166,96.065,39.26,1495.944
HIST-002,Compressor,36,2024-01-09 18:00:00,64.177,2.89,102.014,40.989,1506.292
HIST-002,Compressor,37,2024-01-10 00:00:00,64.273,2.227,97.676,39.405,1518.867
HIST-002,Compressor,38,2024-01-10 06:00:00,62.702,2.736,98.269,40.171,1517.104
HIST-002,Compressor,39,2024-01-10 12:00:00,61.184,2.307,100.941,41.105,1500.176
HIST-002,Compressor,40,2024-01-10 18:00:00,64.766,2.489,98.525,39.306,1464.249
HIST-002,Compressor,41,2024-01-11 00:00:00,63.004,1.983,102.679,41.495,1507.751
HIST-002,Compressor,42,2024-01-11 06:00:00,64.83,1.944,97.676,38.509,1466.708
HIST-002,Compressor,43,2024-01-11 12:00:00,61.8,2.338,98.143,40.442,1522.049
HIST-002,Compressor,44,2024-01-11 18:00:00,63.476,2.497,98.031,41.384,1502.542
HIST-002,Compressor,45,2024-01-12 00:00:00,65.297,2.212,98.303,40.99,1514.995
HIST-002,Compressor,46,2024-01-12 06:00:00,65.732,1.814,103.298,42.875,1486.468
HIST-002,Compressor,47,2024-01-12 12:00:00,65.835,1.792,101.886,38.855,1476.712
HIST-002,Compressor,48,2024-01-12 18:00:00,62.359,1.772,105.13,37.931,1503.911
HIST-002,Compressor,49,2024-01-13 00:00:00,66.709,1.67,106.803,38.508,1499.496
HIST-002,Compressor,50,2024-01-13 06:00:00,63.4,2.233,96.908,40.991,1492.627
HIST-002,Compressor,51,2024-01-13 12:00:00,66.266,2.538,100.211,40.747,1501.27
HIST-002,Compressor,52,2024-01-13 18:00:00,64.979,2.196,96.471,40.153,1541.512
HIST-002,Compressor,53,2024-01-14 00:00:00,62.247,1.522,97.667,38.316,1512.518
HIST-002,Compressor,54,2024-01-14 06:00:00,64.368,2.143,98.11,41.15,1515.742
HIST-002,Compressor,55,2024-01-14 12:00:00,65.731,2.151,96.829,38.163,1512.659
HIST-002,Compressor,56,2024-01-14 18:00:00,66.226,2.829,96.844,41.738,1522.192
HIST-002,Compressor,57,2024-01-15 00:00:00,64.718,1.763,99.567,44.286,1497.149
HIST-002,Compressor,58,2024-01-15 06:00:00,68.064,2.083,96.35,40.55,1469.179
HIST-002,Compressor,59,2024-01-15 12:00:00,67.015,2.712,102.526,40.875,1497.171
HIST-002,Compressor,60,2024-01-15 18:00:00,64.487,2.335,97.247,39.261,1512.176
HIST-002,Compressor,61,2024-01-16 00:00:00,66.5,2.369,108.429,37.285,1485.453
HIST-002,Compressor,62,2024-01-16 06:00:00,68.868,2.234,98.646,39.096,1497.355
HIST-002,Compressor,63,2024-01-16 12:00:00,68.921,2.299,100.216,38.361,1489.623
HIST-002,Compressor,64,2024-01-16 18:00:00,62.544,2.433,96.114,37.829,1522.53
HIST-002,Compressor,65,2024-01-17 00:00:00,63.147,1.957,105.118,42.584,1511.242
HIST-002,Compressor,66,2024-01-17 06:00:00,67.97,2.463,103.359,40.409,1509.773
HIST-002,Compressor,67,2024-01-17 12:00:00,62.883,1.788,100.891,40.57,1509.324
HIST-002,Compressor,68,2024-01-17 18:00:00,62.355,2.299,95.96,39.536,1499.441
HIST-002,Compressor,69,2024-01-18 00:00:00,64.028,2.254,100.632,39.741,1502.963
HIST-002,Compressor,70,2024-01-18 06:00:00,65.84,2.015,96.636,41.447,1482.222
HIST-002,Compressor,71,2024-01-18 12:00:00,64.795,2.193,104.387,39.951,1467.203
HIST-002,Compressor,72,2024-01-18 18:00:00,63.699,2.013,102.428,40.796,1502.251
HIST-002,Compressor,73,2024-01-19 00:00:00,63.652,1.878,100.286,39.706,1504.86
HIST-002,Compressor,74,2024-01-19 06:00:00,63.575,2.094,92.691,39.487,1518.139
HIST-002,Compressor,75,2024-01-19 12:00:00,63.241,1.869,97.05,37.89,1523.57
HIST-002,Compressor,76,2024-01-19 18:00:00,69.563,2.297,102.063,37.033,1523.55
HIST-002,Compressor,77,2024-01-20 00:00:00,65.595,1.855,103.639,39.608,1485.03
HIST-002,Compressor,78,2024-01-20 06:00:00,66.774,2.414,103.328,40.085,1494.716
HIST-002,Compressor,79,2024-01-20 12:00:00,64.022,1.846,95.224,38.071,1507.205
HIST-002,Compressor,80,2024-01-20 18:00:00,64.628,2.03,100.905,39.948,1537.979
HIST-002,Compressor,81,2024-01-21 00:00:00,63.573,2.013,103.047,40.081,1522.201
HIST-002,Compressor,82,2024-01-21 06:00:00,59.697,2.598,95.025,36.766,1516.791
HIST-002,Compressor,83,2024-01-21 12:00:00,62.244,2.299,99.976,38.627,1494.183
HIST-002,Compressor,84,2024-01-21 18:00:00,61.379,2.136,100.822,40.611,1486.752
HIST-002,Compressor,85,2024-01-22 00:00:00,60.5,2.35,99.098,40.581,1511.834
HIST-002,Compressor,86,2024-01-22 06:00:00,62.609,1.568,94.444,38.269,1483.49
HIST-002,Compressor,87,2024-01-22 12:00:00,67.65,2.187,99.023,40.238,1496.423
HIST-002,Compressor,88,2024-01-22 18:00:00,64.911,2.799,99.018,41.534,1498.278
HIST-002,Compressor,89,2024-01-23 00:00:00,67.581,2.24,99.556,41.166,1523.894
HIST-002,Compressor,90,2024-01-23 06:00:00,65.822,2.22,98.31,39.857,1494.68
HIST-002,Compressor,91,2024-01-23 12:00:00,66.565,2.364,98.671,39.298,1463.411
HIST-002,Compressor,92,2024-01-23 18:00:00,63.198,2.469,99.881,39.056,1507.567
HIST-002,Compressor,93,2024-01-24 00:00:00,66.048,1.601,101.327,40.702,1489.515
HIST-002,Compressor,94,2024-01-24 06:00:00,66.457,1.695,99.087,40.293,1500.639
HIST-002,Compressor,95,2024-01-24 12:00:00,63.847,2.263,98.771,40.944,1498.699
HIST-002,Compressor,96,2024-01-24 18:00:00,66.119,1.986,100.277,40.198,1495.894
HIST-002,Compressor,97,2024-01-25 00:00:00,66.132,2.594,94.237,41.228,1511.855
HIST-002,Compressor,98,2024-01-25 06:00:00,63.901,2.105,101.431,40.142,1477.007
HIST-002,Compressor,99,2024-01-25 12:00:00,62.754,1.62,99.998,41.177,1492.245
HIST-002,Compressor,100,2024-01-25 18:00:00,62.632,1.82,100.119,41.306,1510.261
HIST-002,Compressor,101,2024-01-26 00:00:00,65.173,1.375,102.882,38.793,1490.789
HIST-002,Compressor,102,2024-01-26 06:00:00,65.654,2.13,94.142,37.288,1475.868
HIST-002,Compressor,103,2024-01-26 12:00:00,63.415,2.143,94.078,42.315,1510.028
HIST-002,Compressor,104,2024-01-26 18:00:00,65.053,2.073,100.821,40.385,1516.846
HIST-002,Compressor,105,2024-01-27 00:00:00,66.141,2.524,99.979,37.428,1499.325
HIST-002,Compressor,106,2024-01-27 06:00:00,66.236,2.56,100.511,38.929,1470.587
HIST-002,Compressor,107,2024-01-27 12:00:00,68.104,2.149,98.614,41.158,1510.59
HIST-002,Compressor,108,2024-01-27 18:00:00,67.554,1.56,101.993,39.58,1475.102
HIST-002,Compressor,109,2024-01-28 00:00:00,62.997,2.385,102.798,39.232,1504.632
HIST-002,Compressor,110,2024-01-28 06:00:00,68.367,2.367,101.452,42.101,1486.688
HIST-002,Compressor,111,2024-01-28 12:00:00,63.938,2.293,99.218,38.429,1482.602
HIST-002,Compressor,112,2024-01-28 18:00:00,67.09,2.494,93.677,38.803,1493.371
HIST-002,Compressor,113,2024-01-29 00:00:00,65.136,1.851,102.308,40.317,1497.251
HIST-002,Compressor,114,2024-01-29 06:00:00,64.176,2.803,103.665,40.586,1490.337
HIST-002,Compressor,115,2024-01-29 12:00:00,61.385,1.912,101.934,40.745,1508.831
HIST-002,Compressor,116,2024-01-29 18:00:00,64.657,2.425,97.361,41.367,1493.309
HIST-002,Compressor,117,2024-01-30 00:00:00,61.881,1.694,102.021,40.298,1514.703
HIST-002,Compressor,118,2024-01-30 06:00:00,66.935,1.921,102.582,40.734,1504.218
HIST-002,Compressor,119,2024-01-30 12:00:00,68.034,2.655,104.676,39.611,1489.537
HIST-002,Compressor,120,2024-01-30 18:00:00,63.406,2.122,97.372,40.094,1487.011
HIST-002,Compressor,121,2024-01-31 00:00:00,65.604,2.452,99.321,40.161,1475.288
HIST-002,Compressor,122,2024-01-31 06:00:00,63.549,2.271,102.242,40.323,1504.361
HIST-002,Compressor,123,2024-01-31 12:00:00,63.743,2.169,100.172,41.159,1494.681
HIST-002,Compressor,124,2024-01-31 18:00:00,66.549,2.609,96.648,40.833,1464.417
HIST-002,Compressor,125,2024-02-01 00:00:00,64.923,2.129,101.244,40.066,1491.964
HIST-002,Compressor,126,2024-02-01 06:00:00,68.479,1.666,101.736,38.786,1486.484
HIST-002,Compressor,127,2024-02-01 12:00:00,64.036,1.959,100.264,40.102,1523.635
HIST-002,Compressor,128,2024-02-01 18:00:00,66.999,2.365,100.659,39.958,1474.458
HIST-002,Compressor,129,2024-02-02 00:00:00,65.195,2.319,99.224,40.29,1478.38
HIST-002,Compressor,130,2024-02-02 06:00:00,66.592,1.73,104.435,43.31,1516.65
HIST-002,Compressor,131,2024-02-02 12:00:00,64.106,1.983,97.298,39.214,1520.351
HIST-002,Compressor,132,2024-02-02 18:00:00,64.901,2.025,98.238,40.633,1488.825
HIST-002,Compressor,133,2024-02-03 00:00:00,64.769,2.09,100.033,41.603,1490.519
HIST-002,Compressor,134,2024-02-03 06:00:00,63.328,1.787,102.637,40.147,1509.244
HIST-002,Compressor,135,2024-02-03 12:00:00,66.324,2.011,95.508,43.507,1465.094
HIST-002,Compressor,136,2024-02-03 18:00:00,66.3,1.981,96.069,39.433,1472.082
HIST-002,Compressor,137,2024-02-04 00:00:00,66.187,2.431,93.887,40.486,1495.789
HIST-002,Compressor,138,2024-02-04 06:00:00,68.074,2.443,100.098,38.802,1523.248
HIST-002,Compressor,139,2024-02-04 12:00:00,67.899,2.156,96.645,39.473,1493.464
HIST-002,Compressor,140,2024-02-04 18:00:00,64.25,2.082,98.846,40.373,1501.514
HIST-002,Compressor,141,2024-02-05 00:00:00,65.746,2.242,101.984,41.269,1517.007
HIST-002,Compressor,142,2024-02-05 06:00:00,63.753,1.955,98.075,40.479,1531.603
HIST-002,Compressor,143,2024-02-05 12:00:00,65.047,1.856,100.694,41.889,1491.347
HIST-002,Compressor,144,2024-02-05 18:00:00,63.801,1.918,99.102,39.858,1499.747
HIST-002,Compressor,145,2024-02-06 00:00:00,68.24,2.01,102.016,39.502,1527.331
HIST-002,Compressor,146,2024-02-06 06:00:00,65.727,1.851,101.425,44.056,1477.167
HIST-002,Compressor,147,2024-02-06 12:00:00,64.564,2.249,97.924,40.591,1515.414
HIST-002,Compressor,148,2024-02-06 18:00:00,67.387,2.419,99.494,38.921,1484.725
HIST-002,Compressor,149,2024-02-07 00:00:00,60.659,1.724,103.131,38.959,1501.537
HIST-002,Compressor,150,2024-02-07 06:00:00,60.972,2.208,101.18,38.586,1496.361
HIST-002,Compressor,151,2024-02-07 12:00:00,66.592,2.134,95.809,41.405,1485.63
HIST-002,Compressor,152,2024-02-07 18:00:00,65.121,2.302,101.967,39.453,1485.253
HIST-002,Compressor,153,2024-02-08 00:00:00,65.501,2.196,96.746,40.191,1504.146
HIST-002,Compressor,154,2024-02-08 06:00:00,62.347,1.764,104.238,39.905,1514.933
HIST-002,Compressor,155,2024-02-08 12:00:00,64.954,1.821,103.072,41.097,1498.054
HIST-002,Compressor,156,2024-02-08 18:00:00,69.007,2.209,100.87,38.73,1501.052
HIST-002,Compressor,157,2024-02-09 00:00:00,66.648,2.509,100.472,38.387,1508.568
HIST-002,Compressor,158,2024-02-09 06:00:00,65.339,1.536,99.373,40.336,1485.426
HIST-002,Compressor,159,2024-02-09 12:00:00,64.122,2.304,102.036,40.901,1511.095
HIST-002,Compressor,160,2024-02-09 18:00:00,64.211,2.557,98.888,40.499,1512.29
HIST-002,Compressor,161,2024-02-10 00:00:00,60.742,2.154,100.707,38.786,1539.054
HIST-002,Compressor,162,2024-02-10 06:00:00,65.515,2.365,102.616,41.016,1494.358
HIST-002,Compressor,163,2024-02-10 12:00:00,66.691,1.989,98.315,38.884,1493.129
HIST-002,Compressor,164,2024-02-10 18:00:00,61.849,2.164,98.151,39.218,1511.534
HIST-002,Compressor,165,2024-02-11 00:00:00,63.677,1.714,96.417,38.584,1512.287
HIST-002,Compressor,166,2024-02-11 06:00:00,62.685,1.497,96.807,41.952,1491.974
HIST-002,Compressor,167,2024-02-11 12:00:00,63.069,2.483,94.515,40.95,1493.953
HIST-002,Compressor,168,2024-02-11 18:00:00,65.107,1.905,102.189,40.907,1508.117
HIST-002,Compressor,169,2024-02-12 00:00:00,60.831,2.063,105.427,41.871,1487.586
HIST-002,Compressor,170,2024-02-12 06:00:00,66.229,1.784,104.276,44.219,1493.842
HIST-002,Compressor,171,2024-02-12 12:00:00,66.508,1.777,95.122,37.436,1501.344
HIST-002,Compressor,172,2024-02-12 18:00:00,64.498,2.148,102.175,38.892,1514.939
HIST-002,Compressor,173,2024-02-13 00:00:00,60.039,1.981,104.266,39.076,1490.931
HIST-002,Compressor,174,2024-02-13 06:00:00,63.007,2.313,98.63,38.724,1472.364
HIST-002,Compressor,175,2024-02-13 12:00:00,67.466,2.336,100.304,38.384,1471.251
HIST-002,Compressor,176,2024-02-13 18:00:00,59.444,2.296,93.976,39.551,1481.109
HIST-002,Compressor,177,2024-02-14 00:00:00,64.305,2.272,100.8,38.175,1480.302
HIST-002,Compressor,178,2024-02-14 06:00:00,62.64,2.673,96.809,40.503,1497.681
HIST-002,Compressor,179,2024-02-14 12:00:00,66.609,1.88,100.599,40.078,1482.167
HIST-002,Compressor,180,2024-02-14 18:00:00,63.65,2.184,95.316,40.722,1489.459
HIST-002,Compressor,181,2024-02-15 00:00:00,65.808,2.54,101.629,40.762,1488.389
HIST-002,Compressor,182,2024-02-15 06:00:00,66.131,2.579,103.074,40.905,1493.392
HIST-002,Compressor,183,2024-02-15 12:00:00,68.672,1.773,97.65,39.44,1519.838
HIST-002,Compressor,184,2024-02-15 18:00:00,64.594,2.106,96.589,43.182,1509.929
HIST-002,Compressor,185,2024-02-16 00:00:00,65.752,2.607,93.532,40.352,1500.242
HIST-002,Compressor,186,2024-02-16 06:00:00,62.03,2.352,99.201,37.206,1493.085
HIST-002,Compressor,187,2024-02-16 12:00:00,67.381,2.259,98.255,38.496,1493.502
HIST-002,Compressor,188,2024-02-16 18:00:00,63.479,2.135,95.347,37.389,1504.916
HIST-002,Compressor,189,2024-02-17 00:00:00,64.061,2.158,101.359,40.026,1508.763
HIST-002,Compressor,190,2024-02-17 06:00:00,64.9,2.252,98.65,39.817,1486.386
HIST-002,Compressor,191,2024-02-17 12:00:00,62.31,2.183,96.773,39.297,1500.547
HIST-002,Compressor,192,2024-02-17 18:00:00,64.746,2.429,98.336,43.016,1469.526
HIST-002,Compressor,193,2024-02-18 00:00:00,66.136,2.31,103.214,40.823,1503.176
HIST-002,Compressor,194,2024-02-18 06:00:00,67.088,1.746,101.809,41.089,1511.432
HIST-002,Compressor,195,2024-02-18 12:00:00,63.51,2.448,99.61,38.603,1495.799
HIST-002,Compressor,196,2024-02-18 18:00:00,64.165,3.285,101.857,38.501,1527.248
HIST-002,Compressor,197,2024-02-19 00:00:00,67.952,1.666,96.517,40.055,1486.781
HIST-002,Compressor,198,2024-02-19 06:00:00,61.761,2.485,100.097,40.26,1503.262
HIST-002,Compressor,199,2024-02-19 12:00:00,63.905,1.914,100.442,37.216,1499.463
HIST-002,Compressor,200,2024-02-19 18:00:00,68.046,2.204,98.59,39.73,1498.496
HIST-002,Compressor,201,2024-02-20 00:00:00,67.491,2.297,101.306,40.021,1498.285
HIST-002,Compressor,202,2024-02-20 06:00:00,66.994,2.235,97.659,39.677,1501.607
HIST-002,Compressor,203,2024-02-20 12:00:00,71.354,2.595,101.529,38.78,1512.719
HIST-002,Compressor,204,2024-02-20 18:00:00,67.614,2.539,101.656,39.191,1520.666
HIST-002,Compressor,205,2024-02-21 00:00:00,68.456,2.351,91.249,39.735,1499.966
HIST-002,Compressor,206,2024-02-21 06:00:00,71.259,1.412,103.571,40.136,1512.23
HIST-002,Compressor,207,2024-02-21 12:00:00,68.562,2.64,90.857,40.907,1489.473
HIST-002,Compressor,208,2024-02-21 18:00:00,65.87,2.431,98.152,41.621,1511.489
HIST-002,Compressor,209,2024-02-22 00:00:00,68.735,2.608,103.076,39.558,1488.57
HIST-002,Compressor,210,2024-02-22 06:00:00,66.612,2.195,99.048,39.316,1516.36
HIST-002,Compressor,211,2024-02-22 12:00:00,65.647,2.256,95.601,40.656,1533.16
HIST-002,Compressor,212,2024-02-22 18:00:00,66.883,2.492,96.719,40.916,1498.169
HIST-002,Compressor,213,2024-02-23 00:00:00,72.807,2.403,103.081,39.349,1467.112
HIST-002,Compressor,214,2024-02-23 06:00:00,66.836,2.543,94.235,41.186,1491.779
HIST-002,Compressor,215,2024-02-23 12:00:00,67.871,2.608,103.387,41.469,1518.478
HIST-002,Compressor,216,2024-02-23 18:00:00,69.79,2.024,99.835,41.938,1508.296
HIST-002,Compressor,217,2024-02-24 00:00:00,69.905,2.564,96.423,42.667,1503.734
HIST-002,Compressor,218,2024-02-24 06:00:00,68.333,2.58,98.251,38.7,1515.13
HIST-002,Compressor,219,2024-02-24 12:00:00,70.474,2.583,96.948,40.021,1507.267
HIST-002,Compressor,220,2024-02-24 18:00:00,67.964,2.071,102.599,40.017,1518.266
HIST-002,Compressor,221,2024-02-25 00:00:00,69.404,2.62,102.197,39.853,1513.791
HIST-002,Compressor,222,2024-02-25 06:00:00,72.661,1.846,94.843,39.026,1522.826
HIST-002,Compressor,223,2024-02-25 12:00:00,70.8,2.291,98.789,37.772,1505.382
HIST-002,Compressor,224,2024-02-25 18:00:00,70.379,2.139,97.41,40.139,1513.579
HIST-002,Compressor,225,2024-02-26 00:00:00,68.204,2.556,103.881,38.847,1495.393
HIST-002,Compressor,226,2024-02-26 06:00:00,68.309,2.529,95.95,40.129,1490.978
HIST-002,Compressor,227,2024-02-26 12:00:00,71.366,3.046,104.813,38.809,1525.602
HIST-002,Compressor,228,2024-02-26 18:00:00,69.949,2.541,99.9,38.351,1503.243
HIST-002,Compressor,229,2024-02-27 00:00:00,73.008,2.243,96.514,40.351,1512.073
HIST-002,Compressor,230,2024-02-27 06:00:00,66.51,2.466,97.968,40.226,1501.856
HIST-002,Compressor,231,2024-02-27 12:00:00,73.146,3.049,97.595,40.869,1491.202
HIST-002,Compressor,232,2024-02-27 18:00:00,71.607,2.852,96.176,43.279,1500.165
HIST-002,Compressor,233,2024-02-28 00:00:00,74.334,2.6,100.284,40.416,1521.54
HIST-002,Compressor,234,2024-02-28 06:00:00,69.905,2.795,96.316,40.728,1508.329
HIST-002,Compressor,235,2024-02-28 12:00:00,77.529,2.095,93.459,38.384,1474.328
HIST-002,Compressor,236,2024-02-28 18:00:00,75.308,2.889,98.861,38.07,1496.771
HIST-002,Compressor,237,2024-02-29 00:00:00,75.029,2.431,94.591,42.374,1526.734
HIST-002,Compressor,238,2024-02-29 06:00:00,72.596,2.75,97.744,38.615,1496.793
HIST-002,Compressor,239,2024-02-29 12:00:00,76.256,2.869,97.273,38.434,1472.993
HIST-002,Compressor,240,2024-02-29 18:00:00,74.946,3.451,97.386,39.941,1528.396
HIST-002,Compressor,241,2024-03-01 00:00:00,71.629,2.457,106.003,39.865,1510.236
HIST-002,Compressor,242,2024-03-01 06:00:00,76.608,2.696,100.169,38.646,1498.95
HIST-002,Compressor,243,2024-03-01 12:00:00,77.812,3.397,100.736,39.543,1494.429
HIST-002,Compressor,244,2024-03-01 18:00:00,76.228,3.536,94.671,41.844,1516.235
HIST-002,Compressor,245,2024-03-02 00:00:00,76.564,2.525,98.038,38.791,1491.87
HIST-002,Compressor,246,2024-03-02 06:00:00,77.248,2.836,100.646,37.909,1517.224
HIST-002,Compressor,247,2024-03-02 12:00:00,78.863,2.77,96.926,41.414,1508.133
HIST-002,Compressor,248,2024-03-02 18:00:00,79.629,3.33,102.724,40.738,1503.67
HIST-002,Compressor,249,2024-03-03 00:00:00,71.837,2.729,96.392,39.069,1502.183
HIST-002,Compressor,250,2024-03-03 06:00:00,78.408,2.999,99.141,37.627,1497.375
HIST-002,Compressor,251,2024-03-03 12:00:00,79.121,2.511,98.242,38.883,1515.685
HIST-002,Compressor,252,2024-03-03 18:00:00,74.752,2.972,100.493,39.918,1487.02
HIST-002,Compressor,253,2024-03-04 00:00:00,78.907,3.195,98.079,41.749,1475.671
HIST-002,Compressor,254,2024-03-04 06:00:00,82.444,3.419,99.187,38.445,1509.217
HIST-002,Compressor,255,2024-03-04 12:00:00,76.877,2.865,99.292,39.873,1509.469
HIST-002,Compressor,256,2024-03-04 18:00:00,81.254,3.332,97.797,41.013,1507.204
HIST-002,Compressor,257,2024-03-05 00:00:00,78.432,3.393,101.455,36.428,1506.116
HIST-002,Compressor,258,2024-03-05 06:00:00,78.401,2.868,100.715,41.551,1495.192
HIST-002,Compressor,259,2024-03-05 12:00:00,83.078,2.883,99.734,38.226,1511.812
HIST-002,Compressor,260,2024-03-05 18:00:00,81.812,2.96,98.709,40.498,1499.317
HIST-002,Compressor,261,2024-03-06 00:00:00,82.59,3.148,102.39,40.37,1492.693
HIST-002,Compressor,262,2024-03-06 06:00:00,80.095,3.301,99.292,41.627,1495.322
HIST-002,Compressor,263,2024-03-06 12:00:00,85.787,3.628,99.08,40.826,1530.31
HIST-002,Compressor,264,2024-03-06 18:00:00,84.454,3.138,100.314,36.434,1473.975
HIST-002,Compressor,265,2024-03-07 00:00:00,85.37,3.684,105.09,38.823,1507.497
HIST-002,Compressor,266,2024-03-07 06:00:00,83.823,3.301,95.979,40.207,1474.813
HIST-002,Compressor,267,2024-03-07 12:00:00,79.403,3.444,102.31,39.708,1498.376
HIST-002,Compressor,268,2024-03-07 18:00:00,88.166,3.169,94.32,40.716,1493.496
HIST-002,Compressor,269,2024-03-08 00:00:00,83.436,3.759,100.652,41.184,1468.725
HIST-002,Compressor,270,2024-03-08 06:00:00,84.882,3.507,104.725,40.913,1505.836
HIST-002,Compressor,271,2024-03-08 12:00:00,84.144,2.88,101.466,39.679,1494.299
HIST-002,Compressor,272,2024-03-08 18:00:00,85.226,3.239,100.512,37.23,1468.512
HIST-002,Compressor,273,2024-03-09 00:00:00,86.966,3.474,98.319,39.317,1512.594
HIST-002,Compressor,274,2024-03-09 06:00:00,87.271,3.348,100.093,40.625,1521.525
HIST-002,Compressor,275,2024-03-09 12:00:00,89.106,3.891,99.244,38.364,1522.352
HIST-002,Compressor,276,2024-03-09 18:00:00,86.745,3.42,97.642,40.947,1505.384
HIST-002,Compressor,277,2024-03-10 00:00:00,88.517,4.161,99.13,41.363,1500.691
HIST-002,Compressor,278,2024-03-10 06:00:00,87.429,3.117,100.595,40.19,1519.922
HIST-002,Compressor,279,2024-03-10 12:00:00,92.07,3.94,97.698,35.404,1525.236
HIST-002,Compressor,280,2024-03-10 18:00:00,85.91,3.353,97.581,38.083,1517.004
HIST-002,Compressor,281,2024-03-11 00:00:00,92.541,3.549,95.919,42.829,1485.877
HIST-002,Compressor,282,2024-03-11 06:00:00,92.671,3.598,101.172,39.18,1503.02
HIST-002,Compressor,283,2024-03-11 12:00:00,88.796,3.422,101.636,37.024,1506.593
HIST-002,Compressor,284,2024-03-11 18:00:00,95.651,4.08,100.695,41.853,1472.856
HIST-002,Compressor,285,2024-03-12 00:00:00,92.99,4.6,102.896,40.02,1507.04
HIST-002,Compressor,286,2024-03-12 06:00:00,94.734,3.951,100.264,41.657,1534.095
HIST-002,Compressor,287,2024-03-12 12:00:00,94.041,4.135,101.176,40.415,1509.599
HIST-002,Compressor,288,2024-03-12 18:00:00,92.101,4.271,100.912,40.688,1522.101
HIST-003,Motor,1,2024-01-01 00:00:00,70.269,2.246,102.475,38.827,1509.521
HIST-003,Motor,2,2024-01-01 06:00:00,66.112,2.491,97.861,38.709,1497.466
HIST-003,Motor,3,2024-01-01 12:00:00,64.072,2.571,103.156,41.154,1502.946
HIST-003,Motor,4,2024-01-01 18:00:00,65.931,2.0,95.453,40.667,1481.635
HIST-003,Motor,5,2024-01-02 00:00:00,62.978,2.481,96.257,40.683,1493.075
HIST-003,Motor,6,2024-01-02 06:00:00,68.009,1.965,102.129,40.421,1508.809
HIST-003,Motor,7,2024-01-02 12:00:00,63.678,2.748,105.013,40.069,1508.924
HIST-003,Motor,8,2024-01-02 18:00:00,66.002,1.86,101.48,41.045,1489.131
HIST-003,Motor,9,2024-01-03 00:00:00,67.132,2.599,99.879,41.403,1502.425
HIST-003,Motor,10,2024-01-03 06:00:00,65.77,2.003,93.414,41.367,1532.983
HIST-003,Motor,11,2024-01-03 12:00:00,65.189,2.804,93.933,39.849,1499.736
HIST-003,Motor,12,2024-01-03 18:00:00,65.022,2.377,100.388,42.08,1489.602
HIST-003,Motor,13,2024-01-04 00:00:00,64.887,1.895,98.926,40.343,1497.394
HIST-003,Motor,14,2024-01-04 06:00:00,63.847,2.043,96.682,40.949,1501.383
HIST-003,Motor,15,2024-01-04 12:00:00,64.101,2.434,100.197,40.423,1497.732
HIST-003,Motor,16,2024-01-04 18:00:00,67.959,2.516,100.345,40.371,1499.53
HIST-003,Motor,17,2024-01-05 00:00:00,64.783,2.179,102.833,38.896,1478.348
HIST-003,Motor,18,2024-01-05 06:00:00,63.428,2.213,100.41,41.052,1485.561
HIST-003,Motor,19,2024-01-05 12:00:00,63.967,2.428,103.685,44.268,1497.76
HIST-003,Motor,20,2024-01-05 18:00:00,67.201,2.24,100.024,39.438,1497.521
HIST-003,Motor,21,2024-01-06 00:00:00,66.351,1.812,99.654,40.106,1491.507
HIST-003,Motor,22,2024-01-06 06:00:00,66.121,1.956,103.193,39.331,1497.345
HIST-003,Motor,23,2024-01-06 12:00:00,64.485,2.271,97.065,39.268,1500.915
HIST-003,Motor,24,2024-01-06 18:00:00,66.147,2.565,108.443,42.317,1513.341
HIST-003,Motor,25,2024-01-07 00:00:00,63.713,2.685,101.126,38.991,1498.512
HIST-003,Motor,26,2024-01-07 06:00:00,64.481,2.434,101.142,39.289,1505.987
HIST-003,Motor,27,2024-01-07 12:00:00,66.94,2.286,101.575,37.619,1491.876
HIST-003,Motor,28,2024-01-07 18:00:00,66.749,2.425,105.631,38.864,1508.581
HIST-003,Motor,29,2024-01-08 00:00:00,63.036,2.0,102.378,37.437,1505.636
HIST-003,Motor,30,2024-01-08 06:00:00,63.289,2.154,95.185,40.948,1512.987
HIST-003,Motor,31,2024-01-08 12:00:00,65.217,1.953,104.21,44.2,1510.702
HIST-003,Motor,32,2024-01-08 18:00:00,68.452,1.825,98.977,39.45,1508.831
HIST-003,Motor,33,2024-01-09 00:00:00,61.169,2.3,100.321,37.5,1498.524
HIST-003,Motor,34,2024-01-09 06:00:00,65.557,2.256,96.162,41.35,1503.674
HIST-003,Motor,35,2024-01-09 12:00:00,62.248,2.406,101.579,38.91,1515.953
HIST-003,Motor,36,2024-01-09 18:00:00,63.731,2.364,98.046,41.949,1490.219
HIST-003,Motor,37,2024-01-10 00:00:00,64.271,2.273,100.301,39.577,1490.574
HIST-003,Motor,38,2024-01-10 06:00:00,64.159,2.367,99.148,39.052,1502.721
HIST-003,Motor,39,2024-01-10 12:00:00,63.932,2.187,105.775,39.733,1506.229
HIST-003,Motor,40,2024-01-10 18:00:00,65.014,2.324,105.947,41.137,1487.638
HIST-003,Motor,41,2024-01-11 00:00:00,63.929,1.982,100.14,39.659,1498.879
HIST-003,Motor,42,2024-01-11 06:00:00,62.075,2.311,100.192,39.255,1498.59
HIST-003,Motor,43,2024-01-11 12:00:00,66.56,2.401,98.88,39.702,1466.771
HIST-003,Motor,44,2024-01-11 18:00:00,66.506,1.999,103.318,38.092,1496.706
HIST-003,Motor,45,2024-01-12 00:00:00,66.686,2.216,99.013,40.596,1497.64
HIST-003,Motor,46,2024-01-12 06:00:00,61.919,2.013,98.736,37.32,1497.596
HIST-003,Motor,47,2024-01-12 12:00:00,65.598,2.042,102.936,39.334,1521.239
HIST-003,Motor,48,2024-01-12 18:00:00,66.352,1.863,98.385,41.139,1481.763
HIST-003,Motor,49,2024-01-13 00:00:00,62.938,2.58,99.887,40.455,1487.631
HIST-003,Motor,50,2024-01-13 06:00:00,65.018,2.52,95.256,40.885,1460.817
HIST-003,Motor,51,2024-01-13 12:00:00,64.767,2.361,102.113,39.902,1492.786
HIST-003,Motor,52,2024-01-13 18:00:00,68.684,2.792,105.823,41.755,1494.065
HIST-003,Motor,53,2024-01-14 00:00:00,68.849,2.143,102.164,41.387,1492.35
HIST-003,Motor,54,2024-01-14 06:00:00,61.671,3.11,104.385,40.669,1516.615
HIST-003,Motor,55,2024-01-14 12:00:00,69.988,2.132,97.462,41.391,1512.909
HIST-003,Motor,56,2024-01-14 18:00:00,63.17,2.277,100.709,41.126,1501.168
HIST-003,Motor,57,2024-01-15 00:00:00,66.961,2.081,97.171,39.341,1494.441
HIST-003,Motor,58,2024-01-15 06:00:00,66.941,2.312,99.317,37.984,1515.393
HIST-003,Motor,59,2024-01-15 12:00:00,63.009,2.451,102.317,40.631,1499.704
HIST-003,Motor,60,2024-01-15 18:00:00,65.987,2.166,100.305,40.819,1487.726
HIST-003,Motor,61,2024-01-16 00:00:00,64.785,2.733,95.762,41.636,1474.256
HIST-003,Motor,62,2024-01-16 06:00:00,66.109,2.272,96.055,38.596,1493.38
HIST-003,Motor,63,2024-01-16 12:00:00,65.461,2.281,95.857,38.64,1511.32
HIST-003,Motor,64,2024-01-16 18:00:00,67.393,1.927,101.474,40.69,1534.148
HIST-003,Motor,65,2024-01-17 00:00:00,65.151,2.326,106.192,39.893,1500.924
HIST-003,Motor,66,2024-01-17 06:00:00,64.664,2.16,104.087,37.171,1488.52
HIST-003,Motor,67,2024-01-17 12:00:00,67.192,2.018,94.312,40.563,1482.226
HIST-003,Motor,68,2024-01-17 18:00:00,66.161,1.967,104.263,37.221,1508.279
HIST-003,Motor,69,2024-01-18 00:00:00,66.464,3.002,102.809,38.582,1473.531
HIST-003,Motor,70,2024-01-18 06:00:00,63.671,2.121,95.364,42.028,1508.255
HIST-003,Motor,71,2024-01-18 12:00:00,62.909,1.763,99.09,42.737,1512.266
HIST-003,Motor,72,2024-01-18 18:00:00,63.865,1.991,103.287,38.177,1506.544
HIST-003,Motor,73,2024-01-19 00:00:00,63.758,2.185,101.651,39.506,1496.705
HIST-003,Motor,74,2024-01-19 06:00:00,66.572,2.364,96.073,40.064,1508.474
HIST-003,Motor,75,2024-01-19 12:00:00,66.952,2.366,101.832,42.672,1502.564
HIST-003,Motor,76,2024-01-19 18:00:00,64.69,2.403,93.587,39.261,1488.328
HIST-003,Motor,77,2024-01-20 00:00:00,67.862,2.007,99.332,39.285,1527.756
HIST-003,Motor,78,2024-01-20 06:00:00,67.737,2.302,103.414,42.323,1494.725
HIST-003,Motor,79,2024-01-20 12:00:00,65.487,1.937,100.055,39.438,1511.636
HIST-003,Motor,80,2024-01-20 18:00:00,63.356,2.014,98.503,41.083,1463.721
HIST-003,Motor,81,2024-01-21 00:00:00,68.151,1.925,102.668,37.784,1519.147
HIST-003,Motor,82,2024-01-21 06:00:00,64.878,1.843,102.924,39.743,1522.031
HIST-003,Motor,83,2024-01-21 12:00:00,65.252,2.519,103.93,37.511,1500.448
HIST-003,Motor,84,2024-01-21 18:00:00,64.321,2.407,102.623,38.417,1508.382
HIST-003,Motor,85,2024-01-22 00:00:00,63.22,2.493,103.244,41.259,1508.378
HIST-003,Motor,86,2024-01-22 06:00:00,62.063,2.212,102.199,39.925,1490.358
HIST-003,Motor,87,2024-01-22 12:00:00,66.266,2.433,100.797,39.521,1508.207
HIST-003,Motor,88,2024-01-22 18:00:00,63.433,1.672,100.269,38.877,1487.871
HIST-003,Motor,89,2024-01-23 00:00:00,71.119,2.459,99.288,39.669,1490.869
HIST-003,Motor,90,2024-01-23 06:00:00,62.828,2.253,96.363,40.452,1516.904
HIST-003,Motor,91,2024-01-23 12:00:00,62.485,2.388,97.134,41.474,1514.62
HIST-003,Motor,92,2024-01-23 18:00:00,66.02,2.314,99.154,36.062,1489.404
HIST-003,Motor,93,2024-01-24 00:00:00,68.059,1.904,100.724,38.752,1488.996
HIST-003,Motor,94,2024-01-24 06:00:00,65.129,1.751,104.322,40.239,1490.316
HIST-003,Motor,95,2024-01-24 12:00:00,66.144,1.986,99.875,39.852,1510.99
HIST-003,Motor,96,2024-01-24 18:00:00,61.313,2.369,103.01,40.605,1485.0
HIST-003,Motor,97,2024-01-25 00:00:00,63.645,2.407,103.238,40.401,1505.351
HIST-003,Motor,98,2024-01-25 06:00:00,62.853,1.79,99.306,39.543,1511.203
HIST-003,Motor,99,2024-01-25 12:00:00,61.21,1.906,101.784,39.21,1498.676
HIST-003,Motor,100,2024-01-25 18:00:00,65.234,1.983,99.269,39.632,1515.151
HIST-003,Motor,101,2024-01-26 00:00:00,60.514,2.093,103.966,41.723,1495.435
HIST-003,Motor,102,2024-01-26 06:00:00,62.356,1.791,101.908,38.902,1496.792
HIST-003,Motor,103,2024-01-26 12:00:00,63.926,1.773,96.429,39.906,1485.341
HIST-003,Motor,104,2024-01-26 18:00:00,63.337,1.953,100.485,40.275,1515.258
HIST-003,Motor,105,2024-01-27 00:00:00,65.793,2.226,104.944,42.341,1488.502
HIST-003,Motor,106,2024-01-27 06:00:00,65.611,1.846,99.456,39.55,1505.247
HIST-003,Motor,107,2024-01-27 12:00:00,66.788,2.165,101.343,41.438,1498.93
HIST-003,Motor,108,2024-01-27 18:00:00,66.505,2.518,101.638,41.848,1484.208
HIST-003,Motor,109,2024-01-28 00:00:00,67.282,1.809,96.89,39.904,1490.863
HIST-003,Motor,110,2024-01-28 06:00:00,64.996,2.138,101.532,39.684,1520.743
HIST-003,Motor,111,2024-01-28 12:00:00,65.607,2.507,95.818,39.506,1503.025
HIST-003,Motor,112,2024-01-28 18:00:00,66.023,2.075,98.123,39.616,1484.863
HIST-003,Motor,113,2024-01-29 00:00:00,65.283,2.028,103.227,41.281,1504.58
HIST-003,Motor,114,2024-01-29 06:00:00,64.206,2.549,101.07,40.347,1497.808
HIST-003,Motor,115,2024-01-29 12:00:00,64.335,2.108,99.087,40.353,1551.811
HIST-003,Motor,116,2024-01-29 18:00:00,63.365,2.531,101.339,38.312,1504.277
HIST-003,Motor,117,2024-01-30 00:00:00,65.843,2.329,99.82,38.549,1494.291
HIST-003,Motor,118,2024-01-30 06:00:00,64.812,2.097,100.038,43.215,1521.3
HIST-003,Motor,119,2024-01-30 12:00:00,63.674,2.344,101.97,39.733,1472.384
HIST-003,Motor,120,2024-01-30 18:00:00,63.676,2.296,97.818,38.838,1501.415
HIST-003,Motor,121,2024-01-31 00:00:00,62.579,2.506,100.121,42.147,1529.916
HIST-003,Motor,122,2024-01-31 06:00:00,66.958,2.035,99.063,40.423,1498.257
HIST-003,Motor,123,2024-01-31 12:00:00,65.157,2.212,95.243,40.867,1474.0
HIST-003,Motor,124,2024-01-31 18:00:00,63.274,2.182,97.239,39.793,1494.061
HIST-003,Motor,125,2024-02-01 00:00:00,66.617,2.411,104.705,39.522,1521.818
HIST-003,Motor,126,2024-02-01 06:00:00,63.879,1.892,101.154,39.746,1505.641
HIST-003,Motor,127,2024-02-01 12:00:00,62.187,2.505,96.029,37.926,1487.417
HIST-003,Motor,128,2024-02-01 18:00:00,67.042,2.34,95.379,39.868,1489.721
HIST-003,Motor,129,2024-02-02 00:00:00,63.926,1.805,99.664,40.444,1491.604
HIST-003,Motor,130,2024-02-02 06:00:00,64.182,2.562,104.684,42.776,1505.418
HIST-003,Motor,131,2024-02-02 12:00:00,65.082,2.87,99.44,40.129,1520.073
HIST-003,Motor,132,2024-02-02 18:00:00,67.285,2.501,103.921,36.499,1515.786
HIST-003,Motor,133,2024-02-03 00:00:00,65.04,2.628,101.056,39.859,1506.84
HIST-003,Motor,134,2024-02-03 06:00:00,62.602,2.226,101.414,44.109,1480.025
HIST-003,Motor,135,2024-02-03 12:00:00,66.088,1.702,95.993,41.3,1480.081
HIST-003,Motor,136,2024-02-03 18:00:00,64.03,1.647,102.813,38.784,1507.999
HIST-003,Motor,137,2024-02-04 00:00:00,68.776,2.277,98.995,40.887,1479.818
HIST-003,Motor,138,2024-02-04 06:00:00,64.998,2.022,102.589,38.887,1496.616
HIST-003,Motor,139,2024-02-04 12:00:00,60.53,1.926,97.557,37.969,1504.562
HIST-003,Motor,140,2024-02-04 18:00:00,65.715,2.181,100.531,39.477,1482.936
HIST-003,Motor,141,2024-02-05 00:00:00,68.889,2.385,101.056,40.137,1484.636
HIST-003,Motor,142,2024-02-05 06:00:00,68.152,1.764,99.538,37.192,1498.588
HIST-003,Motor,143,2024-02-05 12:00:00,68.662,2.065,101.214,38.276,1507.555
HIST-003,Motor,144,2024-02-05 18:00:00,62.96,2.653,99.201,40.016,1515.923
HIST-003,Motor,145,2024-02-06 00:00:00,66.824,1.877,98.053,39.388,1509.106
HIST-003,Motor,146,2024-02-06 06:00:00,63.556,2.461,104.816,40.592,1501.105
HIST-003,Motor,147,2024-02-06 12:00:00,65.449,2.055,103.147,38.178,1488.807
HIST-003,Motor,148,2024-02-06 18:00:00,62.454,2.364,97.717,41.071,1483.936
HIST-003,Motor,149,2024-02-07 00:00:00,63.711,2.529,101.705,38.224,1492.337
HIST-003,Motor,150,2024-02-07 06:00:00,63.648,2.422,97.772,42.464,1506.149
HIST-003,Motor,151,2024-02-07 12:00:00,66.797,2.473,96.446,37.426,1505.049
HIST-003,Motor,152,2024-02-07 18:00:00,66.601,1.855,103.101,38.361,1468.501
HIST-003,Motor,153,2024-02-08 00:00:00,65.554,2.534,94.888,40.626,1488.215
HIST-003,Motor,154,2024-02-08 06:00:00,62.299,1.944,102.781,42.496,1518.068
HIST-003,Motor,155,2024-02-08 12:00:00,64.377,2.278,99.242,40.473,1501.188
HIST-003,Motor,156,2024-02-08 18:00:00,63.508,2.277,99.365,40.844,1478.745
HIST-003,Motor,157,2024-02-09 00:00:00,66.739,2.346,101.229,40.026,1535.337
HIST-003,Motor,158,2024-02-09 06:00:00,67.356,2.301,101.744,38.46,1499.566
HIST-003,Motor,159,2024-02-09 12:00:00,67.113,1.947,97.521,39.265,1505.765
HIST-003,Motor,160,2024-02-09 18:00:00,63.49,1.795,102.153,38.182,1505.993
HIST-003,Motor,161,2024-02-10 00:00:00,59.521,2.462,100.34,38.082,1494.486
HIST-003,Motor,162,2024-02-10 06:00:00,61.466,2.256,96.232,40.603,1489.086
HIST-003,Motor,163,2024-02-10 12:00:00,67.843,2.409,101.937,38.315,1531.825
HIST-003,Motor,164,2024-02-10 18:00:00,64.197,2.077,102.786,40.479,1515.048
HIST-003,Motor,165,2024-02-11 00:00:00,63.499,1.635,105.092,38.047,1512.329
HIST-003,Motor,166,2024-02-11 06:00:00,68.285,2.543,102.667,40.445,1508.644
HIST-003,Motor,167,2024-02-11 12:00:00,67.53,1.89,96.995,39.267,1484.95
HIST-003,Motor,168,2024-02-11 18:00:00,65.049,2.24,100.89,42.11,1519.163
HIST-003,Motor,169,2024-02-12 00:00:00,64.413,1.696,103.422,40.486,1487.353
HIST-003,Motor,170,2024-02-12 06:00:00,64.736,2.746,104.624,41.854,1504.249
HIST-003,Motor,171,2024-02-12 12:00:00,65.454,1.882,101.545,38.867,1475.409
HIST-003,Motor,172,2024-02-12 18:00:00,68.2,1.9,100.079,40.084,1469.387
HIST-003,Motor,173,2024-02-13 00:00:00,65.845,2.424,99.563,38.528,1504.774
HIST-003,Motor,174,2024-02-13 06:00:00,66.452,1.71,99.017,39.38,1487.864
HIST-003,Motor,175,2024-02-13 12:00:00,67.339,2.457,93.584,39.607,1470.162
HIST-003,Motor,176,2024-02-13 18:00:00,62.661,2.622,102.077,38.911,1508.109
HIST-003,Motor,177,2024-02-14 00:00:00,66.51,2.343,101.004,38.177,1531.801
HIST-003,Motor,178,2024-02-14 06:00:00,64.411,2.486,101.694,37.88,1520.843
HIST-003,Motor,179,2024-02-14 12:00:00,59.968,1.285,94.0,36.49,1496.14
HIST-003,Motor,180,2024-02-14 18:00:00,60.744,2.118,101.296,38.415,1500.133
HIST-003,Motor,181,2024-02-15 00:00:00,62.964,2.271,105.524,40.941,1513.316
HIST-003,Motor,182,2024-02-15 06:00:00,66.062,1.996,96.606,37.602,1516.832
HIST-003,Motor,183,2024-02-15 12:00:00,65.228,2.587,97.999,37.948,1494.847
HIST-003,Motor,184,2024-02-15 18:00:00,65.369,2.388,99.014,42.686,1500.513
HIST-003,Motor,185,2024-02-16 00:00:00,68.902,2.136,104.918,39.045,1504.509
HIST-003,Motor,186,2024-02-16 06:00:00,62.462,2.21,95.903,40.482,1508.308
HIST-003,Motor,187,2024-02-16 12:00:00,64.945,1.885,101.368,40.963,1498.004
HIST-003,Motor,188,2024-02-16 18:00:00,65.609,2.107,94.448,40.994,1498.199
HIST-003,Motor,189,2024-02-17 00:00:00,63.527,2.598,95.701,37.717,1520.697
HIST-003,Motor,190,2024-02-17 06:00:00,65.057,1.665,97.815,39.653,1518.143
HIST-003,Motor,191,2024-02-17 12:00:00,61.8,1.859,101.82,37.573,1507.161
HIST-003,Motor,192,2024-02-17 18:00:00,67.82,2.08,101.995,43.669,1525.787
HIST-003,Motor,193,2024-02-18 00:00:00,63.637,2.938,100.545,37.608,1494.203
HIST-003,Motor,194,2024-02-18 06:00:00,69.063,2.586,96.769,38.428,1524.345
HIST-003,Motor,195,2024-02-18 12:00:00,64.935,2.23,105.887,38.439,1508.138
HIST-003,Motor,196,2024-02-18 18:00:00,67.056,2.942,93.487,37.755,1549.065
HIST-003,Motor,197,2024-02-19 00:00:00,64.893,2.004,93.98,42.029,1482.113
HIST-003,Motor,198,2024-02-19 06:00:00,64.939,2.682,93.908,43.634,1489.66
HIST-003,Motor,199,2024-02-19 12:00:00,63.832,2.045,102.437,39.286,1506.282
HIST-003,Motor,200,2024-02-19 18:00:00,65.238,2.651,99.336,38.019,1505.959
HIST-003,Motor,201,2024-02-20 00:00:00,65.636,2.537,103.93,36.645,1529.252
HIST-003,Motor,202,2024-02-20 06:00:00,63.431,2.283,93.365,39.634,1489.974
HIST-003,Motor,203,2024-02-20 12:00:00,64.75,2.444,97.818,39.525,1513.574
HIST-003,Motor,204,2024-02-20 18:00:00,63.78,2.828,95.442,39.023,1517.437
HIST-003,Motor,205,2024-02-21 00:00:00,69.599,2.114,97.283,40.332,1510.57
HIST-003,Motor,206,2024-02-21 06:00:00,64.821,2.663,91.146,40.593,1485.585
HIST-003,Motor,207,2024-02-21 12:00:00,68.09,2.389,98.619,40.485,1521.116
HIST-003,Motor,208,2024-02-21 18:00:00,64.609,2.569,97.717,39.526,1518.44
HIST-003,Motor,209,2024-02-22 00:00:00,65.519,2.71,94.942,38.348,1508.994
HIST-003,Motor,210,2024-02-22 06:00:00,62.357,2.359,95.736,40.999,1503.065
HIST-003,Motor,211,2024-02-22 12:00:00,64.106,2.527,94.005,40.019,1503.392
HIST-003,Motor,212,2024-02-22 18:00:00,65.421,2.771,90.502,41.333,1498.819
HIST-003,Motor,213,2024-02-23 00:00:00,68.172,2.785,92.356,41.185,1509.612
HIST-003,Motor,214,2024-02-23 06:00:00,65.444,2.932,86.675,37.867,1500.467
HIST-003,Motor,215,2024-02-23 12:00:00,67.767,2.741,97.45,37.849,1487.272
HIST-003,Motor,216,2024-02-23 18:00:00,66.281,2.994,98.058,38.867,1484.271
HIST-003,Motor,217,2024-02-24 00:00:00,68.255,3.559,92.464,38.416,1488.719
HIST-003,Motor,218,2024-02-24 06:00:00,64.882,2.393,93.715,41.133,1503.332
HIST-003,Motor,219,2024-02-24 12:00:00,69.78,2.987,91.889,40.527,1499.596
HIST-003,Motor,220,2024-02-24 18:00:00,64.029,2.9,94.1,41.649,1503.23
HIST-003,Motor,221,2024-02-25 00:00:00,63.467,2.255,91.682,40.595,1507.512
HIST-003,Motor,222,2024-02-25 06:00:00,62.58,2.71,91.005,40.313,1490.59
HIST-003,Motor,223,2024-02-25 12:00:00,69.662,2.454,95.135,41.8,1521.985
HIST-003,Motor,224,2024-02-25 18:00:00,66.639,2.812,92.071,40.705,1495.984
HIST-003,Motor,225,2024-02-26 00:00:00,64.332,2.737,98.375,40.102,1493.499
HIST-003,Motor,226,2024-02-26 06:00:00,67.498,3.058,89.547,42.221,1507.236
HIST-003,Motor,227,2024-02-26 12:00:00,66.375,3.333,88.363,40.173,1472.452
HIST-003,Motor,228,2024-02-26 18:00:00,68.932,3.09,92.974,39.543,1488.142
HIST-003,Motor,229,2024-02-27 00:00:00,61.904,2.812,93.122,38.743,1514.716
HIST-003,Motor,230,2024-02-27 06:00:00,64.469,2.724,92.248,41.055,1473.939
HIST-003,Motor,231,2024-02-27 12:00:00,64.075,2.972,93.768,41.856,1516.764
HIST-003,Motor,232,2024-02-27 18:00:00,61.053,3.164,89.975,39.924,1522.667
HIST-003,Motor,233,2024-02-28 00:00:00,67.121,2.258,87.565,41.962,1494.458
HIST-003,Motor,234,2024-02-28 06:00:00,64.459,2.819,89.071,37.045,1504.377
HIST-003,Motor,235,2024-02-28 12:00:00,66.479,2.895,84.416,39.917,1516.786
HIST-003,Motor,236,2024-02-28 18:00:00,69.72,3.204,89.055,39.94,1492.998
HIST-003,Motor,237,2024-02-29 00:00:00,64.294,3.201,92.907,38.91,1513.017
HIST-003,Motor,238,2024-02-29 06:00:00,64.158,2.55,90.207,43.576,1489.933
HIST-003,Motor,239,2024-02-29 12:00:00,65.237,3.144,82.686,39.901,1492.836
HIST-003,Motor,240,2024-02-29 18:00:00,66.974,3.073,82.917,39.388,1488.01
HIST-003,Motor,241,2024-03-01 00:00:00,63.867,2.837,92.26,40.039,1505.14
HIST-003,Motor,242,2024-03-01 06:00:00,63.738,2.895,85.553,36.996,1517.37
HIST-003,Motor,243,2024-03-01 12:00:00,67.114,3.257,83.869,38.86,1497.238
HIST-003,Motor,244,2024-03-01 18:00:00,65.757,3.057,85.201,41.475,1480.931
HIST-003,Motor,245,2024-03-02 00:00:00,60.911,2.537,83.957,39.057,1483.759
HIST-003,Motor,246,2024-03-02 06:00:00,62.549,3.091,91.526,38.757,1505.919
HIST-003,Motor,247,2024-03-02 12:00:00,68.002,3.141,86.184,41.964,1527.662
HIST-003,Motor,248,2024-03-02 18:00:00,65.804,2.868,89.124,42.01,1505.906
HIST-003,Motor,249,2024-03-03 00:00:00,63.476,2.664,85.578,40.775,1494.197
HIST-003,Motor,250,2024-03-03 06:00:00,64.659,3.195,91.317,39.317,1511.493
HIST-003,Motor,251,2024-03-03 12:00:00,65.026,2.928,86.086,39.641,1496.408
HIST-003,Motor,252,2024-03-03 18:00:00,66.471,2.613,89.17,38.794,1494.326
HIST-003,Motor,253,2024-03-04 00:00:00,62.283,3.187,86.765,38.508,1485.623
HIST-003,Motor,254,2024-03-04 06:00:00,63.318,3.44,88.124,38.433,1521.127
HIST-003,Motor,255,2024-03-04 12:00:00,65.546,3.906,84.4,39.073,1461.912
HIST-003,Motor,256,2024-03-04 18:00:00,64.8,3.414,82.559,38.448,1511.968
HIST-003,Motor,257,2024-03-05 00:00:00,66.144,2.871,86.887,37.654,1493.044
HIST-003,Motor,258,2024-03-05 06:00:00,62.541,3.266,79.409,40.329,1493.845
HIST-003,Motor,259,2024-03-05 12:00:00,65.714,3.579,83.383,40.352,1525.385
HIST-003,Motor,260,2024-03-05 18:00:00,67.183,3.093,81.639,42.551,1489.288
HIST-003,Motor,261,2024-03-06 00:00:00,65.974,3.406,85.172,38.997,1489.799
HIST-003,Motor,262,2024-03-06 06:00:00,65.278,3.184,81.864,40.444,1498.044
HIST-003,Motor,263,2024-03-06 12:00:00,64.808,3.601,82.25,40.469,1506.208
HIST-003,Motor,264,2024-03-06 18:00:00,63.33,3.531,83.495,39.619,1493.372
HIST-003,Motor,265,2024-03-07 00:00:00,64.856,3.591,76.415,41.117,1476.392
HIST-003,Motor,266,2024-03-07 06:00:00,67.519,3.277,82.072,41.163,1487.015
HIST-003,Motor,267,2024-03-07 12:00:00,64.762,3.451,77.097,40.491,1519.22
HIST-003,Motor,268,2024-03-07 18:00:00,63.22,2.578,76.31,39.617,1501.122
HIST-003,Motor,269,2024-03-08 00:00:00,64.016,3.325,79.819,39.464,1506.766
HIST-003,Motor,270,2024-03-08 06:00:00,65.402,3.501,81.054,37.948,1496.079
HIST-003,Motor,271,2024-03-08 12:00:00,64.253,3.478,79.208,38.791,1490.108
HIST-003,Motor,272,2024-03-08 18:00:00,65.971,3.681,80.694,39.067,1525.164
HIST-003,Motor,273,2024-03-09 00:00:00,66.046,3.529,73.816,38.314,1497.177
HIST-003,Motor,274,2024-03-09 06:00:00,66.778,2.873,74.594,40.66,1493.349
HIST-003,Motor,275,2024-03-09 12:00:00,67.847,3.727,85.602,41.795,1516.442
HIST-003,Motor,276,2024-03-09 18:00:00,66.992,3.302,74.125,38.638,1489.165
HIST-003,Motor,277,2024-03-10 00:00:00,63.132,3.792,78.563,40.425,1491.079
HIST-003,Motor,278,2024-03-10 06:00:00,63.193,3.095,72.097,38.449,1500.154
HIST-003,Motor,279,2024-03-10 12:00:00,64.848,3.862,77.787,39.543,1500.004
HIST-003,Motor,280,2024-03-10 18:00:00,64.098,3.422,74.903,38.965,1503.894
HIST-003,Motor,281,2024-03-11 00:00:00,62.723,3.725,78.534,40.903,1531.375
HIST-003,Motor,282,2024-03-11 06:00:00,64.117,3.771,75.99,38.982,1505.044
HIST-003,Motor,283,2024-03-11 12:00:00,64.051,3.962,73.706,41.517,1464.329
HIST-003,Motor,284,2024-03-11 18:00:00,63.656,3.236,72.095,39.631,1504.894
HIST-003,Motor,285,2024-03-12 00:00:00,64.368,3.238,74.352,39.026,1500.568
HIST-003,Motor,286,2024-03-12 06:00:00,67.357,3.544,71.624,38.12,1500.652
HIST-003,Motor,287,2024-03-12 12:00:00,65.398,4.069,74.289,40.38,1503.689
HIST-003,Motor,288,2024-03-12 18:00:00,69.944,3.239,81.089,41.343,1499.57
HIST-003,Motor,289,2024-03-13 00:00:00,65.341,3.902,77.585,40.41,1499.211
HIST-003,Motor,290,2024-03-13 06:00:00,64.42,4.212,75.716,43.358,1509.196
HIST-003,Motor,291,2024-03-13 12:00:00,65.008,3.706,69.676,42.145,1491.869
HIST-003,Motor,292,2024-03-13 18:00:00,65.513,3.679,67.668,39.539,1485.785
HIST-003,Motor,293,2024-03-14 00:00:00,65.871,4.011,67.838,39.523,1545.357
HIST-003,Motor,294,2024-03-14 06:00:00,69.153,4.079,76.568,40.705,1489.262
HIST-003,Motor,295,2024-03-14 12:00:00,63.309,4.683,66.962,38.743,1501.502
HIST-003,Motor,296,2024-03-14 18:00:00,66.718,4.09,67.966,41.749,1477.565
HIST-003,Motor,297,2024-03-15 00:00:00,65.416,4.073,71.096,40.542,1501.747
HIST-003,Motor,298,2024-03-15 06:00:00,61.858,4.106,66.628,40.385,1486.002
HIST-003,Motor,299,2024-03-15 12:00:00,66.541,4.192,66.089,41.03,1493.363
HIST-003,Motor,300,2024-03-15 18:00:00,67.535,3.848,70.194,42.584,1515.676
HIST-003,Motor,301,2024-03-16 00:00:00,63.286,3.505,65.787,40.256,1507.08
HIST-003,Motor,302,2024-03-16 06:00:00,64.982,3.73,66.325,39.83,1508.526
HIST-003,Motor,303,2024-03-16 12:00:00,61.549,3.613,66.056,42.263,1473.432
HIST-003,Motor,304,2024-03-16 18:00:00,62.482,3.54,69.916,41.451,1527.553
HIST-003,Motor,305,2024-03-17 00:00:00,67.096,3.8,66.725,39.519,1482.122
HIST-003,Motor,306,2024-03-17 06:00:00,64.067,3.971,66.766,40.008,1522.928
HIST-003,Motor,307,2024-03-17 12:00:00,62.782,4.256,68.933,40.293,1515.323
HIST-003,Motor,308,2024-03-17 18:00:00,65.459,3.993,67.191,40.543,1508.66
HIST-003,Motor,309,2024-03-18 00:00:00,63.955,3.879,63.614,37.965,1487.175
HIST-003,Motor,310,2024-03-18 06:00:00,64.058,4.181,68.785,37.686,1502.274
HIST-003,Motor,311,2024-03-18 12:00:00,66.479,3.705,67.235,38.669,1492.936
HIST-003,Motor,312,2024-03-18 18:00:00,62.677,4.456,65.316,38.553,1500.436
HIST-003,Motor,313,2024-03-19 00:00:00,63.189,4.428,63.13,39.034,1496.252
HIST-004,Turbine,1,2024-01-01 00:00:00,64.962,1.874,108.989,38.456,1547.698
HIST-004,Turbine,2,2024-01-01 06:00:00,64.915,2.559,96.768,38.912,1502.27
HIST-004,Turbine,3,2024-01-01 12:00:00,63.329,2.231,100.687,40.855,1502.929
HIST-004,Turbine,4,2024-01-01 18:00:00,64.882,1.681,101.85,37.216,1474.343
HIST-004,Turbine,5,2024-01-02 00:00:00,63.47,2.185,99.995,41.912,1491.848
HIST-004,Turbine,6,2024-01-02 06:00:00,65.34,2.284,100.331,40.936,1517.211
HIST-004,Turbine,7,2024-01-02 12:00:00,64.528,2.492,96.866,41.349,1479.968
HIST-004,Turbine,8,2024-01-02 18:00:00,63.111,2.099,100.319,40.837,1467.637
HIST-004,Turbine,9,2024-01-03 00:00:00,66.984,2.448,101.534,39.758,1500.485
HIST-004,Turbine,10,2024-01-03 06:00:00,65.854,2.256,100.983,38.405,1520.561
HIST-004,Turbine,11,2024-01-03 12:00:00,64.104,1.805,101.711,39.79,1500.636
HIST-004,Turbine,12,2024-01-03 18:00:00,65.291,1.775,104.238,38.537,1494.958
HIST-004,Turbine,13,2024-01-04 00:00:00,64.832,2.537,102.811,40.729,1472.123
HIST-004,Turbine,14,2024-01-04 06:00:00,63.265,2.559,100.214,41.21,1506.784
HIST-004,Turbine,15,2024-01-04 12:00:00,65.141,2.297,96.485,42.215,1509.919
HIST-004,Turbine,16,2024-01-04 18:00:00,63.758,2.649,98.2,40.558,1473.274
HIST-004,Turbine,17,2024-01-05 00:00:00,63.11,2.517,99.341,41.387,1517.018
HIST-004,Turbine,18,2024-01-05 06:00:00,61.754,2.405,100.757,39.554,1511.485
HIST-004,Turbine,19,2024-01-05 12:00:00,64.283,1.927,98.565,39.283,1516.985
HIST-004,Turbine,20,2024-01-05 18:00:00,66.134,2.719,97.193,40.711,1508.753
HIST-004,Turbine,21,2024-01-06 00:00:00,63.611,2.361,96.435,39.42,1509.805
HIST-004,Turbine,22,2024-01-06 06:00:00,70.041,2.084,95.046,40.404,1507.811
HIST-004,Turbine,23,2024-01-06 12:00:00,66.771,2.0,99.295,38.408,1513.027
HIST-004,Turbine,24,2024-01-06 18:00:00,67.609,2.277,95.591,38.678,1472.719
HIST-004,Turbine,25,2024-01-07 00:00:00,66.59,1.699,96.998,40.953,1477.484
HIST-004,Turbine,26,2024-01-07 06:00:00,68.706,2.41,98.818,41.33,1488.96
HIST-004,Turbine,27,2024-01-07 12:00:00,63.426,1.914,95.992,38.522,1498.053
HIST-004,Turbine,28,2024-01-07 18:00:00,59.879,2.311,101.139,41.006,1505.822
HIST-004,Turbine,29,2024-01-08 00:00:00,64.108,2.044,102.221,39.201,1504.87
HIST-004,Turbine,30,2024-01-08 06:00:00,66.116,2.121,98.352,40.025,1516.757
HIST-004,Turbine,31,2024-01-08 12:00:00,65.303,1.973,98.689,42.125,1517.227
HIST-004,Turbine,32,2024-01-08 18:00:00,65.551,2.152,101.612,41.211,1486.914
HIST-004,Turbine,33,2024-01-09 00:00:00,67.642,2.767,97.858,41.194,1503.579
HIST-004,Turbine,34,2024-01-09 06:00:00,65.764,2.616,97.652,42.863,1487.283
HIST-004,Turbine,35,2024-01-09 12:00:00,66.598,2.306,103.589,38.944,1497.176
HIST-004,Turbine,36,2024-01-09 18:00:00,63.121,2.192,102.653,38.521,1504.827
HIST-004,Turbine,37,2024-01-10 00:00:00,62.809,2.453,101.805,38.917,1448.869
HIST-004,Turbine,38,2024-01-10 06:00:00,68.228,2.539,102.777,39.618,1536.169
HIST-004,Turbine,39,2024-01-10 12:00:00,65.202,1.951,94.068,36.468,1508.496
HIST-004,Turbine,40,2024-01-10 18:00:00,63.754,2.177,104.062,39.689,1491.064
HIST-004,Turbine,41,2024-01-11 00:00:00,63.757,1.653,101.176,39.183,1528.911
HIST-004,Turbine,42,2024-01-11 06:00:00,63.702,2.537,103.032,41.176,1494.789
HIST-004,Turbine,43,2024-01-11 12:00:00,63.582,2.82,101.161,40.529,1501.988
HIST-004,Turbine,44,2024-01-11 18:00:00,62.434,2.224,100.147,39.099,1492.693
HIST-004,Turbine,45,2024-01-12 00:00:00,61.999,1.562,99.174,40.885,1524.78
HIST-004,Turbine,46,2024-01-12 06:00:00,64.61,2.383,101.101,41.085,1498.425
HIST-004,Turbine,47,2024-01-12 12:00:00,63.814,1.929,99.065,38.847,1502.242
HIST-004,Turbine,48,2024-01-12 18:00:00,67.214,2.001,102.604,39.26,1518.057
HIST-004,Turbine,49,2024-01-13 00:00:00,65.586,2.388,95.241,36.662,1508.777
HIST-004,Turbine,50,2024-01-13 06:00:00,65.531,2.276,98.375,38.364,1499.185
HIST-004,Turbine,51,2024-01-13 12:00:00,63.514,2.054,106.134,38.886,1516.656
HIST-004,Turbine,52,2024-01-13 18:00:00,64.758,2.005,98.122,40.111,1538.077
HIST-004,Turbine,53,2024-01-14 00:00:00,65.722,2.238,99.284,38.582,1504.761
HIST-004,Turbine,54,2024-01-14 06:00:00,66.432,2.077,97.352,39.23,1501.751
HIST-004,Turbine,55,2024-01-14 12:00:00,64.812,1.867,101.008,38.162,1502.559
HIST-004,Turbine,56,2024-01-14 18:00:00,67.158,2.1,97.791,40.257,1519.656
HIST-004,Turbine,57,2024-01-15 00:00:00,65.016,2.302,99.443,40.639,1491.012
HIST-004,Turbine,58,2024-01-15 06:00:00,66.586,2.147,102.547,40.604,1495.825
HIST-004,Turbine,59,2024-01-15 12:00:00,64.02,1.776,97.904,40.019,1476.938
HIST-004,Turbine,60,2024-01-15 18:00:00,61.375,2.497,102.366,37.688,1482.242
HIST-004,Turbine,61,2024-01-16 00:00:00,65.537,1.378,102.467,39.07,1492.233
HIST-004,Turbine,62,2024-01-16 06:00:00,66.451,2.066,103.165,39.389,1499.161
HIST-004,Turbine,63,2024-01-16 12:00:00,66.151,2.014,100.422,39.395,1526.536
HIST-004,Turbine,64,2024-01-16 18:00:00,65.844,2.244,109.724,40.112,1508.04
HIST-004,Turbine,65,2024-01-17 00:00:00,64.303,2.368,103.164,42.138,1486.319
HIST-004,Turbine,66,2024-01-17 06:00:00,63.387,2.538,100.975,41.218,1489.08
HIST-004,Turbine,67,2024-01-17 12:00:00,66.103,1.986,97.372,38.519,1520.621
HIST-004,Turbine,68,2024-01-17 18:00:00,65.853,2.376,99.709,41.018,1516.899
HIST-004,Turbine,69,2024-01-18 00:00:00,63.878,2.259,104.279,40.96,1500.422
HIST-004,Turbine,70,2024-01-18 06:00:00,67.219,1.687,105.129,38.791,1493.362
HIST-004,Turbine,71,2024-01-18 12:00:00,63.234,2.77,104.435,41.273,1516.874
HIST-004,Turbine,72,2024-01-18 18:00:00,63.833,1.768,102.356,39.759,1485.1
HIST-004,Turbine,73,2024-01-19 00:00:00,68.273,2.326,96.233,37.885,1505.88
HIST-004,Turbine,74,2024-01-19 06:00:00,66.737,2.317,101.461,40.683,1534.09
HIST-004,Turbine,75,2024-01-19 12:00:00,64.284,2.283,96.276,40.325,1503.08
HIST-004,Turbine,76,2024-01-19 18:00:00,65.575,2.052,95.538,39.658,1488.366
HIST-004,Turbine,77,2024-01-20 00:00:00,65.31,2.448,100.717,39.944,1506.156
HIST-004,Turbine,78,2024-01-20 06:00:00,59.509,1.732,101.57,38.921,1492.95
HIST-004,Turbine,79,2024-01-20 12:00:00,63.187,2.18,102.71,40.915,1479.088
HIST-004,Turbine,80,2024-01-20 18:00:00,64.898,2.031,101.491,39.935,1510.516
HIST-004,Turbine,81,2024-01-21 00:00:00,64.287,1.997,101.595,40.25,1516.768
HIST-004,Turbine,82,2024-01-21 06:00:00,65.494,2.329,97.046,40.536,1495.336
HIST-004,Turbine,83,2024-01-21 12:00:00,67.259,2.523,99.685,38.268,1494.341
HIST-004,Turbine,84,2024-01-21 18:00:00,64.357,2.097,95.479,38.659,1485.577
HIST-004,Turbine,85,2024-01-22 00:00:00,62.885,2.434,93.99,36.685,1497.751
HIST-004,Turbine,86,2024-01-22 06:00:00,65.65,2.215,102.222,40.847,1491.564
HIST-004,Turbine,87,2024-01-22 12:00:00,64.347,1.932,97.741,38.182,1484.835
HIST-004,Turbine,88,2024-01-22 18:00:00,64.688,2.123,102.617,40.199,1528.383
HIST-004,Turbine,89,2024-01-23 00:00:00,64.416,2.11,103.325,40.556,1506.997
HIST-004,Turbine,90,2024-01-23 06:00:00,69.484,1.991,98.142,40.904,1508.586
HIST-004,Turbine,91,2024-01-23 12:00:00,60.519,2.329,101.771,38.194,1513.251
HIST-004,Turbine,92,2024-01-23 18:00:00,64.223,2.27,98.017,39.902,1511.566
HIST-004,Turbine,93,2024-01-24 00:00:00,64.993,1.723,94.462,42.505,1493.803
HIST-004,Turbine,94,2024-01-24 06:00:00,63.438,1.705,100.37,42.571,1504.088
HIST-004,Turbine,95,2024-01-24 12:00:00,66.8,2.327,98.587,41.481,1495.965
HIST-004,Turbine,96,2024-01-24 18:00:00,66.627,1.955,98.68,40.506,1506.577
HIST-004,Turbine,97,2024-01-25 00:00:00,64.904,2.291,105.926,38.492,1505.125
HIST-004,Turbine,98,2024-01-25 06:00:00,64.459,2.434,95.422,41.078,1494.26
HIST-004,Turbine,99,2024-01-25 12:00:00,64.776,1.819,101.149,39.763,1480.061
HIST-004,Turbine,100,2024-01-25 18:00:00,64.79,1.777,97.016,40.841,1502.194
HIST-004,Turbine,101,2024-01-26 00:00:00,64.843,2.702,102.725,39.051,1496.936
HIST-004,Turbine,102,2024-01-26 06:00:00,64.624,2.305,100.895,39.741,1471.644
HIST-004,Turbine,103,2024-01-26 12:00:00,65.505,2.074,101.138,40.246,1507.615
HIST-004,Turbine,104,2024-01-26 18:00:00,66.506,1.92,97.165,40.369,1514.48
HIST-004,Turbine,105,2024-01-27 00:00:00,62.539,2.047,97.703,40.741,1537.925
HIST-004,Turbine,106,2024-01-27 06:00:00,62.899,1.843,102.782,39.131,1494.132
HIST-004,Turbine,107,2024-01-27 12:00:00,61.503,2.465,105.312,37.985,1491.919
HIST-004,Turbine,108,2024-01-27 18:00:00,66.733,1.967,101.441,42.437,1483.359
HIST-004,Turbine,109,2024-01-28 00:00:00,65.501,2.528,97.308,43.734,1503.13
HIST-004,Turbine,110,2024-01-28 06:00:00,66.011,2.08,101.017,40.671,1503.035
HIST-004,Turbine,111,2024-01-28 12:00:00,62.141,1.887,107.282,38.014,1487.831
HIST-004,Turbine,112,2024-01-28 18:00:00,68.57,2.072,100.307,38.84,1497.376
HIST-004,Turbine,113,2024-01-29 00:00:00,63.782,1.413,104.386,40.764,1470.32
HIST-004,Turbine,114,2024-01-29 06:00:00,65.336,2.164,97.779,42.012,1513.896
HIST-004,Turbine,115,2024-01-29 12:00:00,66.709,2.149,99.874,38.181,1488.44
HIST-004,Turbine,116,2024-01-29 18:00:00,63.026,2.447,101.859,39.814,1499.48
HIST-004,Turbine,117,2024-01-30 00:00:00,63.907,1.634,101.192,40.294,1478.6
HIST-004,Turbine,118,2024-01-30 06:00:00,65.358,2.549,97.701,41.297,1491.265
HIST-004,Turbine,119,2024-01-30 12:00:00,70.715,2.446,97.571,39.485,1495.806
HIST-004,Turbine,120,2024-01-30 18:00:00,65.602,2.576,102.965,37.654,1499.831
HIST-004,Turbine,121,2024-01-31 00:00:00,68.213,2.184,103.575,40.932,1507.196
HIST-004,Turbine,122,2024-01-31 06:00:00,67.411,2.504,104.536,41.687,1521.586
HIST-004,Turbine,123,2024-01-31 12:00:00,65.736,1.759,105.412,39.876,1510.991
HIST-004,Turbine,124,2024-01-31 18:00:00,63.022,2.414,100.404,40.608,1514.432
HIST-004,Turbine,125,2024-02-01 00:00:00,67.12,1.969,99.066,39.288,1521.692
HIST-004,Turbine,126,2024-02-01 06:00:00,62.004,1.705,104.053,38.731,1508.546
HIST-004,Turbine,127,2024-02-01 12:00:00,68.202,1.863,102.139,41.54,1499.449
HIST-004,Turbine,128,2024-02-01 18:00:00,65.4,2.202,97.053,40.581,1515.137
HIST-004,Turbine,129,2024-02-02 00:00:00,59.7,1.953,96.899,40.736,1516.095
HIST-004,Turbine,130,2024-02-02 06:00:00,64.319,2.313,101.476,42.253,1509.728
HIST-004,Turbine,131,2024-02-02 12:00:00,66.308,1.658,99.468,38.418,1478.181
HIST-004,Turbine,132,2024-02-02 18:00:00,64.526,1.562,99.921,39.172,1487.378
HIST-004,Turbine,133,2024-02-03 00:00:00,66.43,2.612,103.218,40.237,1495.877
HIST-004,Turbine,134,2024-02-03 06:00:00,63.3,2.471,102.277,39.154,1511.694
HIST-004,Turbine,135,2024-02-03 12:00:00,62.388,1.885,103.99,41.175,1499.68
HIST-004,Turbine,136,2024-02-03 18:00:00,64.857,2.199,94.205,39.719,1517.053
HIST-004,Turbine,137,2024-02-04 00:00:00,65.063,2.506,100.76,38.511,1519.729
HIST-004,Turbine,138,2024-02-04 06:00:00,64.303,2.326,102.084,40.099,1517.988
HIST-004,Turbine,139,2024-02-04 12:00:00,67.455,2.244,95.42,40.256,1518.083
HIST-004,Turbine,140,2024-02-04 18:00:00,63.3,2.529,98.035,41.402,1484.445
HIST-004,Turbine,141,2024-02-05 00:00:00,65.626,1.981,97.479,40.59,1507.24
HIST-004,Turbine,142,2024-02-05 06:00:00,65.136,2.209,100.065,40.692,1490.887
HIST-004,Turbine,143,2024-02-05 12:00:00,61.887,2.195,104.884,40.48,1475.264
HIST-004,Turbine,144,2024-02-05 18:00:00,62.362,2.118,106.068,39.718,1495.688
HIST-004,Turbine,145,2024-02-06 00:00:00,65.024,2.083,97.557,38.926,1519.871
HIST-004,Turbine,146,2024-02-06 06:00:00,68.962,2.222,101.58,40.433,1506.911
HIST-004,Turbine,147,2024-02-06 12:00:00,66.159,2.21,101.676,39.5,1530.267
HIST-004,Turbine,148,2024-02-06 18:00:00,61.549,1.885,101.163,42.535,1502.658
HIST-004,Turbine,149,2024-02-07 00:00:00,58.779,2.441,101.197,42.013,1536.717
HIST-004,Turbine,150,2024-02-07 06:00:00,66.466,1.907,100.911,40.949,1502.663
HIST-004,Turbine,151,2024-02-07 12:00:00,64.808,2.135,105.063,40.568,1500.337
HIST-004,Turbine,152,2024-02-07 18:00:00,67.283,2.111,103.307,39.868,1480.809
HIST-004,Turbine,153,2024-02-08 00:00:00,63.239,2.307,96.82,38.108,1516.658
HIST-004,Turbine,154,2024-02-08 06:00:00,65.7,1.564,102.387,39.676,1492.468
HIST-004,Turbine,155,2024-02-08 12:00:00,66.692,2.467,102.677,40.152,1490.294
HIST-004,Turbine,156,2024-02-08 18:00:00,64.105,1.997,100.945,40.344,1519.218
HIST-004,Turbine,157,2024-02-09 00:00:00,64.148,2.566,103.394,40.704,1517.373
HIST-004,Turbine,158,2024-02-09 06:00:00,65.051,2.057,100.564,41.382,1516.981
HIST-004,Turbine,159,2024-02-09 12:00:00,66.085,2.185,100.601,38.962,1494.567
HIST-004,Turbine,160,2024-02-09 18:00:00,64.971,2.774,100.364,38.975,1499.235
HIST-004,Turbine,161,2024-02-10 00:00:00,66.948,2.117,93.945,42.176,1499.102
HIST-004,Turbine,162,2024-02-10 06:00:00,64.076,2.572,99.759,41.156,1511.738
HIST-004,Turbine,163,2024-02-10 12:00:00,62.343,2.212,97.995,39.414,1523.303
HIST-004,Turbine,164,2024-02-10 18:00:00,68.954,2.325,96.441,39.839,1505.522
HIST-004,Turbine,165,2024-02-11 00:00:00,63.791,2.221,104.302,39.846,1529.623
HIST-004,Turbine,166,2024-02-11 06:00:00,63.863,2.454,101.513,40.047,1513.458
HIST-004,Turbine,167,2024-02-11 12:00:00,64.868,1.994,99.911,40.709,1496.478
HIST-004,Turbine,168,2024-02-11 18:00:00,65.134,1.905,98.306,43.802,1512.431
HIST-004,Turbine,169,2024-02-12 00:00:00,64.227,2.008,100.889,40.285,1525.589
HIST-004,Turbine,170,2024-02-12 06:00:00,64.965,2.23,102.974,40.994,1529.974
HIST-004,Turbine,171,2024-02-12 12:00:00,64.92,2.134,97.519,37.47,1517.803
HIST-004,Turbine,172,2024-02-12 18:00:00,65.35,2.413,99.986,39.273,1500.385
HIST-004,Turbine,173,2024-02-13 00:00:00,60.285,2.591,102.604,41.843,1496.75
HIST-004,Turbine,174,2024-02-13 06:00:00,68.762,1.907,94.192,40.603,1508.641
HIST-004,Turbine,175,2024-02-13 12:00:00,64.705,1.98,99.827,33.416,1525.11
HIST-004,Turbine,176,2024-02-13 18:00:00,66.161,1.769,98.712,41.011,1506.507
HIST-004,Turbine,177,2024-02-14 00:00:00,62.244,2.809,99.599,42.877,1506.818
HIST-004,Turbine,178,2024-02-14 06:00:00,64.058,2.291,98.495,37.006,1500.771
HIST-004,Turbine,179,2024-02-14 12:00:00,63.655,2.344,100.413,42.279,1495.082
HIST-004,Turbine,180,2024-02-14 18:00:00,67.939,1.798,105.771,35.842,1497.568
HIST-004,Turbine,181,2024-02-15 00:00:00,63.828,2.2,99.028,41.407,1502.031
HIST-004,Turbine,182,2024-02-15 06:00:00,66.516,2.353,100.875,39.987,1525.771
HIST-004,Turbine,183,2024-02-15 12:00:00,63.699,2.124,105.984,36.475,1496.404
HIST-004,Turbine,184,2024-02-15 18:00:00,64.095,2.523,98.35,40.669,1500.789
HIST-004,Turbine,185,2024-02-16 00:00:00,64.509,2.894,105.067,40.857,1487.019
HIST-004,Turbine,186,2024-02-16 06:00:00,67.568,1.916,98.889,40.07,1510.749
HIST-004,Turbine,187,2024-02-16 12:00:00,61.22,1.893,103.681,39.59,1520.5
HIST-004,Turbine,188,2024-02-16 18:00:00,62.369,1.937,102.709,39.666,1524.367
HIST-004,Turbine,189,2024-02-17 00:00:00,61.105,2.682,103.158,36.652,1503.05
HIST-004,Turbine,190,2024-02-17 06:00:00,62.825,2.513,100.477,40.544,1508.615
HIST-004,Turbine,191,2024-02-17 12:00:00,63.377,2.159,97.044,42.003,1497.697
HIST-004,Turbine,192,2024-02-17 18:00:00,61.771,2.211,101.234,42.419,1507.92
HIST-004,Turbine,193,2024-02-18 00:00:00,63.532,1.955,103.54,37.764,1504.709
HIST-004,Turbine,194,2024-02-18 06:00:00,60.971,2.467,102.098,39.2,1500.874
HIST-004,Turbine,195,2024-02-18 12:00:00,62.964,2.086,101.081,38.776,1502.066
HIST-004,Turbine,196,2024-02-18 18:00:00,67.401,2.122,97.182,38.273,1506.779
HIST-004,Turbine,197,2024-02-19 00:00:00,65.807,2.383,105.376,39.903,1495.588
HIST-004,Turbine,198,2024-02-19 06:00:00,65.375,2.144,104.454,41.083,1496.363
HIST-004,Turbine,199,2024-02-19 12:00:00,62.994,2.13,98.525,38.325,1525.61
HIST-004,Turbine,200,2024-02-19 18:00:00,61.928,2.203,100.261,42.317,1540.658
HIST-004,Turbine,201,2024-02-20 00:00:00,62.722,2.439,104.396,42.479,1481.934
HIST-004,Turbine,202,2024-02-20 06:00:00,64.914,2.694,105.66,40.838,1481.108
HIST-004,Turbine,203,2024-02-20 12:00:00,66.736,2.376,107.621,40.404,1485.643
HIST-004,Turbine,204,2024-02-20 18:00:00,66.805,2.441,100.8,38.948,1498.451
HIST-004,Turbine,205,2024-02-21 00:00:00,66.261,2.14,103.215,40.858,1513.437
HIST-004,Turbine,206,2024-02-21 06:00:00,63.525,1.988,100.438,41.311,1508.869
HIST-004,Turbine,207,2024-02-21 12:00:00,65.049,2.396,102.623,41.438,1502.58
HIST-004,Turbine,208,2024-02-21 18:00:00,64.357,2.251,110.985,41.961,1507.934
HIST-004,Turbine,209,2024-02-22 00:00:00,64.598,1.773,99.207,43.263,1489.619
HIST-004,Turbine,210,2024-02-22 06:00:00,69.074,2.102,102.066,41.764,1496.338
HIST-004,Turbine,211,2024-02-22 12:00:00,61.476,2.175,103.327,42.638,1499.699
HIST-004,Turbine,212,2024-02-22 18:00:00,64.531,2.047,107.132,43.581,1476.237
HIST-004,Turbine,213,2024-02-23 00:00:00,67.423,2.645,106.58,43.693,1482.58
HIST-004,Turbine,214,2024-02-23 06:00:00,62.068,2.344,108.295,43.765,1483.177
HIST-004,Turbine,215,2024-02-23 12:00:00,63.713,2.612,111.821,41.933,1511.462
HIST-004,Turbine,216,2024-02-23 18:00:00,63.942,2.279,101.072,41.653,1503.68
HIST-004,Turbine,217,2024-02-24 00:00:00,64.553,2.224,112.543,43.589,1509.166
HIST-004,Turbine,218,2024-02-24 06:00:00,61.808,1.919,107.973,42.336,1472.405
HIST-004,Turbine,219,2024-02-24 12:00:00,66.191,2.204,110.655,43.39,1477.746
HIST-004,Turbine,220,2024-02-24 18:00:00,66.333,2.204,106.727,43.691,1509.948
HIST-004,Turbine,221,2024-02-25 00:00:00,66.017,1.79,107.49,43.956,1458.32
HIST-004,Turbine,222,2024-02-25 06:00:00,63.259,2.038,111.696,42.419,1518.369
HIST-004,Turbine,223,2024-02-25 12:00:00,65.173,2.103,116.442,42.422,1472.65
HIST-004,Turbine,224,2024-02-25 18:00:00,63.201,2.324,108.472,41.266,1512.65
HIST-004,Turbine,225,2024-02-26 00:00:00,64.335,2.338,112.535,44.504,1486.671
HIST-004,Turbine,226,2024-02-26 06:00:00,69.307,2.026,108.84,45.907,1515.734
HIST-004,Turbine,227,2024-02-26 12:00:00,65.191,2.341,113.701,46.407,1548.122
HIST-004,Turbine,228,2024-02-26 18:00:00,62.625,2.145,115.412,44.475,1465.902
HIST-004,Turbine,229,2024-02-27 00:00:00,65.361,1.339,118.462,47.566,1510.431
HIST-004,Turbine,230,2024-02-27 06:00:00,62.296,2.055,111.885,44.319,1472.878
HIST-004,Turbine,231,2024-02-27 12:00:00,62.602,2.524,118.667,43.058,1506.402
HIST-004,Turbine,232,2024-02-27 18:00:00,62.918,1.695,122.143,44.404,1496.898
HIST-004,Turbine,233,2024-02-28 00:00:00,64.111,2.234,111.028,43.305,1501.947
HIST-004,Turbine,234,2024-02-28 06:00:00,66.874,2.676,116.793,48.87,1486.325
HIST-004,Turbine,235,2024-02-28 12:00:00,66.157,1.972,118.375,47.92,1511.708
HIST-004,Turbine,236,2024-02-28 18:00:00,66.046,2.201,117.82,46.999,1478.275
HIST-004,Turbine,237,2024-02-29 00:00:00,62.802,1.809,114.518,45.136,1518.625
HIST-004,Turbine,238,2024-02-29 06:00:00,63.917,2.688,122.667,49.827,1493.861
HIST-004,Turbine,239,2024-02-29 12:00:00,65.544,2.175,115.117,45.365,1478.96
HIST-004,Turbine,240,2024-02-29 18:00:00,63.743,2.214,120.395,47.015,1523.924
HIST-004,Turbine,241,2024-03-01 00:00:00,64.443,2.606,120.206,49.324,1498.99
HIST-004,Turbine,242,2024-03-01 06:00:00,65.883,2.398,122.373,47.74,1528.615
HIST-004,Turbine,243,2024-03-01 12:00:00,64.302,1.937,119.34,49.646,1518.32
HIST-004,Turbine,244,2024-03-01 18:00:00,65.452,2.006,118.812,48.097,1488.028
HIST-004,Turbine,245,2024-03-02 00:00:00,68.185,2.348,125.594,48.292,1498.725
HIST-004,Turbine,246,2024-03-02 06:00:00,64.656,2.013,126.428,48.321,1501.816
HIST-004,Turbine,247,2024-03-02 12:00:00,67.359,1.565,131.78,45.893,1522.895
HIST-004,Turbine,248,2024-03-02 18:00:00,66.119,2.184,119.604,49.429,1506.563
HIST-004,Turbine,249,2024-03-03 00:00:00,62.066,1.756,125.086,50.582,1502.644
HIST-004,Turbine,250,2024-03-03 06:00:00,62.796,2.685,122.5,50.584,1497.002
HIST-004,Turbine,251,2024-03-03 12:00:00,63.333,2.253,131.062,49.099,1499.242
HIST-004,Turbine,252,2024-03-03 18:00:00,63.29,1.928,123.894,47.766,1519.569
HIST-004,Turbine,253,2024-03-04 00:00:00,64.819,1.99,124.921,49.73,1500.056
HIST-004,Turbine,254,2024-03-04 06:00:00,66.229,1.633,127.07,50.311,1494.075
HIST-004,Turbine,255,2024-03-04 12:00:00,67.51,1.87,129.689,51.68,1491.532
HIST-004,Turbine,256,2024-03-04 18:00:00,65.616,2.505,132.933,50.362,1491.694
HIST-004,Turbine,257,2024-03-05 00:00:00,64.109,2.87,132.546,49.058,1478.969
HIST-004,Turbine,258,2024-03-05 06:00:00,60.836,2.418,132.11,51.567,1488.744
HIST-004,Turbine,259,2024-03-05 12:00:00,65.141,2.172,128.918,46.395,1522.476
HIST-004,Turbine,260,2024-03-05 18:00:00,65.052,2.07,133.54,53.092,1496.901
HIST-004,Turbine,261,2024-03-06 00:00:00,65.366,1.913,132.127,56.816,1510.566
HIST-004,Turbine,262,2024-03-06 06:00:00,69.212,2.818,136.333,48.693,1462.819
HIST-004,Turbine,263,2024-03-06 12:00:00,67.481,2.143,131.139,51.627,1508.525
HIST-004,Turbine,264,2024-03-06 18:00:00,66.57,2.835,131.727,51.82,1497.58
HIST-004,Turbine,265,2024-03-07 00:00:00,63.076,2.618,136.548,52.605,1492.778
HIST-004,Turbine,266,2024-03-07 06:00:00,63.974,1.678,141.014,54.687,1502.714
HIST-004,Turbine,267,2024-03-07 12:00:00,64.81,2.0,135.137,53.545,1492.563
HIST-004,Turbine,268,2024-03-07 18:00:00,63.449,1.999,140.372,53.749,1468.142
HIST-004,Turbine,269,2024-03-08 00:00:00,66.001,2.176,135.566,54.647,1513.834
HIST-004,Turbine,270,2024-03-08 06:00:00,65.714,2.182,147.735,54.994,1503.645
HIST-005,Conveyor,1,2024-01-01 00:00:00,59.666,2.413,99.208,40.884,1496.152
HIST-005,Conveyor,2,2024-01-01 06:00:00,64.866,2.275,96.497,39.499,1498.959
HIST-005,Conveyor,3,2024-01-01 12:00:00,69.166,2.249,103.247,38.632,1488.104
HIST-005,Conveyor,4,2024-01-01 18:00:00,67.652,1.899,97.69,40.505,1501.184
HIST-005,Conveyor,5,2024-01-02 00:00:00,61.306,1.678,99.716,41.841,1493.492
HIST-005,Conveyor,6,2024-01-02 06:00:00,64.373,1.938,96.296,41.559,1516.359
HIST-005,Conveyor,7,2024-01-02 12:00:00,62.597,2.186,104.671,39.797,1497.576
HIST-005,Conveyor,8,2024-01-02 18:00:00,68.422,1.568,103.465,41.314,1510.445
HIST-005,Conveyor,9,2024-01-03 00:00:00,65.489,2.037,99.905,41.302,1503.048
HIST-005,Conveyor,10,2024-01-03 06:00:00,63.464,2.126,96.538,39.869,1478.969
HIST-005,Conveyor,11,2024-01-03 12:00:00,65.068,2.135,104.608,38.96,1498.64
HIST-005,Conveyor,12,2024-01-03 18:00:00,59.785,2.001,98.902,39.047,1481.466
HIST-005,Conveyor,13,2024-01-04 00:00:00,62.83,2.098,96.684,41.257,1498.378
HIST-005,Conveyor,14,2024-01-04 06:00:00,65.073,2.717,94.714,39.937,1488.823
HIST-005,Conveyor,15,2024-01-04 12:00:00,66.691,2.399,98.062,38.431,1505.729
HIST-005,Conveyor,16,2024-01-04 18:00:00,61.117,2.032,95.636,37.473,1479.865
HIST-005,Conveyor,17,2024-01-05 00:00:00,64.238,2.179,98.132,41.248,1500.221
HIST-005,Conveyor,18,2024-01-05 06:00:00,67.019,2.192,102.233,39.18,1508.586
HIST-005,Conveyor,19,2024-01-05 12:00:00,62.097,1.97,98.874,40.496,1513.614
HIST-005,Conveyor,20,2024-01-05 18:00:00,65.458,1.969,101.067,41.86,1488.537
HIST-005,Conveyor,21,2024-01-06 00:00:00,65.132,2.503,97.83,38.037,1500.266
HIST-005,Conveyor,22,2024-01-06 06:00:00,68.429,2.074,100.196,39.932,1502.762
HIST-005,Conveyor,23,2024-01-06 12:00:00,64.54,1.872,105.763,39.744,1523.207
HIST-005,Conveyor,24,2024-01-06 18:00:00,64.657,2.187,98.955,40.57,1477.78
HIST-005,Conveyor,25,2024-01-07 00:00:00,66.71,2.235,101.153,41.859,1486.333
HIST-005,Conveyor,26,2024-01-07 06:00:00,62.347,1.608,95.303,38.006,1542.067
HIST-005,Conveyor,27,2024-01-07 12:00:00,64.558,2.188,104.56,40.855,1495.904
HIST-005,Conveyor,28,2024-01-07 18:00:00,64.089,2.46,98.568,41.547,1471.635
HIST-005,Conveyor,29,2024-01-08 00:00:00,64.722,2.335,103.152,39.72,1491.262
HIST-005,Conveyor,30,2024-01-08 06:00:00,66.697,2.869,99.63,39.794,1458.467
HIST-005,Conveyor,31,2024-01-08 12:00:00,66.108,2.575,101.835,40.628,1503.614
HIST-005,Conveyor,32,2024-01-08 18:00:00,63.503,2.635,102.013,40.517,1512.147
HIST-005,Conveyor,33,2024-01-09 00:00:00,65.273,3.04,98.643,40.874,1486.325
HIST-005,Conveyor,34,2024-01-09 06:00:00,67.981,2.427,103.276,40.842,1492.939
HIST-005,Conveyor,35,2024-01-09 12:00:00,63.337,2.249,97.723,38.527,1513.855
HIST-005,Conveyor,36,2024-01-09 18:00:00,65.29,2.492,102.334,41.485,1473.747
HIST-005,Conveyor,37,2024-01-10 00:00:00,64.614,2.032,98.829,41.75,1480.176
HIST-005,Conveyor,38,2024-01-10 06:00:00,64.874,2.232,101.049,40.279,1496.578
HIST-005,Conveyor,39,2024-01-10 12:00:00,61.739,2.006,98.614,37.759,1488.715
HIST-005,Conveyor,40,2024-01-10 18:00:00,67.822,2.319,100.15,39.828,1495.592
HIST-005,Conveyor,41,2024-01-11 00:00:00,63.451,2.004,96.776,40.292,1481.044
HIST-005,Conveyor,42,2024-01-11 06:00:00,67.052,1.994,100.743,38.283,1503.215
HIST-005,Conveyor,43,2024-01-11 12:00:00,63.757,2.324,100.133,39.46,1497.762
HIST-005,Conveyor,44,2024-01-11 18:00:00,63.749,2.159,98.38,37.886,1508.238
HIST-005,Conveyor,45,2024-01-12 00:00:00,67.426,1.622,99.835,40.911,1503.006
HIST-005,Conveyor,46,2024-01-12 06:00:00,66.988,1.763,100.402,40.249,1503.1
HIST-005,Conveyor,47,2024-01-12 12:00:00,65.417,1.856,98.151,37.531,1478.305
HIST-005,Conveyor,48,2024-01-12 18:00:00,66.522,1.935,99.614,40.527,1507.389
HIST-005,Conveyor,49,2024-01-13 00:00:00,64.423,2.324,96.983,39.915,1495.037
HIST-005,Conveyor,50,2024-01-13 06:00:00,64.983,2.266,107.037,40.775,1497.501
HIST-005,Conveyor,51,2024-01-13 12:00:00,63.677,2.52,103.177,39.413,1515.724
HIST-005,Conveyor,52,2024-01-13 18:00:00,66.808,2.426,100.819,38.798,1489.208
HIST-005,Conveyor,53,2024-01-14 00:00:00,63.613,2.522,103.516,38.844,1520.268
HIST-005,Conveyor,54,2024-01-14 06:00:00,67.97,2.383,94.062,39.193,1521.667
HIST-005,Conveyor,55,2024-01-14 12:00:00,64.368,2.263,92.327,40.028,1511.292
HIST-005,Conveyor,56,2024-01-14 18:00:00,65.041,2.53,98.802,40.222,1485.291
HIST-005,Conveyor,57,2024-01-15 00:00:00,66.517,2.476,95.864,39.714,1467.206
HIST-005,Conveyor,58,2024-01-15 06:00:00,65.048,2.313,99.29,39.365,1516.183
HIST-005,Conveyor,59,2024-01-15 12:00:00,64.404,2.581,100.617,39.473,1501.671
HIST-005,Conveyor,60,2024-01-15 18:00:00,64.94,1.496,102.761,43.762,1488.822
HIST-005,Conveyor,61,2024-01-16 00:00:00,66.788,2.113,96.585,38.844,1517.603
HIST-005,Conveyor,62,2024-01-16 06:00:00,63.674,2.108,101.199,39.163,1487.077
HIST-005,Conveyor,63,2024-01-16 12:00:00,64.748,2.546,100.043,44.941,1493.638
HIST-005,Conveyor,64,2024-01-16 18:00:00,65.021,2.671,101.043,40.632,1507.873
HIST-005,Conveyor,65,2024-01-17 00:00:00,66.729,1.765,98.441,37.93,1483.296
HIST-005,Conveyor,66,2024-01-17 06:00:00,64.8,2.623,104.149,41.264,1498.358
HIST-005,Conveyor,67,2024-01-17 12:00:00,68.617,1.849,99.689,38.635,1516.337
HIST-005,Conveyor,68,2024-01-17 18:00:00,64.687,1.858,105.323,41.364,1503.167
HIST-005,Conveyor,69,2024-01-18 00:00:00,64.525,2.13,97.629,39.684,1518.711
HIST-005,Conveyor,70,2024-01-18 06:00:00,64.658,2.105,102.228,39.34,1517.004
HIST-005,Conveyor,71,2024-01-18 12:00:00,62.367,1.732,99.821,42.414,1500.116
HIST-005,Conveyor,72,2024-01-18 18:00:00,62.927,2.395,99.017,40.85,1464.949
HIST-005,Conveyor,73,2024-01-19 00:00:00,63.939,2.404,101.897,41.459,1483.413
HIST-005,Conveyor,74,2024-01-19 06:00:00,67.272,2.516,99.102,40.652,1511.45
HIST-005,Conveyor,75,2024-01-19 12:00:00,64.934,2.07,92.014,39.333,1476.746
HIST-005,Conveyor,76,2024-01-19 18:00:00,64.031,2.188,90.811,40.917,1495.1
HIST-005,Conveyor,77,2024-01-20 00:00:00,67.453,2.191,103.817,41.814,1505.077
HIST-005,Conveyor,78,2024-01-20 06:00:00,68.102,2.706,103.691,40.202,1522.044
HIST-005,Conveyor,79,2024-01-20 12:00:00,67.511,1.35,105.662,42.702,1491.375
HIST-005,Conveyor,80,2024-01-20 18:00:00,63.294,1.913,99.947,41.276,1490.348
HIST-005,Conveyor,81,2024-01-21 00:00:00,64.01,2.202,96.122,40.318,1499.213
HIST-005,Conveyor,82,2024-01-21 06:00:00,68.627,1.874,98.741,40.377,1505.264
HIST-005,Conveyor,83,2024-01-21 12:00:00,65.482,2.123,100.034,40.206,1497.686
HIST-005,Conveyor,84,2024-01-21 18:00:00,64.465,2.162,96.979,38.123,1515.739
HIST-005,Conveyor,85,2024-01-22 00:00:00,66.437,2.003,104.946,39.865,1488.013
HIST-005,Conveyor,86,2024-01-22 06:00:00,67.015,2.219,106.719,40.332,1501.802
HIST-005,Conveyor,87,2024-01-22 12:00:00,63.857,2.388,101.435,39.376,1506.678
HIST-005,Conveyor,88,2024-01-22 18:00:00,65.439,2.129,99.967,40.507,1493.997
HIST-005,Conveyor,89,2024-01-23 00:00:00,66.853,2.064,96.115,40.032,1512.596
HIST-005,Conveyor,90,2024-01-23 06:00:00,62.679,2.15,104.639,41.161,1502.234
HIST-005,Conveyor,91,2024-01-23 12:00:00,65.025,2.198,100.229,40.995,1511.833
HIST-005,Conveyor,92,2024-01-23 18:00:00,62.771,1.678,99.133,40.251,1502.912
HIST-005,Conveyor,93,2024-01-24 00:00:00,63.033,2.338,101.444,37.949,1505.646
HIST-005,Conveyor,94,2024-01-24 06:00:00,63.874,2.065,98.243,42.686,1490.514
HIST-005,Conveyor,95,2024-01-24 12:00:00,65.954,2.578,100.441,39.787,1490.538
HIST-005,Conveyor,96,2024-01-24 18:00:00,64.356,2.377,95.673,39.879,1518.366
HIST-005,Conveyor,97,2024-01-25 00:00:00,63.703,2.551,103.261,39.486,1509.533
HIST-005,Conveyor,98,2024-01-25 06:00:00,65.103,1.897,99.687,39.267,1484.656
HIST-005,Conveyor,99,2024-01-25 12:00:00,62.706,2.089,103.476,42.316,1502.713
HIST-005,Conveyor,100,2024-01-25 18:00:00,65.858,1.827,99.397,42.079,1464.393
HIST-005,Conveyor,101,2024-01-26 00:00:00,67.263,1.988,99.591,40.667,1491.391
HIST-005,Conveyor,102,2024-01-26 06:00:00,64.842,2.576,96.363,39.839,1514.415
HIST-005,Conveyor,103,2024-01-26 12:00:00,64.595,2.646,102.279,40.929,1498.123
HIST-005,Conveyor,104,2024-01-26 18:00:00,65.747,1.856,97.372,40.111,1501.769
HIST-005,Conveyor,105,2024-01-27 00:00:00,60.943,2.063,98.541,39.715,1454.754
HIST-005,Conveyor,106,2024-01-27 06:00:00,66.074,2.177,100.003,40.507,1494.116
HIST-005,Conveyor,107,2024-01-27 12:00:00,71.204,2.376,100.364,39.338,1505.074
HIST-005,Conveyor,108,2024-01-27 18:00:00,64.755,1.672,94.882,40.378,1506.979
HIST-005,Conveyor,109,2024-01-28 00:00:00,64.762,1.719,99.308,40.306,1514.435
HIST-005,Conveyor,110,2024-01-28 06:00:00,66.487,2.347,102.386,40.904,1496.846
HIST-005,Conveyor,111,2024-01-28 12:00:00,68.291,1.615,98.865,39.071,1497.515
HIST-005,Conveyor,112,2024-01-28 18:00:00,66.95,2.066,99.326,41.065,1480.018
HIST-005,Conveyor,113,2024-01-29 00:00:00,60.689,2.249,100.487,38.641,1496.932
HIST-005,Conveyor,114,2024-01-29 06:00:00,66.127,2.325,99.622,39.141,1481.076
HIST-005,Conveyor,115,2024-01-29 12:00:00,70.144,2.157,96.908,39.207,1472.282
HIST-005,Conveyor,116,2024-01-29 18:00:00,66.245,2.09,99.891,38.392,1483.722
HIST-005,Conveyor,117,2024-01-30 00:00:00,62.691,2.453,102.982,41.523,1522.63
HIST-005,Conveyor,118,2024-01-30 06:00:00,65.564,2.286,96.846,38.546,1495.942
HIST-005,Conveyor,119,2024-01-30 12:00:00,62.439,2.006,98.877,38.952,1503.298
HIST-005,Conveyor,120,2024-01-30 18:00:00,67.466,2.211,95.855,41.883,1492.298
HIST-005,Conveyor,121,2024-01-31 00:00:00,63.088,2.315,102.824,39.144,1473.142
HIST-005,Conveyor,122,2024-01-31 06:00:00,65.148,2.715,99.723,39.718,1514.042
HIST-005,Conveyor,123,2024-01-31 12:00:00,63.284,2.436,97.449,38.482,1467.417
HIST-005,Conveyor,124,2024-01-31 18:00:00,63.907,2.564,100.277,41.249,1491.678
HIST-005,Conveyor,125,2024-02-01 00:00:00,67.972,2.017,96.389,41.27,1499.181
HIST-005,Conveyor,126,2024-02-01 06:00:00,65.207,2.043,96.9,41.108,1503.457
HIST-005,Conveyor,127,2024-02-01 12:00:00,63.882,2.129,95.62,40.806,1489.103
HIST-005,Conveyor,128,2024-02-01 18:00:00,62.71,2.157,96.8,40.11,1472.431
HIST-005,Conveyor,129,2024-02-02 00:00:00,61.257,1.898,104.072,39.213,1487.984
HIST-005,Conveyor,130,2024-02-02 06:00:00,62.497,2.58,97.801,38.778,1488.769
HIST-005,Conveyor,131,2024-02-02 12:00:00,65.224,2.465,101.399,41.935,1488.404
HIST-005,Conveyor,132,2024-02-02 18:00:00,66.96,2.108,97.491,41.147,1514.551
HIST-005,Conveyor,133,2024-02-03 00:00:00,63.879,2.393,102.279,38.96,1481.796
HIST-005,Conveyor,134,2024-02-03 06:00:00,68.141,2.267,96.922,40.06,1504.515
HIST-005,Conveyor,135,2024-02-03 12:00:00,63.565,2.416,100.118,39.55,1502.374
HIST-005,Conveyor,136,2024-02-03 18:00:00,64.524,1.797,100.159,38.308,1514.407
HIST-005,Conveyor,137,2024-02-04 00:00:00,62.841,2.156,106.983,40.266,1498.003
HIST-005,Conveyor,138,2024-02-04 06:00:00,66.982,2.183,101.891,39.377,1511.867
HIST-005,Conveyor,139,2024-02-04 12:00:00,69.195,2.387,98.221,38.571,1497.417
HIST-005,Conveyor,140,2024-02-04 18:00:00,61.476,2.011,102.055,37.781,1506.516
HIST-005,Conveyor,141,2024-02-05 00:00:00,64.308,1.45,106.415,37.654,1477.456
HIST-005,Conveyor,142,2024-02-05 06:00:00,67.53,1.875,95.111,39.443,1460.426
HIST-005,Conveyor,143,2024-02-05 12:00:00,62.106,2.182,97.473,39.872,1505.663
HIST-005,Conveyor,144,2024-02-05 18:00:00,66.133,2.219,99.289,38.687,1506.468
HIST-005,Conveyor,145,2024-02-06 00:00:00,67.443,2.705,98.749,40.976,1507.133
HIST-005,Conveyor,146,2024-02-06 06:00:00,65.156,2.375,99.002,39.902,1492.126
HIST-005,Conveyor,147,2024-02-06 12:00:00,66.101,2.224,96.087,40.865,1522.346
HIST-005,Conveyor,148,2024-02-06 18:00:00,68.522,2.19,104.212,39.726,1493.102
HIST-005,Conveyor,149,2024-02-07 00:00:00,68.897,2.531,95.732,38.819,1506.313
HIST-005,Conveyor,150,2024-02-07 06:00:00,64.876,2.023,99.399,40.171,1508.92
HIST-005,Conveyor,151,2024-02-07 12:00:00,63.935,2.158,103.137,38.106,1525.781
HIST-005,Conveyor,152,2024-02-07 18:00:00,63.16,1.873,99.909,40.809,1495.245
HIST-005,Conveyor,153,2024-02-08 00:00:00,66.954,2.626,97.062,38.594,1490.202
HIST-005,Conveyor,154,2024-02-08 06:00:00,62.256,2.318,95.954,41.377,1477.528
HIST-005,Conveyor,155,2024-02-08 12:00:00,64.495,1.988,99.31,39.492,1523.286
HIST-005,Conveyor,156,2024-02-08 18:00:00,65.205,2.166,97.729,41.594,1506.321
HIST-005,Conveyor,157,2024-02-09 00:00:00,63.994,2.353,100.616,38.316,1506.796
HIST-005,Conveyor,158,2024-02-09 06:00:00,65.56,2.125,95.796,38.983,1546.751
HIST-005,Conveyor,159,2024-02-09 12:00:00,70.129,2.04,102.439,40.571,1504.876
HIST-005,Conveyor,160,2024-02-09 18:00:00,64.757,2.004,100.347,41.756,1480.465
HIST-005,Conveyor,161,2024-02-10 00:00:00,64.129,2.302,100.57,42.5,1497.061
HIST-005,Conveyor,162,2024-02-10 06:00:00,67.031,2.093,104.323,40.062,1485.378
HIST-005,Conveyor,163,2024-02-10 12:00:00,65.479,2.064,98.687,42.757,1494.062
HIST-005,Conveyor,164,2024-02-10 18:00:00,67.879,1.799,97.823,39.566,1493.961
HIST-005,Conveyor,165,2024-02-11 00:00:00,65.329,2.223,98.357,41.648,1491.195
HIST-005,Conveyor,166,2024-02-11 06:00:00,64.503,2.146,99.422,38.587,1479.101
HIST-005,Conveyor,167,2024-02-11 12:00:00,61.433,2.104,99.727,40.63,1523.888
HIST-005,Conveyor,168,2024-02-11 18:00:00,61.761,2.26,97.508,36.487,1504.483
HIST-005,Conveyor,169,2024-02-12 00:00:00,61.329,2.424,93.931,38.318,1496.618
HIST-005,Conveyor,170,2024-02-12 06:00:00,65.759,2.41,98.317,40.7,1511.365
HIST-005,Conveyor,171,2024-02-12 12:00:00,62.276,2.366,101.079,38.031,1507.066
HIST-005,Conveyor,172,2024-02-12 18:00:00,67.511,2.128,100.409,40.64,1504.135
HIST-005,Conveyor,173,2024-02-13 00:00:00,65.06,2.03,103.599,41.36,1510.275
HIST-005,Conveyor,174,2024-02-13 06:00:00,64.512,1.887,105.866,39.248,1502.009
HIST-005,Conveyor,175,2024-02-13 12:00:00,63.312,2.022,102.278,38.547,1510.053
HIST-005,Conveyor,176,2024-02-13 18:00:00,66.245,2.206,104.148,39.289,1511.297
HIST-005,Conveyor,177,2024-02-14 00:00:00,63.391,1.964,102.3,38.551,1502.441
HIST-005,Conveyor,178,2024-02-14 06:00:00,63.029,2.229,105.13,39.848,1496.694
HIST-005,Conveyor,179,2024-02-14 12:00:00,67.377,1.91,105.553,40.153,1522.956
HIST-005,Conveyor,180,2024-02-14 18:00:00,65.709,1.702,102.853,39.541,1492.831
HIST-005,Conveyor,181,2024-02-15 00:00:00,64.53,2.446,102.119,42.512,1505.87
HIST-005,Conveyor,182,2024-02-15 06:00:00,66.283,2.058,99.384,38.825,1413.446
HIST-005,Conveyor,183,2024-02-15 12:00:00,65.018,1.949,99.876,40.606,1549.321
HIST-005,Conveyor,184,2024-02-15 18:00:00,65.766,1.872,98.986,37.872,1402.162
HIST-005,Conveyor,185,2024-02-16 00:00:00,63.366,2.327,101.864,38.953,1521.35
HIST-005,Conveyor,186,2024-02-16 06:00:00,69.141,2.612,97.839,42.064,1500.392
HIST-005,Conveyor,187,2024-02-16 12:00:00,63.841,2.079,99.427,42.234,1503.773
HIST-005,Conveyor,188,2024-02-16 18:00:00,68.112,2.135,92.934,39.755,1522.295
HIST-005,Conveyor,189,2024-02-17 00:00:00,64.622,2.521,105.169,40.433,1440.504
HIST-005,Conveyor,190,2024-02-17 06:00:00,66.614,1.657,99.339,41.114,1452.653
HIST-005,Conveyor,191,2024-02-17 12:00:00,66.468,2.79,101.367,39.158,1556.931
HIST-005,Conveyor,192,2024-02-17 18:00:00,67.294,2.933,104.373,40.421,1418.212
HIST-005,Conveyor,193,2024-02-18 00:00:00,63.319,1.388,100.901,43.862,1322.609
HIST-005,Conveyor,194,2024-02-18 06:00:00,67.151,2.171,104.333,41.907,1535.743
HIST-005,Conveyor,195,2024-02-18 12:00:00,68.693,1.984,96.275,42.228,1436.33
HIST-005,Conveyor,196,2024-02-18 18:00:00,64.483,2.121,107.192,41.219,1531.553
HIST-005,Conveyor,197,2024-02-19 00:00:00,65.069,2.074,103.261,39.531,1591.822
HIST-005,Conveyor,198,2024-02-19 06:00:00,63.953,2.444,100.628,41.16,1499.606
HIST-005,Conveyor,199,2024-02-19 12:00:00,64.307,2.166,104.275,39.95,1567.376
HIST-005,Conveyor,200,2024-02-19 18:00:00,68.423,1.927,96.494,39.75,1530.624
HIST-005,Conveyor,201,2024-02-20 00:00:00,62.992,2.148,99.134,44.201,1607.65
HIST-005,Conveyor,202,2024-02-20 06:00:00,63.116,2.354,104.333,38.918,1444.06
HIST-005,Conveyor,203,2024-02-20 12:00:00,68.222,1.845,94.399,39.983,1513.54
HIST-005,Conveyor,204,2024-02-20 18:00:00,66.249,1.706,101.681,43.24,1555.781
HIST-005,Conveyor,205,2024-02-21 00:00:00,69.241,2.798,101.597,39.795,1460.253
HIST-005,Conveyor,206,2024-02-21 06:00:00,64.099,2.007,105.908,42.387,1595.1
HIST-005,Conveyor,207,2024-02-21 12:00:00,65.253,2.159,95.251,42.708,1463.753
HIST-005,Conveyor,208,2024-02-21 18:00:00,63.679,2.081,104.829,41.492,1651.453
HIST-005,Conveyor,209,2024-02-22 00:00:00,65.287,2.364,98.322,38.93,1629.721
HIST-005,Conveyor,210,2024-02-22 06:00:00,61.452,2.732,98.659,42.48,1501.405
HIST-005,Conveyor,211,2024-02-22 12:00:00,66.37,2.374,96.334,42.468,1567.223
HIST-005,Conveyor,212,2024-02-22 18:00:00,65.647,1.744,96.736,45.855,1566.679
HIST-005,Conveyor,213,2024-02-23 00:00:00,64.885,1.785,101.211,41.02,1436.462
HIST-005,Conveyor,214,2024-02-23 06:00:00,64.219,2.08,96.663,43.618,1412.56
HIST-005,Conveyor,215,2024-02-23 12:00:00,63.21,2.12,102.221,44.489,1579.135
HIST-005,Conveyor,216,2024-02-23 18:00:00,66.455,1.683,98.011,42.655,1517.959
HIST-005,Conveyor,217,2024-02-24 00:00:00,62.658,2.446,96.361,43.63,1465.081
HIST-005,Conveyor,218,2024-02-24 06:00:00,66.024,1.874,98.417,43.661,1500.55
HIST-005,Conveyor,219,2024-02-24 12:00:00,69.149,2.648,101.01,40.901,1321.508
HIST-005,Conveyor,220,2024-02-24 18:00:00,67.971,2.746,99.168,42.809,1481.11
HIST-005,Conveyor,221,2024-02-25 00:00:00,61.99,2.126,100.103,43.394,1462.672
HIST-005,Conveyor,222,2024-02-25 06:00:00,63.927,2.332,102.089,43.815,1566.242
HIST-005,Conveyor,223,2024-02-25 12:00:00,65.843,1.83,103.247,42.315,1545.43
HIST-005,Conveyor,224,2024-02-25 18:00:00,64.859,2.387,99.07,43.897,1551.987
HIST-005,Conveyor,225,2024-02-26 00:00:00,62.201,2.051,96.867,45.743,1526.785
HIST-005,Conveyor,226,2024-02-26 06:00:00,65.771,1.874,100.228,43.288,1390.048
HIST-005,Conveyor,227,2024-02-26 12:00:00,64.98,2.113,101.412,44.879,1551.364
HIST-005,Conveyor,228,2024-02-26 18:00:00,68.829,2.06,95.618,45.023,1540.291
HIST-005,Conveyor,229,2024-02-27 00:00:00,64.494,2.102,97.328,43.911,1567.188
HIST-005,Conveyor,230,2024-02-27 06:00:00,67.336,2.485,97.842,44.119,1671.755
HIST-005,Conveyor,231,2024-02-27 12:00:00,62.466,1.964,99.377,45.562,1384.647
HIST-005,Conveyor,232,2024-02-27 18:00:00,62.944,2.721,97.717,41.865,1472.363
HIST-005,Conveyor,233,2024-02-28 00:00:00,66.443,1.802,102.121,43.65,1443.449
HIST-005,Conveyor,234,2024-02-28 06:00:00,67.167,2.685,95.185,46.482,1529.43
HIST-005,Conveyor,235,2024-02-28 12:00:00,63.085,1.895,95.261,43.806,1493.038
HIST-005,Conveyor,236,2024-02-28 18:00:00,65.048,2.2,98.998,49.357,1460.908
HIST-005,Conveyor,237,2024-02-29 00:00:00,62.237,2.053,99.473,45.91,1559.697
HIST-005,Conveyor,238,2024-02-29 06:00:00,64.638,2.097,95.636,46.658,1445.005
HIST-005,Conveyor,239,2024-02-29 12:00:00,66.674,2.44,98.18,46.322,1441.686
HIST-005,Conveyor,240,2024-02-29 18:00:00,64.13,2.65,98.797,46.281,1426.527
HIST-005,Conveyor,241,2024-03-01 00:00:00,64.502,2.557,98.82,45.603,1496.097
HIST-005,Conveyor,242,2024-03-01 06:00:00,62.74,2.079,100.456,45.27,1427.675
HIST-005,Conveyor,243,2024-03-01 12:00:00,63.703,2.255,98.015,46.3,1492.698
HIST-005,Conveyor,244,2024-03-01 18:00:00,68.516,1.965,104.434,45.156,1486.258
HIST-005,Conveyor,245,2024-03-02 00:00:00,65.146,1.903,101.465,43.722,1451.457
HIST-005,Conveyor,246,2024-03-02 06:00:00,62.995,1.856,97.579,46.932,1546.938
HIST-005,Conveyor,247,2024-03-02 12:00:00,64.37,2.069,100.284,50.834,1496.022
HIST-005,Conveyor,248,2024-03-02 18:00:00,61.805,2.275,100.372,48.548,1576.888
HIST-005,Conveyor,249,2024-03-03 00:00:00,62.972,1.626,103.644,49.587,1461.432
HIST-005,Conveyor,250,2024-03-03 06:00:00,67.721,2.186,98.199,50.28,1495.515
HIST-005,Conveyor,251,2024-03-03 12:00:00,64.715,2.655,102.302,50.115,1457.185
HIST-005,Conveyor,252,2024-03-03 18:00:00,68.781,2.537,100.126,46.86,1514.942
HIST-005,Conveyor,253,2024-03-04 00:00:00,64.809,2.024,104.475,47.809,1520.764
HIST-005,Conveyor,254,2024-03-04 06:00:00,64.928,1.781,103.873,51.557,1466.307
HIST-005,Conveyor,255,2024-03-04 12:00:00,66.282,2.338,100.591,49.672,1528.026
HIST-005,Conveyor,256,2024-03-04 18:00:00,59.655,1.505,99.213,54.178,1459.134
HIST-005,Conveyor,257,2024-03-05 00:00:00,65.41,2.533,101.52,49.866,1550.962
HIST-005,Conveyor,258,2024-03-05 06:00:00,64.902,2.136,99.459,52.98,1487.508
HIST-005,Conveyor,259,2024-03-05 12:00:00,67.972,2.749,105.041,48.89,1567.847
HIST-005,Conveyor,260,2024-03-05 18:00:00,66.929,1.682,100.235,53.008,1497.993
HIST-005,Conveyor,261,2024-03-06 00:00:00,62.733,2.475,98.783,52.904,1607.02
HIST-005,Conveyor,262,2024-03-06 06:00:00,67.484,2.17,98.621,49.351,1416.212
HIST-005,Conveyor,263,2024-03-06 12:00:00,64.475,2.101,96.361,51.231,1412.511
HIST-005,Conveyor,264,2024-03-06 18:00:00,63.191,1.789,101.67,51.389,1438.114
HIST-005,Conveyor,265,2024-03-07 00:00:00,65.394,2.379,97.54,50.161,1393.491
HIST-005,Conveyor,266,2024-03-07 06:00:00,64.594,2.403,103.294,53.713,1412.809
HIST-005,Conveyor,267,2024-03-07 12:00:00,68.077,2.736,96.121,51.053,1560.652
HIST-005,Conveyor,268,2024-03-07 18:00:00,65.681,2.502,100.382,53.015,1466.686
HIST-005,Conveyor,269,2024-03-08 00:00:00,65.411,2.022,103.451,53.764,1487.999
HIST-005,Conveyor,270,2024-03-08 06:00:00,66.801,1.899,93.543,51.414,1471.585
HIST-005,Conveyor,271,2024-03-08 12:00:00,67.186,1.789,106.055,54.956,1431.13
HIST-005,Conveyor,272,2024-03-08 18:00:00,66.567,2.642,98.724,52.984,1567.199
HIST-005,Conveyor,273,2024-03-09 00:00:00,67.839,1.967,100.423,55.591,1427.045
HIST-005,Conveyor,274,2024-03-09 06:00:00,66.217,2.644,101.714,55.049,1409.799
HIST-005,Conveyor,275,2024-03-09 12:00:00,65.335,2.358,102.178,55.608,1553.143
HIST-005,Conveyor,276,2024-03-09 18:00:00,67.478,2.299,100.822,56.572,1494.827
HIST-005,Conveyor,277,2024-03-10 00:00:00,64.818,2.108,102.992,50.891,1630.394
HIST-005,Conveyor,278,2024-03-10 06:00:00,65.066,2.398,101.557,55.225,1447.597
HIST-005,Conveyor,279,2024-03-10 12:00:00,68.443,2.195,105.283,56.024,1551.331
HIST-005,Conveyor,280,2024-03-10 18:00:00,68.244,2.089,101.567,54.364,1574.094
HIST-005,Conveyor,281,2024-03-11 00:00:00,64.984,2.409,105.894,56.028,1468.011
HIST-005,Conveyor,282,2024-03-11 06:00:00,64.093,2.157,102.703,55.527,1437.644
HIST-005,Conveyor,283,2024-03-11 12:00:00,67.926,1.96,94.583,54.275,1563.935
HIST-005,Conveyor,284,2024-03-11 18:00:00,66.601,2.38,107.833,56.853,1529.772
HIST-005,Conveyor,285,2024-03-12 00:00:00,65.631,2.181,98.277,57.877,1391.033
HIST-005,Conveyor,286,2024-03-12 06:00:00,64.356,2.347,104.487,56.482,1415.131
HIST-005,Conveyor,287,2024-03-12 12:00:00,65.663,2.064,100.08,57.317,1343.645
HIST-005,Conveyor,288,2024-03-12 18:00:00,64.957,1.837,103.183,59.387,1538.494
HIST-005,Conveyor,289,2024-03-13 00:00:00,63.671,2.721,97.935,57.726,1471.778
HIST-005,Conveyor,290,2024-03-13 06:00:00,65.258,2.664,101.877,58.096,1502.865
HIST-005,Conveyor,291,2024-03-13 12:00:00,65.531,2.465,99.24,56.714,1417.123
HIST-005,Conveyor,292,2024-03-13 18:00:00,64.249,2.084,104.737,59.454,1428.474
HIST-005,Conveyor,293,2024-03-14 00:00:00,66.808,2.11,101.316,60.862,1486.006
HIST-005,Conveyor,294,2024-03-14 06:00:00,67.578,2.615,102.808,61.35,1469.823
HIST-005,Conveyor,295,2024-03-14 12:00:00,66.94,2.094,93.508,59.792,1498.928
HIST-005,Conveyor,296,2024-03-14 18:00:00,64.448,2.01,99.743,60.447,1540.075
HIST-005,Conveyor,297,2024-03-15 00:00:00,66.512,2.762,101.232,57.492,1635.095
HIST-005,Conveyor,298,2024-03-15 06:00:00,65.156,2.186,100.671,60.403,1495.565
HIST-005,Conveyor,299,2024-03-15 12:00:00,62.529,2.731,102.883,59.845,1566.455
HIST-005,Conveyor,300,2024-03-15 18:00:00,66.345,1.78,98.902,60.495,1437.519
HIST-005,Conveyor,301,2024-03-16 00:00:00,65.292,2.355,100.146,60.6,1374.855
HIST-005,Conveyor,302,2024-03-16 06:00:00,70.187,2.821,103.544,58.785,1471.737
HIST-005,Conveyor,303,2024-03-16 12:00:00,67.915,2.209,93.164,58.879,1399.338
HIST-006,Pump,1,2024-01-01 00:00:00,63.439,1.829,103.579,40.121,1483.579
HIST-006,Pump,2,2024-01-01 06:00:00,61.091,1.995,99.837,42.262,1508.473
HIST-006,Pump,3,2024-01-01 12:00:00,68.472,2.152,101.594,41.69,1509.196
HIST-006,Pump,4,2024-01-01 18:00:00,63.925,2.141,100.139,39.822,1513.41
HIST-006,Pump,5,2024-01-02 00:00:00,61.725,2.751,100.374,39.703,1504.681
HIST-006,Pump,6,2024-01-02 06:00:00,66.796,2.27,105.17,35.725,1482.473
HIST-006,Pump,7,2024-01-02 12:00:00,63.543,1.716,103.605,39.51,1510.355
HIST-006,Pump,8,2024-01-02 18:00:00,67.18,2.325,100.238,37.97,1499.979
HIST-006,Pump,9,2024-01-03 00:00:00,63.533,2.364,100.643,40.332,1492.759
HIST-006,Pump,10,2024-01-03 06:00:00,63.918,2.162,97.894,40.229,1495.58
HIST-006,Pump,11,2024-01-03 12:00:00,65.69,1.836,99.481,41.044,1489.646
HIST-006,Pump,12,2024-01-03 18:00:00,66.186,2.727,100.928,42.095,1513.333
HIST-006,Pump,13,2024-01-04 00:00:00,66.537,1.879,102.552,39.961,1478.728
HIST-006,Pump,14,2024-01-04 06:00:00,64.821,2.398,102.248,43.421,1485.098
HIST-006,Pump,15,2024-01-04 12:00:00,66.057,2.26,96.672,40.349,1495.068
HIST-006,Pump,16,2024-01-04 18:00:00,66.491,2.38,102.931,38.035,1524.206
HIST-006,Pump,17,2024-01-05 00:00:00,65.401,2.712,99.734,39.157,1515.814
HIST-006,Pump,18,2024-01-05 06:00:00,64.715,2.368,97.039,39.441,1475.387
HIST-006,Pump,19,2024-01-05 12:00:00,62.109,2.032,104.009,40.888,1520.27
HIST-006,Pump,20,2024-01-05 18:00:00,66.198,2.532,104.39,38.579,1520.241
HIST-006,Pump,21,2024-01-06 00:00:00,65.084,2.011,100.791,39.553,1482.39
HIST-006,Pump,22,2024-01-06 06:00:00,64.173,2.249,102.126,39.758,1462.178
HIST-006,Pump,23,2024-01-06 12:00:00,67.556,1.812,102.302,39.328,1498.917
HIST-006,Pump,24,2024-01-06 18:00:00,62.144,1.89,104.187,41.217,1516.836
HIST-006,Pump,25,2024-01-07 00:00:00,68.288,2.215,102.184,40.962,1523.869
HIST-006,Pump,26,2024-01-07 06:00:00,64.955,2.31,96.017,41.75,1486.938
HIST-006,Pump,27,2024-01-07 12:00:00,65.635,1.689,106.029,39.503,1526.28
HIST-006,Pump,28,2024-01-07 18:00:00,64.21,2.349,103.197,41.804,1466.581
HIST-006,Pump,29,2024-01-08 00:00:00,61.666,1.954,98.471,37.954,1494.479
HIST-006,Pump,30,2024-01-08 06:00:00,64.721,2.584,96.911,37.917,1493.742
HIST-006,Pump,31,2024-01-08 12:00:00,65.669,2.094,101.514,38.179,1517.285
HIST-006,Pump,32,2024-01-08 18:00:00,66.352,1.863,99.165,40.014,1519.475
HIST-006,Pump,33,2024-01-09 00:00:00,64.604,2.223,100.99,41.804,1514.313
HIST-006,Pump,34,2024-01-09 06:00:00,60.615,1.925,102.23,39.097,1479.742
HIST-006,Pump,35,2024-01-09 12:00:00,61.917,2.581,98.301,39.285,1512.939
HIST-006,Pump,36,2024-01-09 18:00:00,69.104,2.2,96.652,39.676,1507.636
HIST-006,Pump,37,2024-01-10 00:00:00,62.815,2.154,101.157,40.859,1474.931
HIST-006,Pump,38,2024-01-10 06:00:00,67.854,2.378,98.4,39.284,1468.995
HIST-006,Pump,39,2024-01-10 12:00:00,63.132,1.899,100.438,39.2,1515.57
HIST-006,Pump,40,2024-01-10 18:00:00,64.635,1.813,95.97,37.982,1497.299
HIST-006,Pump,41,2024-01-11 00:00:00,66.25,2.323,99.243,39.142,1480.722
HIST-006,Pump,42,2024-01-11 06:00:00,63.36,1.87,102.145,41.766,1496.877
HIST-006,Pump,43,2024-01-11 12:00:00,68.184,1.87,101.818,40.136,1505.461
HIST-006,Pump,44,2024-01-11 18:00:00,65.151,2.451,97.635,38.89,1498.757
HIST-006,Pump,45,2024-01-12 00:00:00,65.922,2.358,96.495,41.854,1476.72
HIST-006,Pump,46,2024-01-12 06:00:00,64.465,1.824,100.047,39.122,1528.283
HIST-006,Pump,47,2024-01-12 12:00:00,66.317,2.014,101.683,42.13,1515.063
HIST-006,Pump,48,2024-01-12 18:00:00,68.158,1.929,101.216,42.105,1494.969
HIST-006,Pump,49,2024-01-13 00:00:00,64.737,2.733,98.464,40.084,1495.574
HIST-006,Pump,50,2024-01-13 06:00:00,68.459,2.472,100.893,37.752,1505.392
HIST-006,Pump,51,2024-01-13 12:00:00,63.777,2.074,104.507,43.434,1483.056
HIST-006,Pump,52,2024-01-13 18:00:00,66.528,2.373,100.615,40.581,1504.84
HIST-006,Pump,53,2024-01-14 00:00:00,65.978,1.793,95.101,39.514,1480.039
HIST-006,Pump,54,2024-01-14 06:00:00,62.863,1.998,100.61,41.434,1498.942
HIST-006,Pump,55,2024-01-14 12:00:00,65.428,2.231,106.132,41.053,1482.471
HIST-006,Pump,56,2024-01-14 18:00:00,65.015,2.336,96.138,41.966,1483.229
HIST-006,Pump,57,2024-01-15 00:00:00,63.294,2.171,100.089,39.006,1524.686
HIST-006,Pump,58,2024-01-15 06:00:00,65.716,2.274,99.321,40.478,1500.888
HIST-006,Pump,59,2024-01-15 12:00:00,65.293,2.224,100.288,38.221,1503.111
HIST-006,Pump,60,2024-01-15 18:00:00,64.855,2.151,100.583,41.0,1469.829
HIST-006,Pump,61,2024-01-16 00:00:00,64.863,2.111,103.42,39.966,1491.045
HIST-006,Pump,62,2024-01-16 06:00:00,64.82,2.072,100.254,40.422,1506.918
HIST-006,Pump,63,2024-01-16 12:00:00,64.265,2.27,103.832,39.78,1502.912
HIST-006,Pump,64,2024-01-16 18:00:00,65.28,2.323,99.647,39.624,1467.69
HIST-006,Pump,65,2024-01-17 00:00:00,63.712,2.26,98.95,38.698,1503.107
HIST-006,Pump,66,2024-01-17 06:00:00,70.314,1.846,97.992,41.186,1505.498
HIST-006,Pump,67,2024-01-17 12:00:00,62.181,1.9,94.549,42.235,1519.256
HIST-006,Pump,68,2024-01-17 18:00:00,63.831,2.32,100.827,39.165,1490.172
HIST-006,Pump,69,2024-01-18 00:00:00,63.989,2.642,106.162,40.83,1466.369
HIST-006,Pump,70,2024-01-18 06:00:00,69.081,2.246,101.375,40.648,1485.048
HIST-006,Pump,71,2024-01-18 12:00:00,62.36,2.076,102.06,40.012,1483.544
HIST-006,Pump,72,2024-01-18 18:00:00,65.852,2.267,98.761,37.71,1511.051
HIST-006,Pump,73,2024-01-19 00:00:00,65.497,1.859,99.267,38.048,1459.249
HIST-006,Pump,74,2024-01-19 06:00:00,65.667,2.593,102.954,38.829,1493.275
HIST-006,Pump,75,2024-01-19 12:00:00,67.473,2.256,106.026,36.791,1521.387
HIST-006,Pump,76,2024-01-19 18:00:00,67.432,1.999,104.464,42.112,1500.108
HIST-006,Pump,77,2024-01-20 00:00:00,64.098,2.15,102.416,40.552,1513.445
HIST-006,Pump,78,2024-01-20 06:00:00,65.388,2.042,100.105,39.955,1475.373
HIST-006,Pump,79,2024-01-20 12:00:00,61.272,2.594,100.629,36.715,1475.97
HIST-006,Pump,80,2024-01-20 18:00:00,65.198,2.139,97.739,37.264,1521.559
HIST-006,Pump,81,2024-01-21 00:00:00,63.412,2.247,95.655,39.996,1501.518
HIST-006,Pump,82,2024-01-21 06:00:00,64.627,2.372,96.62,42.956,1501.549
HIST-006,Pump,83,2024-01-21 12:00:00,61.629,1.978,100.149,38.952,1483.228
HIST-006,Pump,84,2024-01-21 18:00:00,65.81,2.258,99.124,41.296,1501.512
HIST-006,Pump,85,2024-01-22 00:00:00,61.607,2.282,95.592,39.28,1482.811
HIST-006,Pump,86,2024-01-22 06:00:00,65.297,1.734,99.888,40.083,1517.803
HIST-006,Pump,87,2024-01-22 12:00:00,62.547,2.276,99.045,41.822,1540.917
HIST-006,Pump,88,2024-01-22 18:00:00,63.301,2.186,96.481,39.481,1507.259
HIST-006,Pump,89,2024-01-23 00:00:00,67.309,2.239,98.889,38.965,1490.476
HIST-006,Pump,90,2024-01-23 06:00:00,66.176,2.211,99.037,42.127,1461.995
HIST-006,Pump,91,2024-01-23 12:00:00,67.298,2.278,98.15,40.068,1474.733
HIST-006,Pump,92,2024-01-23 18:00:00,68.119,2.601,102.78,41.637,1523.323
HIST-006,Pump,93,2024-01-24 00:00:00,63.454,1.846,94.291,38.972,1484.562
HIST-006,Pump,94,2024-01-24 06:00:00,67.998,2.097,94.043,42.11,1494.437
HIST-006,Pump,95,2024-01-24 12:00:00,62.069,2.4,100.01,40.41,1509.83
HIST-006,Pump,96,2024-01-24 18:00:00,66.492,2.344,100.288,40.652,1522.234
HIST-006,Pump,97,2024-01-25 00:00:00,64.013,2.338,101.213,40.197,1497.006
HIST-006,Pump,98,2024-01-25 06:00:00,63.139,3.026,98.383,39.242,1493.93
HIST-006,Pump,99,2024-01-25 12:00:00,66.229,2.384,97.246,39.997,1501.074
HIST-006,Pump,100,2024-01-25 18:00:00,66.89,2.539,99.978,39.336,1490.585
HIST-006,Pump,101,2024-01-26 00:00:00,66.831,2.108,98.675,41.439,1491.393
HIST-006,Pump,102,2024-01-26 06:00:00,65.43,1.902,104.653,39.695,1506.178
HIST-006,Pump,103,2024-01-26 12:00:00,65.264,2.106,99.027,37.755,1502.779
HIST-006,Pump,104,2024-01-26 18:00:00,66.054,2.414,99.84,37.481,1531.974
HIST-006,Pump,105,2024-01-27 00:00:00,65.608,2.322,107.426,37.41,1506.583
HIST-006,Pump,106,2024-01-27 06:00:00,66.083,2.321,99.416,40.927,1517.267
HIST-006,Pump,107,2024-01-27 12:00:00,65.408,2.136,101.668,38.273,1483.931
HIST-006,Pump,108,2024-01-27 18:00:00,66.686,2.088,101.939,40.45,1507.877
HIST-006,Pump,109,2024-01-28 00:00:00,61.746,2.146,102.194,40.205,1489.155
HIST-006,Pump,110,2024-01-28 06:00:00,64.737,2.417,100.868,39.903,1505.932
HIST-006,Pump,111,2024-01-28 12:00:00,62.232,2.452,100.582,40.658,1510.328
HIST-006,Pump,112,2024-01-28 18:00:00,65.553,1.898,100.301,40.237,1500.748
HIST-006,Pump,113,2024-01-29 00:00:00,68.284,2.429,98.272,35.935,1536.11
HIST-006,Pump,114,2024-01-29 06:00:00,64.052,2.005,100.977,39.515,1521.42
HIST-006,Pump,115,2024-01-29 12:00:00,65.255,2.341,106.086,40.638,1517.659
HIST-006,Pump,116,2024-01-29 18:00:00,66.513,2.142,103.632,42.46,1511.464
HIST-006,Pump,117,2024-01-30 00:00:00,60.865,2.67,100.912,42.53,1526.45
HIST-006,Pump,118,2024-01-30 06:00:00,63.956,2.075,102.567,37.955,1478.445
HIST-006,Pump,119,2024-01-30 12:00:00,65.729,2.254,97.392,39.475,1520.554
HIST-006,Pump,120,2024-01-30 18:00:00,59.206,2.382,99.218,37.651,1485.131
HIST-006,Pump,121,2024-01-31 00:00:00,63.046,1.938,102.844,42.28,1491.535
HIST-006,Pump,122,2024-01-31 06:00:00,67.202,2.178,104.462,41.519,1508.421
HIST-006,Pump,123,2024-01-31 12:00:00,67.006,2.12,97.687,40.526,1518.498
HIST-006,Pump,124,2024-01-31 18:00:00,65.749,2.046,98.549,40.249,1482.696
HIST-006,Pump,125,2024-02-01 00:00:00,66.764,2.068,106.544,42.071,1492.312
HIST-006,Pump,126,2024-02-01 06:00:00,65.43,2.534,100.289,41.817,1501.463
HIST-006,Pump,127,2024-02-01 12:00:00,66.111,2.02,105.47,41.737,1497.205
HIST-006,Pump,128,2024-02-01 18:00:00,64.369,2.37,100.621,40.685,1512.81
HIST-006,Pump,129,2024-02-02 00:00:00,65.232,2.294,100.739,39.476,1551.539
HIST-006,Pump,130,2024-02-02 06:00:00,63.735,1.781,99.084,41.151,1506.29
HIST-006,Pump,131,2024-02-02 12:00:00,67.527,2.356,102.828,41.224,1488.972
HIST-006,Pump,132,2024-02-02 18:00:00,68.043,1.776,104.073,39.714,1480.552
HIST-006,Pump,133,2024-02-03 00:00:00,67.76,2.388,96.895,39.473,1495.121
HIST-006,Pump,134,2024-02-03 06:00:00,64.184,2.048,98.943,41.7,1485.896
HIST-006,Pump,135,2024-02-03 12:00:00,63.092,2.203,102.745,42.496,1535.769
HIST-006,Pump,136,2024-02-03 18:00:00,67.554,1.812,99.611,38.876,1480.9
HIST-006,Pump,137,2024-02-04 00:00:00,66.088,2.237,98.52,39.605,1496.988
HIST-006,Pump,138,2024-02-04 06:00:00,65.657,2.478,103.029,40.526,1606.832
HIST-006,Pump,139,2024-02-04 12:00:00,63.733,1.958,103.31,40.73,1460.097
HIST-006,Pump,140,2024-02-04 18:00:00,65.851,2.018,98.651,39.216,1476.492
HIST-006,Pump,141,2024-02-05 00:00:00,62.829,2.336,100.637,42.825,1509.062
HIST-006,Pump,142,2024-02-05 06:00:00,66.268,2.344,96.375,40.633,1487.964
HIST-006,Pump,143,2024-02-05 12:00:00,67.758,1.534,97.314,40.797,1545.685
HIST-006,Pump,144,2024-02-05 18:00:00,68.262,2.805,100.372,42.638,1490.392
HIST-006,Pump,145,2024-02-06 00:00:00,66.417,2.359,100.094,39.326,1535.384
HIST-006,Pump,146,2024-02-06 06:00:00,62.236,2.409,97.099,39.867,1450.148
HIST-006,Pump,147,2024-02-06 12:00:00,65.395,2.157,97.852,38.12,1459.566
HIST-006,Pump,148,2024-02-06 18:00:00,69.279,1.643,96.805,39.741,1506.701
HIST-006,Pump,149,2024-02-07 00:00:00,63.263,2.402,101.365,37.767,1475.638
HIST-006,Pump,150,2024-02-07 06:00:00,64.882,2.03,94.097,41.122,1520.522
HIST-006,Pump,151,2024-02-07 12:00:00,67.827,2.363,96.965,40.63,1440.498
HIST-006,Pump,152,2024-02-07 18:00:00,66.234,2.134,94.411,39.584,1481.217
HIST-006,Pump,153,2024-02-08 00:00:00,69.96,2.271,101.257,39.849,1472.638
HIST-006,Pump,154,2024-02-08 06:00:00,63.534,1.968,94.592,41.142,1489.789
HIST-006,Pump,155,2024-02-08 12:00:00,63.02,2.459,100.095,38.296,1470.345
HIST-006,Pump,156,2024-02-08 18:00:00,67.448,1.843,104.919,40.306,1552.553
HIST-006,Pump,157,2024-02-09 00:00:00,62.608,2.874,105.02,41.049,1463.498
HIST-006,Pump,158,2024-02-09 06:00:00,64.606,2.871,94.582,37.327,1478.0
HIST-006,Pump,159,2024-02-09 12:00:00,64.869,2.69,100.895,41.027,1485.901
HIST-006,Pump,160,2024-02-09 18:00:00,67.072,2.583,97.033,37.489,1513.921
HIST-006,Pump,161,2024-02-10 00:00:00,66.229,2.175,96.421,39.824,1503.628
HIST-006,Pump,162,2024-02-10 06:00:00,65.914,2.55,99.66,38.255,1464.131
HIST-006,Pump,163,2024-02-10 12:00:00,64.195,2.171,103.685,42.147,1486.16
HIST-006,Pump,164,2024-02-10 18:00:00,67.43,1.734,101.799,38.264,1488.946
HIST-006,Pump,165,2024-02-11 00:00:00,73.052,2.651,97.855,37.525,1550.581
HIST-006,Pump,166,2024-02-11 06:00:00,66.383,2.539,102.115,40.2,1459.038
HIST-006,Pump,167,2024-02-11 12:00:00,65.199,2.191,93.269,39.379,1565.706
HIST-006,Pump,168,2024-02-11 18:00:00,62.404,1.832,97.741,37.743,1468.571
HIST-006,Pump,169,2024-02-12 00:00:00,63.725,2.024,97.528,40.789,1490.894
HIST-006,Pump,170,2024-02-12 06:00:00,64.573,1.654,100.235,37.013,1439.635
HIST-006,Pump,171,2024-02-12 12:00:00,63.931,2.484,99.392,38.446,1437.485
HIST-006,Pump,172,2024-02-12 18:00:00,64.968,1.719,99.576,39.137,1455.662
HIST-006,Pump,173,2024-02-13 00:00:00,68.556,2.286,99.476,41.203,1473.64
HIST-006,Pump,174,2024-02-13 06:00:00,67.494,3.215,100.067,41.943,1503.715
HIST-006,Pump,175,2024-02-13 12:00:00,64.682,2.229,101.62,41.654,1443.831
HIST-006,Pump,176,2024-02-13 18:00:00,62.583,2.272,100.448,39.77,1512.63
HIST-006,Pump,177,2024-02-14 00:00:00,67.675,2.1,99.147,36.359,1456.007
HIST-006,Pump,178,2024-02-14 06:00:00,64.902,2.451,101.205,40.586,1469.221
HIST-006,Pump,179,2024-02-14 12:00:00,61.547,1.82,102.478,42.206,1504.347
HIST-006,Pump,180,2024-02-14 18:00:00,66.425,1.973,98.332,41.851,1523.082
HIST-006,Pump,181,2024-02-15 00:00:00,67.051,1.484,99.822,40.694,1505.734
HIST-006,Pump,182,2024-02-15 06:00:00,60.148,1.545,103.486,38.216,1518.838
HIST-006,Pump,183,2024-02-15 12:00:00,63.351,2.739,96.692,39.212,1463.877
HIST-006,Pump,184,2024-02-15 18:00:00,64.779,2.825,105.414,42.901,1454.317
HIST-006,Pump,185,2024-02-16 00:00:00,66.469,2.228,95.983,37.875,1464.031
HIST-006,Pump,186,2024-02-16 06:00:00,63.969,1.953,98.964,38.278,1526.792
HIST-006,Pump,187,2024-02-16 12:00:00,63.336,2.11,97.149,41.414,1522.224
HIST-006,Pump,188,2024-02-16 18:00:00,66.454,2.462,106.564,39.353,1481.881
HIST-006,Pump,189,2024-02-17 00:00:00,64.063,2.046,98.49,38.227,1462.561
HIST-006,Pump,190,2024-02-17 06:00:00,66.084,2.271,98.497,42.292,1477.869
HIST-006,Pump,191,2024-02-17 12:00:00,62.777,2.196,98.888,40.692,1471.661
HIST-006,Pump,192,2024-02-17 18:00:00,62.295,2.029,100.287,39.427,1521.979
HIST-006,Pump,193,2024-02-18 00:00:00,66.511,2.042,99.015,38.281,1503.844
HIST-006,Pump,194,2024-02-18 06:00:00,65.505,2.288,99.601,43.071,1569.597
HIST-006,Pump,195,2024-02-18 12:00:00,66.845,1.907,89.412,39.963,1532.963
HIST-006,Pump,196,2024-02-18 18:00:00,63.935,2.336,100.171,42.096,1553.284
HIST-006,Pump,197,2024-02-19 00:00:00,63.41,2.059,100.053,41.34,1507.045
HIST-006,Pump,198,2024-02-19 06:00:00,67.721,2.238,103.116,39.219,1467.512
HIST-006,Pump,199,2024-02-19 12:00:00,61.954,2.615,103.927,39.231,1470.004
HIST-006,Pump,200,2024-02-19 18:00:00,67.503,2.15,99.437,42.169,1488.483
HIST-006,Pump,201,2024-02-20 00:00:00,67.641,2.476,102.449,42.194,1536.585
HIST-006,Pump,202,2024-02-20 06:00:00,66.72,1.662,96.695,37.185,1518.095
HIST-006,Pump,203,2024-02-20 12:00:00,63.624,2.059,102.302,40.825,1478.302
HIST-006,Pump,204,2024-02-20 18:00:00,63.367,2.208,98.283,39.818,1494.105
HIST-006,Pump,205,2024-02-21 00:00:00,64.58,2.777,96.446,38.45,1559.262
HIST-006,Pump,206,2024-02-21 06:00:00,62.41,1.612,99.443,40.393,1441.54
HIST-006,Pump,207,2024-02-21 12:00:00,63.077,2.171,104.201,37.976,1561.287
HIST-006,Pump,208,2024-02-21 18:00:00,66.289,2.637,100.543,39.3,1486.06
HIST-006,Pump,209,2024-02-22 00:00:00,66.299,5.124,104.489,38.802,1457.323
HIST-006,Pump,210,2024-02-22 06:00:00,62.901,2.136,97.754,39.25,1486.361
HIST-006,Pump,211,2024-02-22 12:00:00,66.352,5.133,103.144,39.893,1464.768
HIST-006,Pump,212,2024-02-22 18:00:00,65.909,2.255,98.044,38.477,1520.997
HIST-006,Pump,213,2024-02-23 00:00:00,68.02,2.67,100.676,42.36,1456.641
HIST-006,Pump,214,2024-02-23 06:00:00,66.138,2.335,100.65,40.74,1498.189
HIST-006,Pump,215,2024-02-23 12:00:00,67.117,5.615,101.984,42.692,1543.581
HIST-006,Pump,216,2024-02-23 18:00:00,65.954,2.092,100.752,39.76,1464.521
HIST-006,Pump,217,2024-02-24 00:00:00,66.96,5.059,97.782,39.177,1489.286
HIST-006,Pump,218,2024-02-24 06:00:00,62.426,2.132,102.641,42.638,1455.111
HIST-006,Pump,219,2024-02-24 12:00:00,64.757,1.852,105.195,39.133,1486.799
HIST-006,Pump,220,2024-02-24 18:00:00,64.922,4.182,98.249,39.733,1562.081
HIST-006,Pump,221,2024-02-25 00:00:00,64.513,2.084,94.494,41.08,1495.559
HIST-006,Pump,222,2024-02-25 06:00:00,65.888,1.998,101.498,38.143,1499.869
HIST-006,Pump,223,2024-02-25 12:00:00,66.269,2.35,99.006,41.067,1496.111
HIST-006,Pump,224,2024-02-25 18:00:00,65.785,1.857,99.607,40.875,1471.838
HIST-006,Pump,225,2024-02-26 00:00:00,64.646,7.933,101.669,41.904,1509.435
HIST-006,Pump,226,2024-02-26 06:00:00,63.529,7.086,98.631,41.335,1503.676
HIST-006,Pump,227,2024-02-26 12:00:00,67.194,6.661,99.193,41.95,1524.84
HIST-006,Pump,228,2024-02-26 18:00:00,65.699,2.082,99.7,39.834,1465.147
HIST-006,Pump,229,2024-02-27 00:00:00,62.963,2.39,104.409,38.706,1457.096
HIST-006,Pump,230,2024-02-27 06:00:00,64.613,2.254,100.09,43.165,1512.321
HIST-006,Pump,231,2024-02-27 12:00:00,61.513,2.423,96.293,37.71,1468.658
HIST-006,Pump,232,2024-02-27 18:00:00,65.071,2.233,96.412,37.86,1523.308
HIST-006,Pump,233,2024-02-28 00:00:00,64.603,1.701,100.418,40.848,1496.87
HIST-006,Pump,234,2024-02-28 06:00:00,63.851,2.503,96.612,42.437,1428.923
HIST-006,Pump,235,2024-02-28 12:00:00,68.169,2.174,95.313,40.284,1509.625
HIST-006,Pump,236,2024-02-28 18:00:00,62.688,2.437,101.907,41.499,1456.508
HIST-006,Pump,237,2024-02-29 00:00:00,66.413,2.407,102.053,37.006,1523.813
HIST-006,Pump,238,2024-02-29 06:00:00,69.373,1.968,98.896,39.251,1494.203
HIST-006,Pump,239,2024-02-29 12:00:00,67.155,7.322,100.881,37.189,1580.721
HIST-006,Pump,240,2024-02-29 18:00:00,64.937,2.397,100.564,41.171,1522.774
HIST-006,Pump,241,2024-03-01 00:00:00,62.732,2.109,101.807,37.679,1487.401
HIST-006,Pump,242,2024-03-01 06:00:00,62.276,2.481,101.814,38.083,1428.367
HIST-006,Pump,243,2024-03-01 12:00:00,64.177,2.147,92.183,40.771,1493.981
HIST-006,Pump,244,2024-03-01 18:00:00,63.626,2.507,99.279,41.593,1481.863
HIST-006,Pump,245,2024-03-02 00:00:00,63.561,2.327,101.554,39.762,1550.376
HIST-006,Pump,246,2024-03-02 06:00:00,64.347,2.286,98.769,40.855,1524.605
HIST-006,Pump,247,2024-03-02 12:00:00,64.796,2.088,100.109,40.807,1535.038
HIST-006,Pump,248,2024-03-02 18:00:00,65.97,5.961,102.252,39.677,1478.29
HIST-007,Compressor,1,2024-01-01 00:00:00,67.213,2.259,102.067,37.896,1498.105
HIST-007,Compressor,2,2024-01-01 06:00:00,65.623,2.501,97.732,39.729,1516.294
HIST-007,Compressor,3,2024-01-01 12:00:00,62.885,2.373,97.036,38.95,1514.015
HIST-007,Compressor,4,2024-01-01 18:00:00,68.245,2.333,100.46,38.537,1478.009
HIST-007,Compressor,5,2024-01-02 00:00:00,64.414,2.421,107.073,39.27,1524.514
HIST-007,Compressor,6,2024-01-02 06:00:00,64.089,1.653,102.247,42.656,1514.492
HIST-007,Compressor,7,2024-01-02 12:00:00,59.341,1.664,100.409,40.215,1497.713
HIST-007,Compressor,8,2024-01-02 18:00:00,66.269,2.177,101.077,38.812,1482.124
HIST-007,Compressor,9,2024-01-03 00:00:00,65.202,2.141,94.747,37.257,1515.81
HIST-007,Compressor,10,2024-01-03 06:00:00,65.2,2.374,96.633,37.418,1507.146
HIST-007,Compressor,11,2024-01-03 12:00:00,64.194,2.206,92.467,39.195,1478.133
HIST-007,Compressor,12,2024-01-03 18:00:00,63.85,2.375,105.19,39.049,1496.519
HIST-007,Compressor,13,2024-01-04 00:00:00,64.261,1.826,104.582,39.664,1546.893
HIST-007,Compressor,14,2024-01-04 06:00:00,65.926,2.197,101.178,36.592,1500.248
HIST-007,Compressor,15,2024-01-04 12:00:00,66.278,1.798,100.405,39.862,1488.87
HIST-007,Compressor,16,2024-01-04 18:00:00,64.538,2.316,95.345,41.542,1484.873
HIST-007,Compressor,17,2024-01-05 00:00:00,66.898,1.637,99.342,42.434,1526.581
HIST-007,Compressor,18,2024-01-05 06:00:00,64.842,2.304,105.377,37.158,1512.716
HIST-007,Compressor,19,2024-01-05 12:00:00,63.992,1.759,100.394,38.798,1521.112
HIST-007,Compressor,20,2024-01-05 18:00:00,65.397,2.085,98.306,38.719,1503.723
HIST-007,Compressor,21,2024-01-06 00:00:00,62.281,2.468,94.726,40.219,1518.81
HIST-007,Compressor,22,2024-01-06 06:00:00,65.465,2.268,104.141,38.17,1487.275
HIST-007,Compressor,23,2024-01-06 12:00:00,61.916,1.706,99.79,42.523,1502.439
HIST-007,Compressor,24,2024-01-06 18:00:00,62.945,1.998,94.73,40.065,1504.306
HIST-007,Compressor,25,2024-01-07 00:00:00,60.963,1.75,97.227,39.815,1520.737
HIST-007,Compressor,26,2024-01-07 06:00:00,64.65,1.692,96.167,42.389,1504.783
HIST-007,Compressor,27,2024-01-07 12:00:00,68.219,2.235,99.605,39.976,1490.617
HIST-007,Compressor,28,2024-01-07 18:00:00,64.766,2.368,100.622,40.6,1500.961
HIST-007,Compressor,29,2024-01-08 00:00:00,66.287,2.332,98.49,38.874,1474.854
HIST-007,Compressor,30,2024-01-08 06:00:00,69.705,2.381,102.331,37.944,1465.185
HIST-007,Compressor,31,2024-01-08 12:00:00,65.808,2.196,100.236,39.084,1512.47
HIST-007,Compressor,32,2024-01-08 18:00:00,63.47,2.118,103.187,43.28,1494.379
HIST-007,Compressor,33,2024-01-09 00:00:00,63.745,1.878,98.928,40.95,1496.079
HIST-007,Compressor,34,2024-01-09 06:00:00,65.001,2.068,109.136,40.412,1512.464
HIST-007,Compressor,35,2024-01-09 12:00:00,63.734,1.804,98.307,38.535,1520.955
HIST-007,Compressor,36,2024-01-09 18:00:00,63.884,1.946,97.29,41.367,1508.017
HIST-007,Compressor,37,2024-01-10 00:00:00,66.971,2.227,96.921,37.963,1528.921
HIST-007,Compressor,38,2024-01-10 06:00:00,67.052,2.165,99.367,37.649,1507.54
HIST-007,Compressor,39,2024-01-10 12:00:00,61.706,3.119,94.841,39.162,1504.533
HIST-007,Compressor,40,2024-01-10 18:00:00,63.364,1.796,100.884,42.932,1503.606
HIST-007,Compressor,41,2024-01-11 00:00:00,64.072,2.162,94.284,42.847,1480.718
HIST-007,Compressor,42,2024-01-11 06:00:00,66.198,1.773,100.485,39.323,1514.34
HIST-007,Compressor,43,2024-01-11 12:00:00,67.286,2.084,95.946,38.989,1463.318
HIST-007,Compressor,44,2024-01-11 18:00:00,70.404,2.096,98.856,37.539,1491.206
HIST-007,Compressor,45,2024-01-12 00:00:00,64.069,2.453,101.814,40.117,1500.344
HIST-007,Compressor,46,2024-01-12 06:00:00,64.169,2.065,106.912,40.243,1488.154
HIST-007,Compressor,47,2024-01-12 12:00:00,66.177,2.143,96.766,41.184,1493.224
HIST-007,Compressor,48,2024-01-12 18:00:00,63.636,2.071,99.549,41.366,1527.591
HIST-007,Compressor,49,2024-01-13 00:00:00,64.718,1.78,97.829,39.704,1516.56
HIST-007,Compressor,50,2024-01-13 06:00:00,64.17,2.004,97.39,40.834,1489.713
HIST-007,Compressor,51,2024-01-13 12:00:00,59.757,2.085,97.855,38.949,1492.957
HIST-007,Compressor,52,2024-01-13 18:00:00,65.246,2.222,102.472,40.806,1480.845
HIST-007,Compressor,53,2024-01-14 00:00:00,64.635,2.368,98.536,39.239,1510.575
HIST-007,Compressor,54,2024-01-14 06:00:00,67.542,2.13,106.748,40.689,1496.254
HIST-007,Compressor,55,2024-01-14 12:00:00,65.011,2.124,101.248,40.568,1470.503
HIST-007,Compressor,56,2024-01-14 18:00:00,62.491,1.684,96.97,40.103,1501.512
HIST-007,Compressor,57,2024-01-15 00:00:00,64.484,2.362,98.9,41.192,1506.585
HIST-007,Compressor,58,2024-01-15 06:00:00,60.818,1.991,97.594,37.644,1514.447
HIST-007,Compressor,59,2024-01-15 12:00:00,62.578,2.424,102.4,38.403,1498.9
HIST-007,Compressor,60,2024-01-15 18:00:00,66.271,2.595,95.084,39.595,1494.41
HIST-007,Compressor,61,2024-01-16 00:00:00,64.505,2.144,95.977,37.835,1529.794
HIST-007,Compressor,62,2024-01-16 06:00:00,66.845,1.893,98.225,39.39,1500.099
HIST-007,Compressor,63,2024-01-16 12:00:00,61.066,2.195,102.049,39.438,1510.793
HIST-007,Compressor,64,2024-01-16 18:00:00,64.515,2.305,103.699,41.965,1491.907
HIST-007,Compressor,65,2024-01-17 00:00:00,64.049,2.105,104.142,40.214,1510.349
HIST-007,Compressor,66,2024-01-17 06:00:00,66.912,2.031,101.589,41.544,1478.166
HIST-007,Compressor,67,2024-01-17 12:00:00,66.346,2.369,99.751,40.453,1493.069
HIST-007,Compressor,68,2024-01-17 18:00:00,66.285,2.349,102.384,39.196,1481.876
HIST-007,Compressor,69,2024-01-18 00:00:00,68.083,2.096,96.566,40.201,1490.925
HIST-007,Compressor,70,2024-01-18 06:00:00,64.264,1.704,94.466,41.094,1518.757
HIST-007,Compressor,71,2024-01-18 12:00:00,67.67,2.337,101.31,41.79,1490.815
HIST-007,Compressor,72,2024-01-18 18:00:00,62.912,1.97,96.983,39.802,1510.774
HIST-007,Compressor,73,2024-01-19 00:00:00,62.838,2.264,99.804,37.529,1522.759
HIST-007,Compressor,74,2024-01-19 06:00:00,66.505,2.245,100.359,37.423,1499.586
HIST-007,Compressor,75,2024-01-19 12:00:00,61.991,1.633,100.744,39.51,1514.907
HIST-007,Compressor,76,2024-01-19 18:00:00,66.146,2.224,102.813,36.493,1507.966
HIST-007,Compressor,77,2024-01-20 00:00:00,65.203,2.354,102.496,42.693,1501.747
HIST-007,Compressor,78,2024-01-20 06:00:00,67.144,2.391,100.585,40.895,1511.255
HIST-007,Compressor,79,2024-01-20 12:00:00,64.881,2.235,98.674,39.046,1527.599
HIST-007,Compressor,80,2024-01-20 18:00:00,65.112,1.607,100.323,38.336,1490.441
HIST-007,Compressor,81,2024-01-21 00:00:00,66.019,2.583,98.211,41.542,1485.612
HIST-007,Compressor,82,2024-01-21 06:00:00,63.675,2.323,99.411,38.33,1484.731
HIST-007,Compressor,83,2024-01-21 12:00:00,63.588,1.839,107.855,38.473,1514.916
HIST-007,Compressor,84,2024-01-21 18:00:00,65.949,1.964,100.547,38.851,1516.941
HIST-007,Compressor,85,2024-01-22 00:00:00,64.941,2.269,101.351,40.171,1491.944
HIST-007,Compressor,86,2024-01-22 06:00:00,64.185,2.404,97.884,40.931,1467.96
HIST-007,Compressor,87,2024-01-22 12:00:00,64.834,2.054,103.06,41.789,1489.879
HIST-007,Compressor,88,2024-01-22 18:00:00,68.189,2.448,102.281,41.567,1508.218
HIST-007,Compressor,89,2024-01-23 00:00:00,64.114,1.662,102.302,40.001,1498.999
HIST-007,Compressor,90,2024-01-23 06:00:00,64.056,1.887,100.645,41.531,1502.705
HIST-007,Compressor,91,2024-01-23 12:00:00,61.585,1.581,103.103,38.994,1492.15
HIST-007,Compressor,92,2024-01-23 18:00:00,64.915,1.931,103.815,37.269,1515.211
HIST-007,Compressor,93,2024-01-24 00:00:00,66.314,2.652,100.849,38.993,1505.148
HIST-007,Compressor,94,2024-01-24 06:00:00,66.672,2.817,99.656,38.791,1508.797
HIST-007,Compressor,95,2024-01-24 12:00:00,65.216,2.27,102.684,39.052,1502.386
HIST-007,Compressor,96,2024-01-24 18:00:00,66.912,2.008,97.288,38.561,1507.866
HIST-007,Compressor,97,2024-01-25 00:00:00,66.462,2.134,97.846,39.308,1506.879
HIST-007,Compressor,98,2024-01-25 06:00:00,67.226,2.342,99.84,40.93,1486.079
HIST-007,Compressor,99,2024-01-25 12:00:00,66.969,1.731,94.776,42.573,1505.596
HIST-007,Compressor,100,2024-01-25 18:00:00,68.14,2.028,102.483,37.412,1511.873
HIST-007,Compressor,101,2024-01-26 00:00:00,64.661,2.63,97.111,38.068,1517.327
HIST-007,Compressor,102,2024-01-26 06:00:00,62.346,1.886,98.586,38.813,1506.242
HIST-007,Compressor,103,2024-01-26 12:00:00,66.327,1.975,99.36,41.149,1485.521
HIST-007,Compressor,104,2024-01-26 18:00:00,66.561,2.204,100.118,39.693,1487.83
HIST-007,Compressor,105,2024-01-27 00:00:00,68.14,2.285,98.969,38.914,1493.473
HIST-007,Compressor,106,2024-01-27 06:00:00,67.563,2.012,99.798,41.075,1502.842
HIST-007,Compressor,107,2024-01-27 12:00:00,68.891,2.223,99.821,41.435,1498.166
HIST-007,Compressor,108,2024-01-27 18:00:00,66.24,2.382,98.659,39.972,1483.144
HIST-007,Compressor,109,2024-01-28 00:00:00,65.458,2.788,97.68,38.776,1483.054
HIST-007,Compressor,110,2024-01-28 06:00:00,62.23,2.162,103.244,40.405,1468.522
HIST-007,Compressor,111,2024-01-28 12:00:00,65.616,2.188,93.687,39.65,1453.208
HIST-007,Compressor,112,2024-01-28 18:00:00,63.895,2.658,99.383,39.638,1498.023
HIST-007,Compressor,113,2024-01-29 00:00:00,65.423,2.035,98.593,39.231,1534.803
HIST-007,Compressor,114,2024-01-29 06:00:00,65.109,1.803,101.256,41.387,1526.952
HIST-007,Compressor,115,2024-01-29 12:00:00,65.943,2.275,95.637,40.375,1485.327
HIST-007,Compressor,116,2024-01-29 18:00:00,64.805,2.523,98.501,41.554,1502.249
HIST-007,Compressor,117,2024-01-30 00:00:00,66.87,2.308,99.693,42.004,1478.031
HIST-007,Compressor,118,2024-01-30 06:00:00,59.554,2.171,103.21,40.688,1480.318
HIST-007,Compressor,119,2024-01-30 12:00:00,65.38,1.765,100.997,39.24,1482.038
HIST-007,Compressor,120,2024-01-30 18:00:00,67.405,2.182,96.45,41.56,1496.618
HIST-007,Compressor,121,2024-01-31 00:00:00,68.74,2.57,98.538,40.698,1497.263
HIST-007,Compressor,122,2024-01-31 06:00:00,66.464,1.83,102.658,43.905,1503.791
HIST-007,Compressor,123,2024-01-31 12:00:00,68.37,2.127,96.398,40.465,1509.948
HIST-007,Compressor,124,2024-01-31 18:00:00,65.338,2.084,99.764,41.047,1494.947
HIST-007,Compressor,125,2024-02-01 00:00:00,65.006,1.991,99.973,40.436,1500.543
HIST-007,Compressor,126,2024-02-01 06:00:00,66.059,2.274,98.843,39.851,1483.593
HIST-007,Compressor,127,2024-02-01 12:00:00,64.994,2.333,108.087,39.612,1479.833
HIST-007,Compressor,128,2024-02-01 18:00:00,63.435,2.33,98.762,40.441,1477.515
HIST-007,Compressor,129,2024-02-02 00:00:00,63.97,1.907,101.349,40.782,1509.739
HIST-007,Compressor,130,2024-02-02 06:00:00,62.776,1.706,97.701,41.732,1494.931
HIST-007,Compressor,131,2024-02-02 12:00:00,66.057,2.279,101.583,40.463,1471.933
HIST-007,Compressor,132,2024-02-02 18:00:00,65.023,2.048,102.612,39.306,1499.054
HIST-007,Compressor,133,2024-02-03 00:00:00,64.279,2.751,98.236,39.51,1481.268
HIST-007,Compressor,134,2024-02-03 06:00:00,63.867,2.765,99.836,38.016,1524.906
HIST-007,Compressor,135,2024-02-03 12:00:00,66.01,2.797,97.314,42.492,1491.318
HIST-007,Compressor,136,2024-02-03 18:00:00,66.561,1.918,96.567,39.188,1510.223
HIST-007,Compressor,137,2024-02-04 00:00:00,62.739,2.371,103.11,41.451,1516.334
HIST-007,Compressor,138,2024-02-04 06:00:00,62.425,2.461,98.338,40.415,1485.676
HIST-007,Compressor,139,2024-02-04 12:00:00,66.909,2.428,92.759,40.456,1501.141
HIST-007,Compressor,140,2024-02-04 18:00:00,62.25,2.094,105.296,39.824,1508.302
HIST-007,Compressor,141,2024-02-05 00:00:00,66.095,2.584,97.594,38.818,1501.733
HIST-007,Compressor,142,2024-02-05 06:00:00,68.234,2.2,99.261,38.547,1505.417
HIST-007,Compressor,143,2024-02-05 12:00:00,68.238,2.238,104.923,42.593,1480.056
HIST-007,Compressor,144,2024-02-05 18:00:00,66.476,1.739,99.575,40.171,1508.311
HIST-007,Compressor,145,2024-02-06 00:00:00,66.418,2.393,99.51,41.688,1492.708
HIST-007,Compressor,146,2024-02-06 06:00:00,69.504,2.122,96.315,42.077,1505.242
HIST-007,Compressor,147,2024-02-06 12:00:00,60.331,2.339,95.095,39.384,1513.8
HIST-007,Compressor,148,2024-02-06 18:00:00,64.071,2.271,99.501,40.635,1510.032
HIST-007,Compressor,149,2024-02-07 00:00:00,66.697,2.254,101.088,40.068,1505.231
HIST-007,Compressor,150,2024-02-07 06:00:00,64.325,2.186,100.917,38.264,1509.632
HIST-007,Compressor,151,2024-02-07 12:00:00,67.48,2.436,98.556,39.722,1510.326
HIST-007,Compressor,152,2024-02-07 18:00:00,66.06,2.024,100.061,40.881,1522.433
HIST-007,Compressor,153,2024-02-08 00:00:00,64.845,1.735,94.488,39.251,1499.489
HIST-007,Compressor,154,2024-02-08 06:00:00,65.608,2.51,101.381,39.513,1502.459
HIST-007,Compressor,155,2024-02-08 12:00:00,65.193,1.849,100.484,39.74,1513.981
HIST-007,Compressor,156,2024-02-08 18:00:00,63.257,1.821,105.921,43.167,1492.644
HIST-007,Compressor,157,2024-02-09 00:00:00,66.134,2.025,100.022,37.249,1479.971
HIST-007,Compressor,158,2024-02-09 06:00:00,64.245,2.196,97.172,40.752,1507.398
HIST-007,Compressor,159,2024-02-09 12:00:00,69.214,2.379,99.848,39.62,1496.91
HIST-007,Compressor,160,2024-02-09 18:00:00,65.98,1.626,99.017,39.039,1481.887
HIST-007,Compressor,161,2024-02-10 00:00:00,68.667,2.126,101.304,39.583,1507.508
HIST-007,Compressor,162,2024-02-10 06:00:00,63.138,2.328,100.081,41.001,1521.467
HIST-007,Compressor,163,2024-02-10 12:00:00,61.053,2.1,96.22,41.087,1475.554
HIST-007,Compressor,164,2024-02-10 18:00:00,65.407,2.311,95.093,40.279,1515.335
HIST-007,Compressor,165,2024-02-11 00:00:00,71.381,2.894,100.789,41.639,1461.944
HIST-007,Compressor,166,2024-02-11 06:00:00,67.339,2.658,104.149,41.903,1493.996
HIST-007,Compressor,167,2024-02-11 12:00:00,64.871,2.825,100.238,41.225,1527.608
HIST-007,Compressor,168,2024-02-11 18:00:00,67.425,1.353,102.44,39.181,1495.075
HIST-007,Compressor,169,2024-02-12 00:00:00,67.538,2.884,103.038,40.742,1501.349
HIST-007,Compressor,170,2024-02-12 06:00:00,62.808,2.774,100.8,40.749,1511.443
HIST-007,Compressor,171,2024-02-12 12:00:00,68.687,3.023,97.557,38.777,1474.253
HIST-007,Compressor,172,2024-02-12 18:00:00,65.819,2.347,100.586,37.646,1501.081
HIST-007,Compressor,173,2024-02-13 00:00:00,66.244,2.037,103.621,36.966,1500.963
HIST-007,Compressor,174,2024-02-13 06:00:00,67.283,2.519,101.59,40.105,1527.935
HIST-007,Compressor,175,2024-02-13 12:00:00,68.954,2.364,102.245,40.447,1481.464
HIST-007,Compressor,176,2024-02-13 18:00:00,63.917,2.565,98.612,38.227,1494.277
HIST-007,Compressor,177,2024-02-14 00:00:00,62.79,3.127,99.393,41.569,1486.075
HIST-007,Compressor,178,2024-02-14 06:00:00,67.54,2.629,99.644,40.228,1484.484
HIST-007,Compressor,179,2024-02-14 12:00:00,63.683,2.562,99.846,42.024,1516.911
HIST-007,Compressor,180,2024-02-14 18:00:00,67.419,2.7,103.504,40.556,1500.4
HIST-007,Compressor,181,2024-02-15 00:00:00,70.891,2.558,92.958,38.4,1491.666
HIST-007,Compressor,182,2024-02-15 06:00:00,68.477,2.576,100.092,40.687,1492.232
HIST-007,Compressor,183,2024-02-15 12:00:00,70.029,3.048,99.762,41.005,1491.552
HIST-007,Compressor,184,2024-02-15 18:00:00,67.532,3.19,95.885,39.179,1492.893
HIST-007,Compressor,185,2024-02-16 00:00:00,72.744,2.935,102.015,37.837,1481.033
HIST-007,Compressor,186,2024-02-16 06:00:00,65.668,2.483,97.826,40.15,1496.119
HIST-007,Compressor,187,2024-02-16 12:00:00,68.58,2.15,98.929,38.499,1494.612
HIST-007,Compressor,188,2024-02-16 18:00:00,69.512,2.5,105.546,41.681,1488.633
HIST-007,Compressor,189,2024-02-17 00:00:00,70.254,2.558,103.03,39.389,1502.326
HIST-007,Compressor,190,2024-02-17 06:00:00,67.418,2.746,101.723,42.587,1503.598
HIST-007,Compressor,191,2024-02-17 12:00:00,72.133,2.762,101.142,36.814,1491.65
HIST-007,Compressor,192,2024-02-17 18:00:00,67.033,3.209,99.506,40.202,1497.838
HIST-007,Compressor,193,2024-02-18 00:00:00,70.696,2.343,105.998,42.144,1532.379
HIST-007,Compressor,194,2024-02-18 06:00:00,71.662,2.933,102.407,38.665,1531.806
HIST-007,Compressor,195,2024-02-18 12:00:00,69.727,3.338,97.751,39.761,1484.189
HIST-007,Compressor,196,2024-02-18 18:00:00,70.448,2.797,95.8,39.395,1486.283
HIST-007,Compressor,197,2024-02-19 00:00:00,69.445,2.854,101.701,38.974,1484.109
HIST-007,Compressor,198,2024-02-19 06:00:00,69.851,3.533,99.832,40.367,1515.856
HIST-007,Compressor,199,2024-02-19 12:00:00,70.362,3.409,95.713,38.057,1494.022
HIST-007,Compressor,200,2024-02-19 18:00:00,68.539,3.39,101.286,39.834,1503.595
HIST-007,Compressor,201,2024-02-20 00:00:00,66.718,2.993,99.193,40.774,1529.955
HIST-007,Compressor,202,2024-02-20 06:00:00,68.584,3.454,101.592,39.677,1499.843
HIST-007,Compressor,203,2024-02-20 12:00:00,72.006,3.797,101.325,38.5,1510.594
HIST-007,Compressor,204,2024-02-20 18:00:00,68.143,3.384,98.175,41.545,1507.806
HIST-007,Compressor,205,2024-02-21 00:00:00,70.938,2.951,101.899,41.095,1491.177
HIST-007,Compressor,206,2024-02-21 06:00:00,72.339,3.371,98.506,38.438,1515.887
HIST-007,Compressor,207,2024-02-21 12:00:00,73.116,3.507,98.701,38.059,1487.254
HIST-007,Compressor,208,2024-02-21 18:00:00,67.122,3.481,98.403,38.572,1520.098
HIST-007,Compressor,209,2024-02-22 00:00:00,70.016,3.958,103.393,40.818,1491.188
HIST-007,Compressor,210,2024-02-22 06:00:00,72.502,3.489,99.158,40.413,1492.83
HIST-007,Compressor,211,2024-02-22 12:00:00,72.784,3.577,104.117,41.185,1483.673
HIST-007,Compressor,212,2024-02-22 18:00:00,73.882,3.921,105.35,39.511,1486.136
HIST-007,Compressor,213,2024-02-23 00:00:00,69.666,3.16,97.784,38.613,1493.599
HIST-007,Compressor,214,2024-02-23 06:00:00,68.953,3.672,91.237,41.378,1463.53
HIST-007,Compressor,215,2024-02-23 12:00:00,73.512,3.75,103.134,39.17,1496.5
HIST-007,Compressor,216,2024-02-23 18:00:00,71.04,3.525,98.974,40.28,1492.38
HIST-007,Compressor,217,2024-02-24 00:00:00,68.814,3.913,97.401,37.675,1511.85
HIST-007,Compressor,218,2024-02-24 06:00:00,72.449,4.176,98.234,39.145,1506.345
HIST-007,Compressor,219,2024-02-24 12:00:00,74.211,3.822,98.756,41.514,1489.385
HIST-007,Compressor,220,2024-02-24 18:00:00,70.243,4.166,103.892,38.926,1493.122
HIST-007,Compressor,221,2024-02-25 00:00:00,78.251,3.346,100.48,41.222,1496.481
HIST-007,Compressor,222,2024-02-25 06:00:00,72.093,3.741,103.851,36.503,1522.289
HIST-007,Compressor,223,2024-02-25 12:00:00,74.887,4.124,101.483,39.161,1487.665
HIST-007,Compressor,224,2024-02-25 18:00:00,73.019,3.944,99.072,39.743,1489.204
HIST-007,Compressor,225,2024-02-26 00:00:00,75.48,4.176,98.829,42.614,1483.071
HIST-007,Compressor,226,2024-02-26 06:00:00,74.853,4.466,101.685,38.246,1477.769
HIST-007,Compressor,227,2024-02-26 12:00:00,71.494,4.635,102.461,41.006,1504.605
HIST-007,Compressor,228,2024-02-26 18:00:00,79.951,4.116,102.99,41.585,1503.044
HIST-007,Compressor,229,2024-02-27 00:00:00,74.029,4.215,99.215,38.918,1519.241
HIST-007,Compressor,230,2024-02-27 06:00:00,74.693,4.354,100.526,39.44,1515.621
HIST-007,Compressor,231,2024-02-27 12:00:00,78.02,4.292,101.752,40.212,1535.957
HIST-007,Compressor,232,2024-02-27 18:00:00,79.763,4.03,98.848,37.778,1498.892
HIST-007,Compressor,233,2024-02-28 00:00:00,78.005,4.453,96.595,39.317,1496.092
HIST-007,Compressor,234,2024-02-28 06:00:00,74.292,4.37,97.581,41.914,1480.497
HIST-007,Compressor,235,2024-02-28 12:00:00,77.718,4.606,99.277,40.784,1510.449
HIST-007,Compressor,236,2024-02-28 18:00:00,73.441,4.405,101.987,39.765,1501.778
HIST-007,Compressor,237,2024-02-29 00:00:00,78.497,4.283,103.777,40.17,1509.769
HIST-007,Compressor,238,2024-02-29 06:00:00,73.003,5.293,95.932,40.871,1482.913
HIST-007,Compressor,239,2024-02-29 12:00:00,74.871,4.807,98.208,41.159,1505.274
HIST-007,Compressor,240,2024-02-29 18:00:00,76.837,4.646,98.926,39.165,1503.078
HIST-007,Compressor,241,2024-03-01 00:00:00,78.71,4.345,102.384,42.302,1502.086
HIST-007,Compressor,242,2024-03-01 06:00:00,77.736,4.465,98.416,41.975,1489.751
HIST-007,Compressor,243,2024-03-01 12:00:00,79.977,5.125,98.711,41.016,1517.84
HIST-007,Compressor,244,2024-03-01 18:00:00,79.344,5.281,95.764,38.736,1530.755
HIST-007,Compressor,245,2024-03-02 00:00:00,80.017,4.919,101.45,38.47,1483.345
HIST-007,Compressor,246,2024-03-02 06:00:00,75.588,5.251,99.516,39.51,1510.807
HIST-007,Compressor,247,2024-03-02 12:00:00,82.748,5.771,98.038,40.091,1456.832
HIST-007,Compressor,248,2024-03-02 18:00:00,77.386,4.967,99.221,37.347,1510.029
HIST-007,Compressor,249,2024-03-03 00:00:00,82.373,4.922,103.381,40.742,1471.948
HIST-007,Compressor,250,2024-03-03 06:00:00,83.803,5.2,96.985,41.931,1492.125
HIST-007,Compressor,251,2024-03-03 12:00:00,81.296,5.013,97.475,40.865,1480.305
HIST-007,Compressor,252,2024-03-03 18:00:00,81.585,5.118,103.757,38.986,1496.766
HIST-007,Compressor,253,2024-03-04 00:00:00,74.084,5.4,100.227,38.808,1512.582
HIST-007,Compressor,254,2024-03-04 06:00:00,80.673,5.69,102.009,40.45,1472.14
HIST-007,Compressor,255,2024-03-04 12:00:00,82.53,5.962,101.205,39.77,1494.608
HIST-007,Compressor,256,2024-03-04 18:00:00,81.707,5.762,99.894,40.665,1492.299
HIST-007,Compressor,257,2024-03-05 00:00:00,77.765,6.236,98.955,40.903,1523.716
HIST-007,Compressor,258,2024-03-05 06:00:00,80.763,5.374,102.495,41.638,1506.476
HIST-007,Compressor,259,2024-03-05 12:00:00,75.81,5.105,103.487,38.302,1482.342
HIST-007,Compressor,260,2024-03-05 18:00:00,82.739,5.964,103.253,40.332,1492.931
HIST-007,Compressor,261,2024-03-06 00:00:00,80.012,5.091,96.444,39.455,1523.342
HIST-007,Compressor,262,2024-03-06 06:00:00,83.862,5.642,103.915,39.852,1510.715
HIST-007,Compressor,263,2024-03-06 12:00:00,85.101,6.093,98.926,41.297,1486.226
HIST-007,Compressor,264,2024-03-06 18:00:00,83.978,6.043,97.735,41.46,1495.994
HIST-007,Compressor,265,2024-03-07 00:00:00,84.851,5.795,99.492,42.098,1496.473
HIST-007,Compressor,266,2024-03-07 06:00:00,83.016,5.593,102.493,40.638,1491.93
HIST-007,Compressor,267,2024-03-07 12:00:00,84.367,6.318,101.621,39.835,1474.347
HIST-007,Compressor,268,2024-03-07 18:00:00,82.323,6.419,99.234,39.621,1489.836
HIST-007,Compressor,269,2024-03-08 00:00:00,87.142,6.207,102.513,37.398,1520.838
HIST-007,Compressor,270,2024-03-08 06:00:00,81.101,5.976,100.42,42.01,1494.283
HIST-007,Compressor,271,2024-03-08 12:00:00,80.811,6.102,98.281,39.517,1498.451
HIST-007,Compressor,272,2024-03-08 18:00:00,84.001,6.295,97.876,40.759,1502.108
HIST-007,Compressor,273,2024-03-09 00:00:00,85.28,6.702,101.231,41.018,1533.272
HIST-007,Compressor,274,2024-03-09 06:00:00,85.313,6.581,99.752,38.132,1500.133
HIST-007,Compressor,275,2024-03-09 12:00:00,84.498,6.159,95.873,38.615,1516.409
HIST-007,Compressor,276,2024-03-09 18:00:00,89.488,6.212,102.541,42.321,1491.027
HIST-007,Compressor,277,2024-03-10 00:00:00,87.902,6.897,98.559,40.436,1496.109
HIST-007,Compressor,278,2024-03-10 06:00:00,87.059,6.362,104.776,39.129,1500.188
HIST-008,Motor,1,2024-01-01 00:00:00,61.792,1.539,96.368,42.292,1469.497
HIST-008,Motor,2,2024-01-01 06:00:00,65.263,2.013,96.179,38.261,1503.849
HIST-008,Motor,3,2024-01-01 12:00:00,62.594,2.474,102.927,40.641,1491.547
HIST-008,Motor,4,2024-01-01 18:00:00,64.149,1.972,99.828,39.29,1508.582
HIST-008,Motor,5,2024-01-02 00:00:00,69.422,2.649,100.303,39.716,1504.756
HIST-008,Motor,6,2024-01-02 06:00:00,66.864,1.943,99.954,37.864,1505.491
HIST-008,Motor,7,2024-01-02 12:00:00,64.743,2.351,96.623,42.015,1484.116
HIST-008,Motor,8,2024-01-02 18:00:00,71.398,2.511,97.988,39.583,1499.145
HIST-008,Motor,9,2024-01-03 00:00:00,63.17,2.335,98.139,38.177,1497.297
HIST-008,Motor,10,2024-01-03 06:00:00,67.33,1.788,95.784,41.879,1507.43
HIST-008,Motor,11,2024-01-03 12:00:00,61.935,1.917,98.487,39.244,1514.839
HIST-008,Motor,12,2024-01-03 18:00:00,64.512,2.551,96.756,40.502,1502.257
HIST-008,Motor,13,2024-01-04 00:00:00,62.304,1.959,101.733,41.262,1480.857
HIST-008,Motor,14,2024-01-04 06:00:00,65.515,2.493,101.983,40.711,1501.614
HIST-008,Motor,15,2024-01-04 12:00:00,65.112,2.071,96.119,36.705,1539.166
HIST-008,Motor,16,2024-01-04 18:00:00,64.385,2.242,99.11,41.043,1524.69
HIST-008,Motor,17,2024-01-05 00:00:00,67.184,1.784,105.568,39.849,1455.384
HIST-008,Motor,18,2024-01-05 06:00:00,63.866,2.018,97.058,39.506,1500.95
HIST-008,Motor,19,2024-01-05 12:00:00,65.654,1.937,101.28,39.836,1513.982
HIST-008,Motor,20,2024-01-05 18:00:00,66.641,2.268,100.317,37.585,1497.265
HIST-008,Motor,21,2024-01-06 00:00:00,62.034,2.228,103.279,40.288,1493.099
HIST-008,Motor,22,2024-01-06 06:00:00,63.503,2.339,100.886,37.953,1495.996
HIST-008,Motor,23,2024-01-06 12:00:00,65.108,2.053,98.706,39.571,1508.283
HIST-008,Motor,24,2024-01-06 18:00:00,66.26,1.921,100.2,40.234,1482.773
HIST-008,Motor,25,2024-01-07 00:00:00,67.842,2.255,100.244,41.611,1517.83
HIST-008,Motor,26,2024-01-07 06:00:00,64.568,1.891,99.725,38.771,1499.16
HIST-008,Motor,27,2024-01-07 12:00:00,64.367,2.524,96.043,42.177,1485.975
HIST-008,Motor,28,2024-01-07 18:00:00,63.255,2.166,103.729,41.42,1516.865
HIST-008,Motor,29,2024-01-08 00:00:00,65.66,2.102,103.199,39.356,1476.823
HIST-008,Motor,30,2024-01-08 06:00:00,64.406,2.339,96.867,38.337,1491.672
HIST-008,Motor,31,2024-01-08 12:00:00,64.452,2.177,99.098,37.834,1491.425
HIST-008,Motor,32,2024-01-08 18:00:00,64.812,1.703,99.325,40.408,1532.159
HIST-008,Motor,33,2024-01-09 00:00:00,66.103,1.882,96.53,38.894,1489.725
HIST-008,Motor,34,2024-01-09 06:00:00,63.873,2.517,94.4,41.799,1467.676
HIST-008,Motor,35,2024-01-09 12:00:00,63.456,2.225,97.988,38.981,1491.273
HIST-008,Motor,36,2024-01-09 18:00:00,65.863,1.696,98.931,38.649,1506.833
HIST-008,Motor,37,2024-01-10 00:00:00,58.949,2.306,95.676,40.35,1511.761
HIST-008,Motor,38,2024-01-10 06:00:00,63.793,2.032,100.531,38.971,1534.148
HIST-008,Motor,39,2024-01-10 12:00:00,62.697,1.938,103.489,40.013,1521.103
HIST-008,Motor,40,2024-01-10 18:00:00,67.407,1.857,102.526,41.479,1502.819
HIST-008,Motor,41,2024-01-11 00:00:00,64.118,2.5,99.62,40.176,1486.629
HIST-008,Motor,42,2024-01-11 06:00:00,63.879,1.61,94.479,40.181,1524.36
HIST-008,Motor,43,2024-01-11 12:00:00,64.903,1.949,102.147,40.308,1494.472
HIST-008,Motor,44,2024-01-11 18:00:00,63.809,2.236,100.439,37.46,1490.128
HIST-008,Motor,45,2024-01-12 00:00:00,64.195,2.674,101.273,40.588,1493.744
HIST-008,Motor,46,2024-01-12 06:00:00,65.194,2.366,105.808,40.24,1481.216
HIST-008,Motor,47,2024-01-12 12:00:00,64.156,1.946,97.526,41.339,1493.025
HIST-008,Motor,48,2024-01-12 18:00:00,64.142,2.659,91.376,40.909,1496.503
HIST-008,Motor,49,2024-01-13 00:00:00,62.98,1.793,96.84,39.697,1510.96
HIST-008,Motor,50,2024-01-13 06:00:00,62.692,2.28,101.458,41.549,1494.179
HIST-008,Motor,51,2024-01-13 12:00:00,65.121,2.346,100.081,39.561,1480.988
HIST-008,Motor,52,2024-01-13 18:00:00,65.613,1.936,96.353,40.371,1475.943
HIST-008,Motor,53,2024-01-14 00:00:00,62.144,2.409,95.741,39.533,1503.144
HIST-008,Motor,54,2024-01-14 06:00:00,66.52,2.046,98.936,40.693,1501.089
HIST-008,Motor,55,2024-01-14 12:00:00,66.528,2.409,96.262,39.435,1491.685
HIST-008,Motor,56,2024-01-14 18:00:00,66.949,1.648,101.562,42.471,1492.988
HIST-008,Motor,57,2024-01-15 00:00:00,65.6,2.3,98.766,43.026,1505.827
HIST-008,Motor,58,2024-01-15 06:00:00,66.274,2.076,98.119,41.311,1520.858
HIST-008,Motor,59,2024-01-15 12:00:00,69.37,2.545,97.725,42.312,1488.298
HIST-008,Motor,60,2024-01-15 18:00:00,64.397,2.187,100.789,37.691,1501.334
HIST-008,Motor,61,2024-01-16 00:00:00,62.909,2.575,100.128,37.868,1514.374
HIST-008,Motor,62,2024-01-16 06:00:00,61.932,2.352,100.606,39.518,1488.358
HIST-008,Motor,63,2024-01-16 12:00:00,68.511,2.162,100.54,40.062,1499.766
HIST-008,Motor,64,2024-01-16 18:00:00,68.538,2.436,99.783,39.703,1499.43
HIST-008,Motor,65,2024-01-17 00:00:00,63.151,2.438,96.901,37.537,1480.331
HIST-008,Motor,66,2024-01-17 06:00:00,63.545,2.342,97.809,41.727,1502.527
HIST-008,Motor,67,2024-01-17 12:00:00,64.352,1.512,98.816,43.231,1500.473
HIST-008,Motor,68,2024-01-17 18:00:00,67.449,1.905,106.196,41.921,1508.326
HIST-008,Motor,69,2024-01-18 00:00:00,62.425,2.615,95.953,41.628,1482.197
HIST-008,Motor,70,2024-01-18 06:00:00,61.067,1.823,98.743,40.339,1500.15
HIST-008,Motor,71,2024-01-18 12:00:00,69.335,2.465,100.295,38.736,1520.726
HIST-008,Motor,72,2024-01-18 18:00:00,65.625,2.412,99.09,40.109,1531.162
HIST-008,Motor,73,2024-01-19 00:00:00,65.909,1.982,103.222,43.158,1519.202
HIST-008,Motor,74,2024-01-19 06:00:00,64.59,1.601,99.075,39.472,1482.344
HIST-008,Motor,75,2024-01-19 12:00:00,65.932,2.029,99.296,39.318,1506.766
HIST-008,Motor,76,2024-01-19 18:00:00,61.972,2.823,102.444,41.661,1492.753
HIST-008,Motor,77,2024-01-20 00:00:00,63.318,1.941,105.432,41.761,1504.259
HIST-008,Motor,78,2024-01-20 06:00:00,65.21,1.962,104.222,38.728,1488.417
HIST-008,Motor,79,2024-01-20 12:00:00,60.458,1.901,99.59,39.608,1474.298
HIST-008,Motor,80,2024-01-20 18:00:00,64.395,2.564,99.851,39.247,1494.832
HIST-008,Motor,81,2024-01-21 00:00:00,64.272,2.127,100.14,40.105,1510.839
HIST-008,Motor,82,2024-01-21 06:00:00,64.395,2.012,100.441,41.656,1504.32
HIST-008,Motor,83,2024-01-21 12:00:00,63.898,2.624,97.458,38.794,1506.044
HIST-008,Motor,84,2024-01-21 18:00:00,63.008,2.374,102.81,41.634,1503.245
HIST-008,Motor,85,2024-01-22 00:00:00,61.356,1.924,100.62,40.152,1506.068
HIST-008,Motor,86,2024-01-22 06:00:00,65.289,1.833,99.865,43.489,1507.943
HIST-008,Motor,87,2024-01-22 12:00:00,64.4,2.547,96.187,40.478,1495.88
HIST-008,Motor,88,2024-01-22 18:00:00,62.249,2.205,100.187,39.855,1501.243
HIST-008,Motor,89,2024-01-23 00:00:00,65.125,1.735,94.32,40.862,1526.149
HIST-008,Motor,90,2024-01-23 06:00:00,64.41,1.665,98.255,39.494,1502.13
HIST-008,Motor,91,2024-01-23 12:00:00,64.078,1.865,98.311,37.307,1500.638
HIST-008,Motor,92,2024-01-23 18:00:00,60.686,1.828,100.861,39.639,1501.543
HIST-008,Motor,93,2024-01-24 00:00:00,66.366,1.586,105.64,39.616,1496.731
HIST-008,Motor,94,2024-01-24 06:00:00,62.534,1.87,101.716,37.612,1493.47
HIST-008,Motor,95,2024-01-24 12:00:00,65.127,1.924,104.345,39.89,1503.13
HIST-008,Motor,96,2024-01-24 18:00:00,63.383,2.061,101.936,36.899,1492.414
HIST-008,Motor,97,2024-01-25 00:00:00,64.223,2.708,103.375,39.478,1497.817
HIST-008,Motor,98,2024-01-25 06:00:00,67.305,2.12,105.571,40.365,1488.142
HIST-008,Motor,99,2024-01-25 12:00:00,66.063,2.15,97.804,40.145,1501.62
HIST-008,Motor,100,2024-01-25 18:00:00,67.26,2.353,97.609,39.383,1508.763
HIST-008,Motor,101,2024-01-26 00:00:00,65.661,2.129,102.006,39.872,1496.821
HIST-008,Motor,102,2024-01-26 06:00:00,65.792,2.32,99.989,38.824,1469.874
HIST-008,Motor,103,2024-01-26 12:00:00,61.438,2.284,100.661,40.016,1508.856
HIST-008,Motor,104,2024-01-26 18:00:00,64.365,2.237,99.254,40.087,1501.803
HIST-008,Motor,105,2024-01-27 00:00:00,64.55,3.03,98.211,38.65,1485.102
HIST-008,Motor,106,2024-01-27 06:00:00,67.447,2.473,104.862,40.402,1511.599
HIST-008,Motor,107,2024-01-27 12:00:00,63.988,1.875,96.7,40.392,1479.024
HIST-008,Motor,108,2024-01-27 18:00:00,65.53,2.311,102.059,39.751,1515.681
HIST-008,Motor,109,2024-01-28 00:00:00,65.452,1.962,101.573,43.632,1499.14
HIST-008,Motor,110,2024-01-28 06:00:00,67.315,2.334,95.263,39.789,1465.967
HIST-008,Motor,111,2024-01-28 12:00:00,64.733,1.787,97.508,39.581,1502.675
HIST-008,Motor,112,2024-01-28 18:00:00,66.656,1.868,98.012,39.366,1493.907
HIST-008,Motor,113,2024-01-29 00:00:00,61.59,2.303,101.694,38.544,1491.647
HIST-008,Motor,114,2024-01-29 06:00:00,61.772,2.499,98.899,41.029,1488.934
HIST-008,Motor,115,2024-01-29 12:00:00,60.433,2.351,99.743,38.971,1498.092
HIST-008,Motor,116,2024-01-29 18:00:00,66.572,2.456,95.627,39.148,1492.722
HIST-008,Motor,117,2024-01-30 00:00:00,66.347,2.312,106.978,39.193,1472.15
HIST-008,Motor,118,2024-01-30 06:00:00,66.794,2.252,100.214,38.523,1519.081
HIST-008,Motor,119,2024-01-30 12:00:00,63.645,2.049,101.497,37.373,1496.335
HIST-008,Motor,120,2024-01-30 18:00:00,63.873,2.444,98.378,39.306,1489.021
HIST-008,Motor,121,2024-01-31 00:00:00,64.758,2.507,98.042,41.31,1483.074
HIST-008,Motor,122,2024-01-31 06:00:00,67.887,2.181,105.738,40.295,1511.561
HIST-008,Motor,123,2024-01-31 12:00:00,68.388,2.165,94.25,42.341,1480.524
HIST-008,Motor,124,2024-01-31 18:00:00,66.588,2.677,100.836,41.126,1502.01
HIST-008,Motor,125,2024-02-01 00:00:00,65.662,2.194,96.365,40.786,1491.245
HIST-008,Motor,126,2024-02-01 06:00:00,67.671,2.223,98.785,42.824,1492.119
HIST-008,Motor,127,2024-02-01 12:00:00,64.488,2.345,98.086,39.854,1483.447
HIST-008,Motor,128,2024-02-01 18:00:00,64.218,2.171,97.042,40.095,1490.695
HIST-008,Motor,129,2024-02-02 00:00:00,64.742,1.954,100.106,39.983,1500.132
HIST-008,Motor,130,2024-02-02 06:00:00,63.043,2.313,92.296,42.316,1503.53
HIST-008,Motor,131,2024-02-02 12:00:00,64.65,2.188,99.054,40.004,1488.216
HIST-008,Motor,132,2024-02-02 18:00:00,62.765,2.753,99.729,39.028,1498.636
HIST-008,Motor,133,2024-02-03 00:00:00,67.05,2.437,95.922,40.882,1513.327
HIST-008,Motor,134,2024-02-03 06:00:00,66.087,2.021,104.54,38.776,1475.061
HIST-008,Motor,135,2024-02-03 12:00:00,67.859,2.419,98.217,40.8,1499.906
HIST-008,Motor,136,2024-02-03 18:00:00,61.741,2.292,99.288,40.621,1485.738
HIST-008,Motor,137,2024-02-04 00:00:00,68.803,2.593,98.223,39.716,1484.21
HIST-008,Motor,138,2024-02-04 06:00:00,61.855,2.043,99.755,40.849,1503.915
HIST-008,Motor,139,2024-02-04 12:00:00,62.603,2.257,103.924,37.768,1491.821
HIST-008,Motor,140,2024-02-04 18:00:00,63.758,2.17,107.419,40.244,1481.748
HIST-008,Motor,141,2024-02-05 00:00:00,67.615,2.218,102.237,39.306,1519.864
HIST-008,Motor,142,2024-02-05 06:00:00,65.451,1.934,103.264,44.293,1513.801
HIST-008,Motor,143,2024-02-05 12:00:00,64.512,2.373,105.149,40.234,1471.015
HIST-008,Motor,144,2024-02-05 18:00:00,63.415,2.325,100.747,39.105,1477.884
HIST-008,Motor,145,2024-02-06 00:00:00,62.248,2.586,104.711,37.933,1508.902
HIST-008,Motor,146,2024-02-06 06:00:00,67.265,2.197,102.377,41.958,1495.727
HIST-008,Motor,147,2024-02-06 12:00:00,66.597,2.076,100.432,39.475,1522.509
HIST-008,Motor,148,2024-02-06 18:00:00,67.705,2.437,101.051,38.813,1509.245
HIST-008,Motor,149,2024-02-07 00:00:00,65.794,1.962,94.536,40.504,1504.492
HIST-008,Motor,150,2024-02-07 06:00:00,59.716,2.525,100.876,40.975,1484.672
HIST-008,Motor,151,2024-02-07 12:00:00,62.511,2.525,95.369,40.951,1507.372
HIST-008,Motor,152,2024-02-07 18:00:00,65.559,2.712,95.124,40.03,1480.864
HIST-008,Motor,153,2024-02-08 00:00:00,64.826,2.419,100.579,40.239,1519.579
HIST-008,Motor,154,2024-02-08 06:00:00,64.004,2.106,96.658,40.348,1506.332
HIST-008,Motor,155,2024-02-08 12:00:00,63.003,2.273,99.979,40.505,1487.628
HIST-008,Motor,156,2024-02-08 18:00:00,67.024,2.415,100.415,40.637,1512.07
HIST-008,Motor,157,2024-02-09 00:00:00,65.475,2.173,100.549,41.642,1533.623
HIST-008,Motor,158,2024-02-09 06:00:00,66.9,2.433,97.288,40.085,1496.736
HIST-008,Motor,159,2024-02-09 12:00:00,64.164,2.457,102.696,38.775,1508.256
HIST-008,Motor,160,2024-02-09 18:00:00,65.339,1.962,99.732,39.784,1493.523
HIST-008,Motor,161,2024-02-10 00:00:00,64.415,2.775,101.323,41.131,1501.28
HIST-008,Motor,162,2024-02-10 06:00:00,66.113,2.505,96.411,37.32,1477.391
HIST-008,Motor,163,2024-02-10 12:00:00,61.199,1.857,99.465,37.329,1499.992
HIST-008,Motor,164,2024-02-10 18:00:00,64.909,1.851,103.292,41.377,1500.654
HIST-008,Motor,165,2024-02-11 00:00:00,64.457,2.89,102.911,42.28,1526.985
HIST-008,Motor,166,2024-02-11 06:00:00,73.205,2.675,97.608,38.102,1473.075
HIST-008,Motor,167,2024-02-11 12:00:00,62.955,2.37,98.363,40.151,1495.787
HIST-008,Motor,168,2024-02-11 18:00:00,65.426,2.906,97.034,39.401,1519.322
HIST-008,Motor,169,2024-02-12 00:00:00,67.822,2.78,98.031,39.609,1496.373
HIST-008,Motor,170,2024-02-12 06:00:00,70.877,2.648,95.803,40.458,1497.43
HIST-008,Motor,171,2024-02-12 12:00:00,70.275,2.461,99.585,38.061,1487.501
HIST-008,Motor,172,2024-02-12 18:00:00,72.121,2.402,101.899,38.339,1486.011
HIST-008,Motor,173,2024-02-13 00:00:00,68.278,2.511,97.645,39.548,1472.612
HIST-008,Motor,174,2024-02-13 06:00:00,68.811,2.226,99.728,39.782,1490.562
HIST-008,Motor,175,2024-02-13 12:00:00,70.049,2.539,99.339,38.311,1485.16
HIST-008,Motor,176,2024-02-13 18:00:00,70.582,3.016,103.165,41.184,1501.771
HIST-008,Motor,177,2024-02-14 00:00:00,69.852,2.423,98.165,39.374,1488.185
HIST-008,Motor,178,2024-02-14 06:00:00,68.039,2.511,98.274,39.367,1492.806
HIST-008,Motor,179,2024-02-14 12:00:00,72.293,2.767,97.462,40.424,1493.217
HIST-008,Motor,180,2024-02-14 18:00:00,69.336,2.488,96.587,39.807,1499.278
HIST-008,Motor,181,2024-02-15 00:00:00,71.206,2.33,101.588,41.256,1492.072
HIST-008,Motor,182,2024-02-15 06:00:00,70.948,2.968,99.595,38.6,1484.073
HIST-008,Motor,183,2024-02-15 12:00:00,70.168,2.593,100.164,37.904,1501.286
HIST-008,Motor,184,2024-02-15 18:00:00,76.377,2.767,103.824,39.535,1516.012
HIST-008,Motor,185,2024-02-16 00:00:00,74.384,2.206,103.996,40.09,1501.927
HIST-008,Motor,186,2024-02-16 06:00:00,74.567,3.26,95.061,38.139,1490.853
HIST-008,Motor,187,2024-02-16 12:00:00,72.813,3.086,101.944,37.918,1498.153
HIST-008,Motor,188,2024-02-16 18:00:00,73.113,2.848,100.677,40.273,1469.241
HIST-008,Motor,189,2024-02-17 00:00:00,71.87,2.317,98.615,38.863,1497.909
HIST-008,Motor,190,2024-02-17 06:00:00,76.888,2.742,100.983,37.821,1493.995
HIST-008,Motor,191,2024-02-17 12:00:00,77.04,2.93,94.821,41.448,1485.998
HIST-008,Motor,192,2024-02-17 18:00:00,77.712,3.121,104.388,39.052,1488.719
HIST-008,Motor,193,2024-02-18 00:00:00,75.501,2.805,101.545,41.725,1493.846
HIST-008,Motor,194,2024-02-18 06:00:00,79.161,2.938,97.404,40.043,1514.887
HIST-008,Motor,195,2024-02-18 12:00:00,78.782,3.352,98.244,40.442,1516.381
HIST-008,Motor,196,2024-02-18 18:00:00,79.813,2.969,94.891,39.683,1486.078
HIST-008,Motor,197,2024-02-19 00:00:00,78.689,3.104,99.058,36.017,1492.229
HIST-008,Motor,198,2024-02-19 06:00:00,85.137,2.981,98.552,38.295,1492.611
HIST-008,Motor,199,2024-02-19 12:00:00,77.021,4.082,96.025,39.811,1512.143
HIST-008,Motor,200,2024-02-19 18:00:00,83.012,3.23,102.33,40.547,1502.183
HIST-008,Motor,201,2024-02-20 00:00:00,78.489,3.429,103.83,37.315,1501.392
HIST-008,Motor,202,2024-02-20 06:00:00,83.173,3.41,99.918,39.92,1508.044
HIST-008,Motor,203,2024-02-20 12:00:00,84.902,3.156,99.083,38.317,1491.054
HIST-008,Motor,204,2024-02-20 18:00:00,82.166,3.25,101.305,40.352,1520.458
HIST-008,Motor,205,2024-02-21 00:00:00,82.144,3.404,99.941,39.971,1499.974
HIST-008,Motor,206,2024-02-21 06:00:00,79.305,3.063,96.753,41.115,1487.161
HIST-008,Motor,207,2024-02-21 12:00:00,82.427,3.519,98.042,41.6,1496.555
HIST-008,Motor,208,2024-02-21 18:00:00,86.118,3.084,99.111,40.688,1518.479
HIST-008,Motor,209,2024-02-22 00:00:00,83.431,4.229,100.745,41.291,1493.623
HIST-008,Motor,210,2024-02-22 06:00:00,86.215,3.861,100.028,39.474,1514.243
HIST-008,Motor,211,2024-02-22 12:00:00,82.884,4.062,100.631,44.235,1490.62
HIST-008,Motor,212,2024-02-22 18:00:00,88.12,3.012,95.426,38.172,1488.515
HIST-008,Motor,213,2024-02-23 00:00:00,85.332,3.164,101.996,39.208,1509.894
HIST-008,Motor,214,2024-02-23 06:00:00,89.865,4.241,100.01,41.352,1486.89
HIST-008,Motor,215,2024-02-23 12:00:00,88.218,4.886,107.658,41.129,1512.338
HIST-008,Motor,216,2024-02-23 18:00:00,88.093,4.113,98.837,40.731,1505.274
HIST-008,Motor,217,2024-02-24 00:00:00,89.688,3.882,100.97,41.013,1486.896
HIST-008,Motor,218,2024-02-24 06:00:00,88.385,3.899,108.488,36.875,1498.928
HIST-008,Motor,219,2024-02-24 12:00:00,89.452,3.438,100.582,42.384,1491.768
HIST-008,Motor,220,2024-02-24 18:00:00,96.447,4.192,99.797,39.694,1505.235
HIST-008,Motor,221,2024-02-25 00:00:00,92.531,3.61,97.039,41.869,1528.317
HIST-009,Turbine,1,2024-01-01 00:00:00,66.354,1.725,95.179,40.712,1489.503
HIST-009,Turbine,2,2024-01-01 06:00:00,61.756,2.421,99.69,40.53,1493.633
HIST-009,Turbine,3,2024-01-01 12:00:00,66.216,2.14,96.468,38.424,1515.271
HIST-009,Turbine,4,2024-01-01 18:00:00,65.224,2.477,99.889,41.124,1502.172
HIST-009,Turbine,5,2024-01-02 00:00:00,64.804,1.954,93.054,38.664,1505.071
HIST-009,Turbine,6,2024-01-02 06:00:00,64.955,2.207,95.378,41.956,1475.46
HIST-009,Turbine,7,2024-01-02 12:00:00,65.409,2.169,103.567,40.794,1509.84
HIST-009,Turbine,8,2024-01-02 18:00:00,63.616,1.899,101.107,38.302,1504.309
HIST-009,Turbine,9,2024-01-03 00:00:00,64.635,1.816,98.939,39.206,1499.041
HIST-009,Turbine,10,2024-01-03 06:00:00,67.368,2.026,97.274,39.18,1505.413
HIST-009,Turbine,11,2024-01-03 12:00:00,63.592,2.239,96.747,40.24,1493.862
HIST-009,Turbine,12,2024-01-03 18:00:00,62.94,1.973,100.6,39.694,1491.121
HIST-009,Turbine,13,2024-01-04 00:00:00,64.877,2.101,98.969,38.282,1496.372
HIST-009,Turbine,14,2024-01-04 06:00:00,62.739,1.634,104.64,37.909,1493.037
HIST-009,Turbine,15,2024-01-04 12:00:00,61.554,2.089,99.446,40.824,1532.708
HIST-009,Turbine,16,2024-01-04 18:00:00,64.311,2.507,100.176,40.429,1513.678
HIST-009,Turbine,17,2024-01-05 00:00:00,67.897,2.412,95.834,40.158,1485.473
HIST-009,Turbine,18,2024-01-05 06:00:00,64.923,2.174,98.918,40.406,1530.544
HIST-009,Turbine,19,2024-01-05 12:00:00,65.357,2.273,100.531,39.072,1493.507
HIST-009,Turbine,20,2024-01-05 18:00:00,60.74,1.952,98.882,40.276,1500.442
HIST-009,Turbine,21,2024-01-06 00:00:00,65.876,2.687,98.543,43.808,1513.461
HIST-009,Turbine,22,2024-01-06 06:00:00,65.187,2.82,100.981,41.762,1470.45
HIST-009,Turbine,23,2024-01-06 12:00:00,63.67,2.249,104.544,39.567,1496.445
HIST-009,Turbine,24,2024-01-06 18:00:00,65.36,2.977,100.435,39.215,1491.4
HIST-009,Turbine,25,2024-01-07 00:00:00,65.34,1.996,103.433,35.709,1503.076
HIST-009,Turbine,26,2024-01-07 06:00:00,62.881,1.825,101.865,41.603,1505.551
HIST-009,Turbine,27,2024-01-07 12:00:00,65.664,1.987,103.253,41.18,1498.841
HIST-009,Turbine,28,2024-01-07 18:00:00,67.394,2.134,98.171,39.184,1498.145
HIST-009,Turbine,29,2024-01-08 00:00:00,64.544,2.894,99.379,37.852,1515.977
HIST-009,Turbine,30,2024-01-08 06:00:00,63.265,2.116,99.392,38.267,1504.522
HIST-009,Turbine,31,2024-01-08 12:00:00,64.645,1.942,101.639,40.667,1500.621
HIST-009,Turbine,32,2024-01-08 18:00:00,66.709,1.93,102.377,39.866,1502.218
HIST-009,Turbine,33,2024-01-09 00:00:00,62.547,2.542,100.375,41.037,1527.538
HIST-009,Turbine,34,2024-01-09 06:00:00,66.157,2.499,102.63,40.13,1502.59
HIST-009,Turbine,35,2024-01-09 12:00:00,63.644,2.054,98.31,41.45,1492.283
HIST-009,Turbine,36,2024-01-09 18:00:00,65.484,1.637,102.656,40.554,1471.365
HIST-009,Turbine,37,2024-01-10 00:00:00,63.871,1.861,103.047,41.243,1478.491
HIST-009,Turbine,38,2024-01-10 06:00:00,63.866,2.716,102.032,36.865,1492.995
HIST-009,Turbine,39,2024-01-10 12:00:00,68.046,2.407,100.403,38.148,1498.374
HIST-009,Turbine,40,2024-01-10 18:00:00,62.182,2.22,102.14,39.453,1491.666
HIST-009,Turbine,41,2024-01-11 00:00:00,65.971,2.761,97.318,41.619,1505.267
HIST-009,Turbine,42,2024-01-11 06:00:00,68.463,2.787,100.595,42.821,1491.472
HIST-009,Turbine,43,2024-01-11 12:00:00,66.371,2.189,100.902,39.754,1486.283
HIST-009,Turbine,44,2024-01-11 18:00:00,62.338,2.195,96.011,39.083,1509.19
HIST-009,Turbine,45,2024-01-12 00:00:00,62.437,2.025,101.424,37.068,1520.541
HIST-009,Turbine,46,2024-01-12 06:00:00,63.497,2.115,96.254,41.295,1483.392
HIST-009,Turbine,47,2024-01-12 12:00:00,65.316,1.754,98.716,39.175,1503.656
HIST-009,Turbine,48,2024-01-12 18:00:00,65.452,1.753,100.119,44.438,1471.425
HIST-009,Turbine,49,2024-01-13 00:00:00,62.457,1.683,97.808,38.891,1477.882
HIST-009,Turbine,50,2024-01-13 06:00:00,63.254,2.525,100.248,43.158,1491.169
HIST-009,Turbine,51,2024-01-13 12:00:00,63.377,1.732,100.2,41.123,1517.024
HIST-009,Turbine,52,2024-01-13 18:00:00,64.639,2.785,97.539,38.458,1488.319
HIST-009,Turbine,53,2024-01-14 00:00:00,68.969,1.981,101.704,40.348,1487.758
HIST-009,Turbine,54,2024-01-14 06:00:00,63.134,2.721,97.708,41.157,1500.541
HIST-009,Turbine,55,2024-01-14 12:00:00,63.046,2.09,106.864,39.662,1500.556
HIST-009,Turbine,56,2024-01-14 18:00:00,62.734,1.73,99.672,41.257,1488.223
HIST-009,Turbine,57,2024-01-15 00:00:00,66.271,2.585,96.486,41.224,1529.793
HIST-009,Turbine,58,2024-01-15 06:00:00,64.917,2.621,97.047,40.895,1496.02
HIST-009,Turbine,59,2024-01-15 12:00:00,63.208,1.928,103.443,39.975,1501.704
HIST-009,Turbine,60,2024-01-15 18:00:00,64.274,2.101,98.773,38.238,1493.973
HIST-009,Turbine,61,2024-01-16 00:00:00,63.417,1.928,95.909,39.885,1506.6
HIST-009,Turbine,62,2024-01-16 06:00:00,65.592,2.164,102.561,40.264,1518.524
HIST-009,Turbine,63,2024-01-16 12:00:00,70.369,2.232,98.753,37.186,1524.955
HIST-009,Turbine,64,2024-01-16 18:00:00,66.102,2.095,101.96,40.254,1488.566
HIST-009,Turbine,65,2024-01-17 00:00:00,64.814,1.654,102.807,39.855,1516.512
HIST-009,Turbine,66,2024-01-17 06:00:00,63.67,2.026,100.823,38.055,1508.245
HIST-009,Turbine,67,2024-01-17 12:00:00,62.313,2.411,107.188,39.5,1514.618
HIST-009,Turbine,68,2024-01-17 18:00:00,66.467,2.137,94.826,39.532,1498.622
HIST-009,Turbine,69,2024-01-18 00:00:00,66.359,2.102,97.546,42.895,1497.194
HIST-009,Turbine,70,2024-01-18 06:00:00,64.068,1.921,99.232,40.33,1514.036
HIST-009,Turbine,71,2024-01-18 12:00:00,67.427,2.017,106.784,41.554,1514.32
HIST-009,Turbine,72,2024-01-18 18:00:00,65.042,2.623,105.394,39.823,1523.486
HIST-009,Turbine,73,2024-01-19 00:00:00,66.55,1.858,103.866,37.189,1502.978
HIST-009,Turbine,74,2024-01-19 06:00:00,65.592,2.416,97.618,41.009,1498.396
HIST-009,Turbine,75,2024-01-19 12:00:00,64.646,2.214,97.967,39.013,1463.102
HIST-009,Turbine,76,2024-01-19 18:00:00,63.09,2.273,97.514,39.497,1475.831
HIST-009,Turbine,77,2024-01-20 00:00:00,64.709,1.98,97.65,38.421,1494.086
HIST-009,Turbine,78,2024-01-20 06:00:00,66.684,2.094,104.478,40.109,1483.484
HIST-009,Turbine,79,2024-01-20 12:00:00,63.984,2.198,99.269,41.598,1512.212
HIST-009,Turbine,80,2024-01-20 18:00:00,65.879,2.044,99.666,41.399,1480.35
HIST-009,Turbine,81,2024-01-21 00:00:00,62.835,2.299,102.323,42.379,1492.48
HIST-009,Turbine,82,2024-01-21 06:00:00,66.56,2.337,95.009,42.592,1493.07
HIST-009,Turbine,83,2024-01-21 12:00:00,65.626,2.852,100.158,36.931,1518.071
HIST-009,Turbine,84,2024-01-21 18:00:00,62.596,2.283,96.709,38.21,1490.876
HIST-009,Turbine,85,2024-01-22 00:00:00,64.552,1.626,99.117,37.288,1506.786
HIST-009,Turbine,86,2024-01-22 06:00:00,66.863,2.549,98.241,40.948,1502.936
HIST-009,Turbine,87,2024-01-22 12:00:00,62.482,2.139,98.086,38.96,1513.549
HIST-009,Turbine,88,2024-01-22 18:00:00,62.858,2.804,100.677,39.266,1512.753
HIST-009,Turbine,89,2024-01-23 00:00:00,64.861,2.641,100.664,39.675,1499.498
HIST-009,Turbine,90,2024-01-23 06:00:00,69.267,2.048,99.341,40.574,1474.556
HIST-009,Turbine,91,2024-01-23 12:00:00,63.655,2.417,101.112,37.772,1496.524
HIST-009,Turbine,92,2024-01-23 18:00:00,65.991,2.022,97.394,38.112,1499.701
HIST-009,Turbine,93,2024-01-24 00:00:00,65.52,2.201,102.045,40.002,1504.29
HIST-009,Turbine,94,2024-01-24 06:00:00,63.821,2.403,99.381,41.798,1488.937
HIST-009,Turbine,95,2024-01-24 12:00:00,65.322,2.534,98.549,39.962,1517.114
HIST-009,Turbine,96,2024-01-24 18:00:00,64.104,2.469,97.616,38.813,1500.204
HIST-009,Turbine,97,2024-01-25 00:00:00,64.284,2.222,99.276,36.778,1486.193
HIST-009,Turbine,98,2024-01-25 06:00:00,61.677,2.945,105.612,41.429,1493.127
HIST-009,Turbine,99,2024-01-25 12:00:00,64.951,2.09,99.81,38.896,1528.928
HIST-009,Turbine,100,2024-01-25 18:00:00,66.798,1.718,96.567,38.279,1509.966
HIST-009,Turbine,101,2024-01-26 00:00:00,65.115,1.776,102.756,37.427,1515.727
HIST-009,Turbine,102,2024-01-26 06:00:00,67.181,2.642,98.584,37.841,1484.376
HIST-009,Turbine,103,2024-01-26 12:00:00,66.161,2.177,100.851,38.558,1489.668
HIST-009,Turbine,104,2024-01-26 18:00:00,64.881,2.248,98.183,39.642,1489.779
HIST-009,Turbine,105,2024-01-27 00:00:00,63.744,2.037,103.842,38.187,1502.766
HIST-009,Turbine,106,2024-01-27 06:00:00,64.027,2.064,98.228,40.279,1497.39
HIST-009,Turbine,107,2024-01-27 12:00:00,62.059,1.964,104.194,39.63,1492.658
HIST-009,Turbine,108,2024-01-27 18:00:00,64.466,2.341,96.852,43.333,1494.539
HIST-009,Turbine,109,2024-01-28 00:00:00,65.292,2.171,99.121,37.443,1488.089
HIST-009,Turbine,110,2024-01-28 06:00:00,68.431,2.331,104.2,40.242,1497.302
HIST-009,Turbine,111,2024-01-28 12:00:00,66.057,2.302,100.505,40.261,1516.698
HIST-009,Turbine,112,2024-01-28 18:00:00,63.27,2.072,106.814,38.454,1477.303
HIST-009,Turbine,113,2024-01-29 00:00:00,62.121,1.762,99.193,40.143,1505.197
HIST-009,Turbine,114,2024-01-29 06:00:00,64.587,1.736,100.771,41.154,1520.701
HIST-009,Turbine,115,2024-01-29 12:00:00,66.624,3.108,105.715,40.145,1497.252
HIST-009,Turbine,116,2024-01-29 18:00:00,64.559,2.643,95.458,42.077,1492.067
HIST-009,Turbine,117,2024-01-30 00:00:00,66.084,2.602,95.087,36.733,1513.863
HIST-009,Turbine,118,2024-01-30 06:00:00,64.638,1.998,97.613,38.737,1485.237
HIST-009,Turbine,119,2024-01-30 12:00:00,66.434,2.203,102.44,42.213,1499.66
HIST-009,Turbine,120,2024-01-30 18:00:00,61.805,1.955,95.17,41.368,1484.402
HIST-009,Turbine,121,2024-01-31 00:00:00,68.208,1.806,101.791,40.811,1471.948
HIST-009,Turbine,122,2024-01-31 06:00:00,62.775,2.023,101.58,41.85,1497.72
HIST-009,Turbine,123,2024-01-31 12:00:00,66.587,2.598,106.043,37.125,1481.049
HIST-009,Turbine,124,2024-01-31 18:00:00,64.456,2.452,103.136,41.193,1499.825
HIST-009,Turbine,125,2024-02-01 00:00:00,64.768,1.909,101.092,41.597,1516.725
HIST-009,Turbine,126,2024-02-01 06:00:00,64.518,2.106,104.077,39.012,1527.814
HIST-009,Turbine,127,2024-02-01 12:00:00,65.511,2.425,101.617,43.944,1501.403
HIST-009,Turbine,128,2024-02-01 18:00:00,65.915,2.029,98.62,40.295,1515.288
HIST-009,Turbine,129,2024-02-02 00:00:00,67.117,2.224,96.566,36.711,1505.984
HIST-009,Turbine,130,2024-02-02 06:00:00,67.816,2.321,98.292,40.572,1494.253
HIST-009,Turbine,131,2024-02-02 12:00:00,65.664,2.317,99.88,38.92,1471.128
HIST-009,Turbine,132,2024-02-02 18:00:00,68.427,2.276,100.525,41.747,1524.397
HIST-009,Turbine,133,2024-02-03 00:00:00,65.186,2.004,93.594,40.822,1484.263
HIST-009,Turbine,134,2024-02-03 06:00:00,67.155,2.035,99.341,39.103,1520.742
HIST-009,Turbine,135,2024-02-03 12:00:00,65.857,1.86,100.086,42.254,1508.052
HIST-009,Turbine,136,2024-02-03 18:00:00,63.902,1.732,101.643,41.409,1485.36
HIST-009,Turbine,137,2024-02-04 00:00:00,65.362,2.166,104.88,38.758,1504.68
HIST-009,Turbine,138,2024-02-04 06:00:00,66.006,2.445,100.557,39.772,1531.994
HIST-009,Turbine,139,2024-02-04 12:00:00,64.936,1.786,97.271,40.775,1523.035
HIST-009,Turbine,140,2024-02-04 18:00:00,65.826,2.282,94.546,39.454,1492.309
HIST-009,Turbine,141,2024-02-05 00:00:00,66.731,2.435,102.061,39.498,1489.32
HIST-009,Turbine,142,2024-02-05 06:00:00,64.953,1.649,97.393,40.055,1501.503
HIST-009,Turbine,143,2024-02-05 12:00:00,59.112,2.119,102.601,38.401,1497.517
HIST-009,Turbine,144,2024-02-05 18:00:00,68.357,2.694,104.192,36.651,1517.996
HIST-009,Turbine,145,2024-02-06 00:00:00,64.405,2.366,95.368,40.359,1511.094
HIST-009,Turbine,146,2024-02-06 06:00:00,63.353,1.639,101.662,37.017,1474.616
HIST-009,Turbine,147,2024-02-06 12:00:00,62.752,2.398,103.878,38.51,1506.88
HIST-009,Turbine,148,2024-02-06 18:00:00,64.327,1.976,103.057,37.343,1497.314
HIST-009,Turbine,149,2024-02-07 00:00:00,63.875,2.407,93.711,37.527,1500.557
HIST-009,Turbine,150,2024-02-07 06:00:00,63.526,1.957,95.129,40.64,1503.734
HIST-009,Turbine,151,2024-02-07 12:00:00,63.636,2.056,96.899,39.667,1517.981
HIST-009,Turbine,152,2024-02-07 18:00:00,66.059,1.972,99.744,39.612,1514.667
HIST-009,Turbine,153,2024-02-08 00:00:00,69.061,2.179,104.018,38.026,1488.754
HIST-009,Turbine,154,2024-02-08 06:00:00,66.641,2.158,90.488,39.016,1499.121
HIST-009,Turbine,155,2024-02-08 12:00:00,67.245,2.221,99.945,40.565,1493.272
HIST-009,Turbine,156,2024-02-08 18:00:00,64.245,2.136,100.988,39.922,1474.772
HIST-009,Turbine,157,2024-02-09 00:00:00,65.209,2.468,101.286,41.234,1498.359
HIST-009,Turbine,158,2024-02-09 06:00:00,65.853,2.34,100.136,41.448,1527.671
HIST-009,Turbine,159,2024-02-09 12:00:00,63.681,1.698,99.412,39.622,1474.319
HIST-009,Turbine,160,2024-02-09 18:00:00,64.149,2.377,96.529,37.222,1499.639
HIST-009,Turbine,161,2024-02-10 00:00:00,66.709,2.102,97.112,38.865,1499.158
HIST-009,Turbine,162,2024-02-10 06:00:00,67.181,2.19,99.549,39.853,1504.316
HIST-009,Turbine,163,2024-02-10 12:00:00,65.135,2.098,98.476,38.835,1485.559
HIST-009,Turbine,164,2024-02-10 18:00:00,62.61,2.206,101.609,38.418,1478.623
HIST-009,Turbine,165,2024-02-11 00:00:00,64.409,2.856,97.414,40.105,1479.321
HIST-009,Turbine,166,2024-02-11 06:00:00,62.117,2.241,104.068,43.645,1519.964
HIST-009,Turbine,167,2024-02-11 12:00:00,65.15,2.535,97.933,39.268,1485.26
HIST-009,Turbine,168,2024-02-11 18:00:00,65.511,2.385,94.902,39.996,1492.507
HIST-009,Turbine,169,2024-02-12 00:00:00,64.459,2.156,98.049,38.032,1531.569
HIST-009,Turbine,170,2024-02-12 06:00:00,65.483,2.468,98.488,41.865,1488.986
HIST-009,Turbine,171,2024-02-12 12:00:00,65.834,2.877,102.192,41.312,1505.136
HIST-009,Turbine,172,2024-02-12 18:00:00,65.514,2.52,95.835,41.209,1515.957
HIST-009,Turbine,173,2024-02-13 00:00:00,62.597,1.932,104.501,42.04,1515.236
HIST-009,Turbine,174,2024-02-13 06:00:00,64.493,2.086,98.777,39.359,1480.026
HIST-009,Turbine,175,2024-02-13 12:00:00,65.82,2.527,95.785,39.546,1489.3
HIST-009,Turbine,176,2024-02-13 18:00:00,68.157,2.17,95.015,42.565,1504.535
HIST-009,Turbine,177,2024-02-14 00:00:00,64.456,1.841,101.193,40.949,1528.935
HIST-009,Turbine,178,2024-02-14 06:00:00,66.102,2.096,92.976,36.671,1488.577
HIST-009,Turbine,179,2024-02-14 12:00:00,66.756,1.737,105.116,40.682,1492.596
HIST-009,Turbine,180,2024-02-14 18:00:00,64.607,2.96,94.419,39.127,1506.294
HIST-009,Turbine,181,2024-02-15 00:00:00,67.297,2.059,101.35,41.347,1509.295
HIST-009,Turbine,182,2024-02-15 06:00:00,67.404,2.838,96.237,40.612,1510.204
HIST-009,Turbine,183,2024-02-15 12:00:00,67.761,2.487,100.547,37.389,1487.305
HIST-009,Turbine,184,2024-02-15 18:00:00,65.917,2.526,93.773,40.403,1492.019
HIST-009,Turbine,185,2024-02-16 00:00:00,69.72,2.2,95.374,40.316,1503.233
HIST-009,Turbine,186,2024-02-16 06:00:00,63.769,2.412,99.742,40.545,1518.935
HIST-009,Turbine,187,2024-02-16 12:00:00,69.248,2.897,96.784,40.863,1496.423
HIST-009,Turbine,188,2024-02-16 18:00:00,66.537,3.032,97.411,42.244,1499.665
HIST-009,Turbine,189,2024-02-17 00:00:00,67.681,2.664,93.295,40.621,1484.611
HIST-009,Turbine,190,2024-02-17 06:00:00,64.36,2.209,94.475,40.034,1527.948
HIST-009,Turbine,191,2024-02-17 12:00:00,66.689,2.285,98.615,41.722,1502.314
HIST-009,Turbine,192,2024-02-17 18:00:00,67.854,2.271,91.346,43.364,1516.166
HIST-009,Turbine,193,2024-02-18 00:00:00,62.825,2.955,95.961,41.373,1500.448
HIST-009,Turbine,194,2024-02-18 06:00:00,64.673,3.033,94.829,40.309,1501.279
HIST-009,Turbine,195,2024-02-18 12:00:00,60.717,2.803,93.526,40.649,1477.495
HIST-009,Turbine,196,2024-02-18 18:00:00,64.643,2.841,95.889,40.384,1467.739
HIST-009,Turbine,197,2024-02-19 00:00:00,63.368,3.103,90.749,40.028,1518.779
HIST-009,Turbine,198,2024-02-19 06:00:00,64.564,2.331,92.907,43.248,1501.171
HIST-009,Turbine,199,2024-02-19 12:00:00,70.847,2.694,93.974,38.876,1503.096
HIST-009,Turbine,200,2024-02-19 18:00:00,68.436,2.695,92.257,41.732,1481.264
HIST-009,Turbine,201,2024-02-20 00:00:00,62.121,2.525,98.108,39.811,1486.454
HIST-009,Turbine,202,2024-02-20 06:00:00,66.111,2.559,94.718,37.779,1515.935
HIST-009,Turbine,203,2024-02-20 12:00:00,66.598,2.422,92.867,39.718,1526.102
HIST-009,Turbine,204,2024-02-20 18:00:00,64.324,3.274,90.276,39.18,1490.681
HIST-009,Turbine,205,2024-02-21 00:00:00,65.357,3.306,87.503,40.866,1510.072
HIST-009,Turbine,206,2024-02-21 06:00:00,65.552,2.634,97.01,40.137,1502.85
HIST-009,Turbine,207,2024-02-21 12:00:00,62.307,2.733,87.299,38.467,1498.192
HIST-009,Turbine,208,2024-02-21 18:00:00,62.937,2.632,89.476,42.207,1527.779
HIST-009,Turbine,209,2024-02-22 00:00:00,65.345,2.937,89.982,41.635,1493.202
HIST-009,Turbine,210,2024-02-22 06:00:00,65.199,2.768,88.693,42.379,1518.611
HIST-009,Turbine,211,2024-02-22 12:00:00,63.583,2.779,87.42,40.355,1505.721
HIST-009,Turbine,212,2024-02-22 18:00:00,63.411,2.894,89.163,39.946,1499.747
HIST-009,Turbine,213,2024-02-23 00:00:00,64.82,2.736,87.65,41.055,1520.58
HIST-009,Turbine,214,2024-02-23 06:00:00,66.772,2.872,85.828,39.134,1504.352
HIST-009,Turbine,215,2024-02-23 12:00:00,64.847,2.908,92.559,40.195,1498.554
HIST-009,Turbine,216,2024-02-23 18:00:00,68.245,2.858,92.835,39.736,1520.692
HIST-009,Turbine,217,2024-02-24 00:00:00,63.608,2.78,85.839,37.808,1518.739
HIST-009,Turbine,218,2024-02-24 06:00:00,65.386,3.321,87.38,40.191,1518.029
HIST-009,Turbine,219,2024-02-24 12:00:00,64.291,2.328,90.263,39.339,1441.683
HIST-009,Turbine,220,2024-02-24 18:00:00,66.176,3.823,85.396,39.636,1506.603
HIST-009,Turbine,221,2024-02-25 00:00:00,63.437,3.151,89.284,40.546,1503.182
HIST-009,Turbine,222,2024-02-25 06:00:00,68.855,3.028,84.054,41.909,1499.477
HIST-009,Turbine,223,2024-02-25 12:00:00,61.619,3.278,88.744,38.727,1509.147
HIST-009,Turbine,224,2024-02-25 18:00:00,68.431,2.954,87.959,39.495,1503.908
HIST-009,Turbine,225,2024-02-26 00:00:00,65.18,2.743,86.095,38.852,1510.167
HIST-009,Turbine,226,2024-02-26 06:00:00,66.105,2.554,83.984,38.755,1495.981
HIST-009,Turbine,227,2024-02-26 12:00:00,67.669,2.877,82.883,39.108,1522.473
HIST-009,Turbine,228,2024-02-26 18:00:00,66.715,3.417,79.911,39.705,1511.684
HIST-009,Turbine,229,2024-02-27 00:00:00,63.54,2.706,81.111,40.879,1508.138
HIST-009,Turbine,230,2024-02-27 06:00:00,66.2,3.129,84.932,40.481,1507.406
HIST-009,Turbine,231,2024-02-27 12:00:00,68.735,2.553,80.606,38.415,1517.359
HIST-009,Turbine,232,2024-02-27 18:00:00,63.225,3.054,81.438,41.941,1515.325
HIST-009,Turbine,233,2024-02-28 00:00:00,69.237,3.468,82.612,41.417,1498.308
HIST-009,Turbine,234,2024-02-28 06:00:00,65.771,3.117,82.068,38.648,1514.855
HIST-009,Turbine,235,2024-02-28 12:00:00,64.134,2.793,82.109,41.836,1502.611
HIST-009,Turbine,236,2024-02-28 18:00:00,63.213,3.158,82.996,40.49,1528.754
HIST-009,Turbine,237,2024-02-29 00:00:00,64.553,2.273,83.275,39.765,1516.466
HIST-009,Turbine,238,2024-02-29 06:00:00,61.089,2.939,85.761,40.537,1490.616
HIST-009,Turbine,239,2024-02-29 12:00:00,64.17,3.712,87.18,39.961,1534.961
HIST-009,Turbine,240,2024-02-29 18:00:00,64.474,3.15,75.426,40.818,1468.469
HIST-009,Turbine,241,2024-03-01 00:00:00,62.851,3.139,78.523,40.281,1509.56
HIST-009,Turbine,242,2024-03-01 06:00:00,66.496,2.407,79.81,39.494,1489.556
HIST-009,Turbine,243,2024-03-01 12:00:00,64.562,2.992,80.256,36.961,1528.233
HIST-009,Turbine,244,2024-03-01 18:00:00,63.728,3.816,83.462,40.791,1503.792
HIST-009,Turbine,245,2024-03-02 00:00:00,64.349,3.576,81.566,39.44,1488.093
HIST-009,Turbine,246,2024-03-02 06:00:00,65.71,2.945,82.335,41.167,1496.003
HIST-009,Turbine,247,2024-03-02 12:00:00,65.146,3.325,81.295,40.723,1489.291
HIST-009,Turbine,248,2024-03-02 18:00:00,63.598,3.597,82.62,39.479,1495.413
HIST-009,Turbine,249,2024-03-03 00:00:00,65.251,3.211,78.238,41.534,1495.07
HIST-009,Turbine,250,2024-03-03 06:00:00,64.899,3.222,76.133,40.307,1488.733
HIST-009,Turbine,251,2024-03-03 12:00:00,62.721,3.657,76.386,40.245,1504.051
HIST-009,Turbine,252,2024-03-03 18:00:00,64.423,3.777,71.171,39.793,1505.868
HIST-009,Turbine,253,2024-03-04 00:00:00,66.159,3.932,81.513,42.525,1485.055
HIST-009,Turbine,254,2024-03-04 06:00:00,66.144,3.936,78.29,38.93,1475.126
HIST-009,Turbine,255,2024-03-04 12:00:00,64.54,3.23,74.913,39.516,1504.664
HIST-009,Turbine,256,2024-03-04 18:00:00,66.354,3.924,80.609,38.144,1507.979
HIST-009,Turbine,257,2024-03-05 00:00:00,63.04,3.52,73.864,41.09,1510.953
HIST-009,Turbine,258,2024-03-05 06:00:00,63.102,3.735,71.122,39.127,1508.268
HIST-009,Turbine,259,2024-03-05 12:00:00,64.497,3.896,77.277,39.295,1523.591
HIST-009,Turbine,260,2024-03-05 18:00:00,67.995,3.653,69.728,39.225,1514.956
HIST-009,Turbine,261,2024-03-06 00:00:00,65.327,2.867,72.329,40.094,1540.197
HIST-009,Turbine,262,2024-03-06 06:00:00,64.449,3.944,73.549,38.124,1546.51
HIST-009,Turbine,263,2024-03-06 12:00:00,68.088,3.633,74.665,36.635,1473.628
HIST-009,Turbine,264,2024-03-06 18:00:00,64.426,3.765,73.659,40.687,1467.043
HIST-009,Turbine,265,2024-03-07 00:00:00,69.469,4.111,73.268,36.83,1499.889
HIST-009,Turbine,266,2024-03-07 06:00:00,63.977,3.725,72.197,41.281,1507.563
HIST-009,Turbine,267,2024-03-07 12:00:00,62.977,3.897,67.715,42.338,1498.862
HIST-009,Turbine,268,2024-03-07 18:00:00,64.667,3.622,72.477,39.754,1510.554
HIST-009,Turbine,269,2024-03-08 00:00:00,64.502,4.131,66.073,41.949,1495.946
HIST-009,Turbine,270,2024-03-08 06:00:00,63.385,3.663,74.422,39.964,1489.591
HIST-009,Turbine,271,2024-03-08 12:00:00,70.204,3.528,67.444,42.399,1491.857
HIST-009,Turbine,272,2024-03-08 18:00:00,65.637,4.117,70.192,39.316,1496.997
HIST-009,Turbine,273,2024-03-09 00:00:00,65.928,3.825,67.085,36.453,1512.653
HIST-009,Turbine,274,2024-03-09 06:00:00,64.076,4.252,67.024,39.88,1492.699
HIST-009,Turbine,275,2024-03-09 12:00:00,63.845,4.228,69.125,42.562,1495.665
HIST-009,Turbine,276,2024-03-09 18:00:00,67.051,4.074,68.419,40.802,1508.553
HIST-009,Turbine,277,2024-03-10 00:00:00,61.648,4.222,71.133,39.227,1497.018
HIST-009,Turbine,278,2024-03-10 06:00:00,62.714,4.339,68.269,40.493,1516.751
HIST-009,Turbine,279,2024-03-10 12:00:00,64.505,3.763,64.259,41.457,1486.207
HIST-009,Turbine,280,2024-03-10 18:00:00,67.702,4.382,63.84,39.872,1482.955
HIST-009,Turbine,281,2024-03-11 00:00:00,64.251,4.033,69.357,43.94,1504.569
HIST-009,Turbine,282,2024-03-11 06:00:00,65.832,4.785,69.395,39.224,1506.064
HIST-009,Turbine,283,2024-03-11 12:00:00,65.055,4.819,61.225,41.504,1487.026
HIST-009,Turbine,284,2024-03-11 18:00:00,67.593,4.742,62.947,41.143,1520.154
HIST-010,Conveyor,1,2024-01-01 00:00:00,64.126,1.983,105.259,40.023,1510.161
HIST-010,Conveyor,2,2024-01-01 06:00:00,65.008,2.341,101.422,41.398,1529.713
HIST-010,Conveyor,3,2024-01-01 12:00:00,65.926,2.033,101.024,38.274,1475.736
HIST-010,Conveyor,4,2024-01-01 18:00:00,61.545,2.064,101.294,41.67,1485.744
HIST-010,Conveyor,5,2024-01-02 00:00:00,61.513,1.776,101.714,39.863,1511.274
HIST-010,Conveyor,6,2024-01-02 06:00:00,67.614,2.114,100.899,38.605,1499.315
HIST-010,Conveyor,7,2024-01-02 12:00:00,63.882,2.364,97.102,39.298,1512.516
HIST-010,Conveyor,8,2024-01-02 18:00:00,62.025,2.18,102.455,42.623,1498.474
HIST-010,Conveyor,9,2024-01-03 00:00:00,62.793,1.87,101.982,37.918,1491.291
HIST-010,Conveyor,10,2024-01-03 06:00:00,65.781,1.743,104.285,38.902,1496.612
HIST-010,Conveyor,11,2024-01-03 12:00:00,63.355,2.834,105.293,41.429,1464.269
HIST-010,Conveyor,12,2024-01-03 18:00:00,65.483,2.298,100.991,40.325,1482.848
HIST-010,Conveyor,13,2024-01-04 00:00:00,63.043,1.953,96.317,38.813,1514.224
HIST-010,Conveyor,14,2024-01-04 06:00:00,61.512,2.339,105.318,41.447,1517.878
HIST-010,Conveyor,15,2024-01-04 12:00:00,67.849,2.857,96.946,41.518,1521.092
HIST-010,Conveyor,16,2024-01-04 18:00:00,65.796,2.386,101.014,40.497,1506.613
HIST-010,Conveyor,17,2024-01-05 00:00:00,64.332,1.364,99.23,39.081,1466.159
HIST-010,Conveyor,18,2024-01-05 06:00:00,63.957,2.996,98.708,39.313,1490.475
HIST-010,Conveyor,19,2024-01-05 12:00:00,67.93,1.645,102.293,40.427,1519.87
HIST-010,Conveyor,20,2024-01-05 18:00:00,66.183,2.138,100.733,38.032,1524.346
HIST-010,Conveyor,21,2024-01-06 00:00:00,67.294,1.86,101.54,41.992,1520.44
HIST-010,Conveyor,22,2024-01-06 06:00:00,63.833,1.978,97.553,42.55,1496.456
HIST-010,Conveyor,23,2024-01-06 12:00:00,65.101,2.285,99.478,39.646,1480.401
HIST-010,Conveyor,24,2024-01-06 18:00:00,65.804,1.579,97.691,40.534,1499.391
HIST-010,Conveyor,25,2024-01-07 00:00:00,63.9,2.173,99.403,41.779,1500.222
HIST-010,Conveyor,26,2024-01-07 06:00:00,64.809,2.544,99.644,42.933,1523.483
HIST-010,Conveyor,27,2024-01-07 12:00:00,63.833,1.947,105.533,42.335,1503.417
HIST-010,Conveyor,28,2024-01-07 18:00:00,65.798,1.783,99.222,37.397,1500.25
HIST-010,Conveyor,29,2024-01-08 00:00:00,62.357,2.158,93.623,39.527,1501.102
HIST-010,Conveyor,30,2024-01-08 06:00:00,66.144,2.098,104.185,40.751,1505.998
HIST-010,Conveyor,31,2024-01-08 12:00:00,65.621,2.021,101.348,39.259,1509.397
HIST-010,Conveyor,32,2024-01-08 18:00:00,64.593,1.843,99.607,42.674,1489.132
HIST-010,Conveyor,33,2024-01-09 00:00:00,65.899,2.356,98.688,42.444,1484.136
HIST-010,Conveyor,34,2024-01-09 06:00:00,64.27,2.379,97.159,38.776,1520.558
HIST-010,Conveyor,35,2024-01-09 12:00:00,63.66,1.88,105.814,39.756,1475.384
HIST-010,Conveyor,36,2024-01-09 18:00:00,66.087,1.922,100.156,38.876,1524.566
HIST-010,Conveyor,37,2024-01-10 00:00:00,66.174,2.241,94.787,39.707,1471.34
HIST-010,Conveyor,38,2024-01-10 06:00:00,63.985,1.911,100.983,39.662,1491.232
HIST-010,Conveyor,39,2024-01-10 12:00:00,63.814,2.254,103.619,41.431,1514.578
HIST-010,Conveyor,40,2024-01-10 18:00:00,64.634,2.64,100.469,38.667,1500.005
HIST-010,Conveyor,41,2024-01-11 00:00:00,63.896,2.182,97.295,36.075,1480.253
HIST-010,Conveyor,42,2024-01-11 06:00:00,68.05,1.836,97.027,37.593,1506.396
HIST-010,Conveyor,43,2024-01-11 12:00:00,65.633,2.318,97.248,38.458,1501.005
HIST-010,Conveyor,44,2024-01-11 18:00:00,65.029,2.147,104.565,39.016,1496.759
HIST-010,Conveyor,45,2024-01-12 00:00:00,63.135,2.155,99.785,40.281,1490.641
HIST-010,Conveyor,46,2024-01-12 06:00:00,66.478,2.343,94.964,38.38,1499.481
HIST-010,Conveyor,47,2024-01-12 12:00:00,63.777,2.407,101.152,38.183,1491.271
HIST-010,Conveyor,48,2024-01-12 18:00:00,63.695,2.211,100.423,38.606,1536.518
HIST-010,Conveyor,49,2024-01-13 00:00:00,66.545,2.182,98.653,38.327,1496.4
HIST-010,Conveyor,50,2024-01-13 06:00:00,65.775,2.819,96.939,39.168,1494.394
HIST-010,Conveyor,51,2024-01-13 12:00:00,59.993,2.56,96.808,39.104,1491.875
HIST-010,Conveyor,52,2024-01-13 18:00:00,64.684,2.45,103.26,41.034,1526.654
HIST-010,Conveyor,53,2024-01-14 00:00:00,65.251,2.239,100.743,38.516,1475.414
HIST-010,Conveyor,54,2024-01-14 06:00:00,64.321,1.898,101.436,39.464,1505.391
HIST-010,Conveyor,55,2024-01-14 12:00:00,65.321,2.538,100.734,39.182,1496.411
HIST-010,Conveyor,56,2024-01-14 18:00:00,61.381,2.243,100.983,41.213,1478.649
HIST-010,Conveyor,57,2024-01-15 00:00:00,59.338,2.027,98.595,39.769,1487.714
HIST-010,Conveyor,58,2024-01-15 06:00:00,63.049,2.127,99.383,41.576,1504.754
HIST-010,Conveyor,59,2024-01-15 12:00:00,65.564,1.91,103.495,38.271,1487.034
HIST-010,Conveyor,60,2024-01-15 18:00:00,58.55,2.517,104.244,39.926,1503.893
HIST-010,Conveyor,61,2024-01-16 00:00:00,63.313,2.405,96.334,39.136,1525.937
HIST-010,Conveyor,62,2024-01-16 06:00:00,61.154,2.254,99.375,38.161,1502.559
HIST-010,Conveyor,63,2024-01-16 12:00:00,64.515,2.187,102.518,39.899,1478.197
HIST-010,Conveyor,64,2024-01-16 18:00:00,68.916,1.996,105.646,42.599,1487.298
HIST-010,Conveyor,65,2024-01-17 00:00:00,64.566,1.561,105.346,38.721,1495.719
HIST-010,Conveyor,66,2024-01-17 06:00:00,64.785,1.776,97.613,39.809,1494.716
HIST-010,Conveyor,67,2024-01-17 12:00:00,66.678,1.977,103.825,38.032,1502.28
HIST-010,Conveyor,68,2024-01-17 18:00:00,65.043,1.932,100.176,37.811,1504.687
HIST-010,Conveyor,69,2024-01-18 00:00:00,64.57,2.287,103.133,38.819,1525.958
HIST-010,Conveyor,70,2024-01-18 06:00:00,66.853,2.443,102.365,39.325,1499.944
HIST-010,Conveyor,71,2024-01-18 12:00:00,65.944,2.161,96.208,39.392,1482.717
HIST-010,Conveyor,72,2024-01-18 18:00:00,65.577,2.623,101.65,39.661,1517.307
HIST-010,Conveyor,73,2024-01-19 00:00:00,64.722,1.965,103.017,37.528,1518.945
HIST-010,Conveyor,74,2024-01-19 06:00:00,64.308,2.159,99.94,39.061,1503.487
HIST-010,Conveyor,75,2024-01-19 12:00:00,66.834,2.185,99.261,40.753,1496.304
HIST-010,Conveyor,76,2024-01-19 18:00:00,64.327,2.528,95.285,37.963,1509.338
HIST-010,Conveyor,77,2024-01-20 00:00:00,67.463,2.232,102.051,39.467,1496.834
HIST-010,Conveyor,78,2024-01-20 06:00:00,62.906,2.24,100.626,40.439,1469.164
HIST-010,Conveyor,79,2024-01-20 12:00:00,67.868,1.704,97.233,38.827,1508.452
HIST-010,Conveyor,80,2024-01-20 18:00:00,65.944,1.93,99.022,40.512,1513.384
HIST-010,Conveyor,81,2024-01-21 00:00:00,63.063,2.529,100.464,37.718,1521.616
HIST-010,Conveyor,82,2024-01-21 06:00:00,66.018,1.577,98.324,41.333,1489.039
HIST-010,Conveyor,83,2024-01-21 12:00:00,63.699,2.603,100.008,40.549,1503.392
HIST-010,Conveyor,84,2024-01-21 18:00:00,65.067,2.35,94.75,40.083,1503.717
HIST-010,Conveyor,85,2024-01-22 00:00:00,64.027,1.976,104.048,41.687,1501.281
HIST-010,Conveyor,86,2024-01-22 06:00:00,64.734,1.95,100.048,39.506,1501.723
HIST-010,Conveyor,87,2024-01-22 12:00:00,66.883,2.769,96.702,39.073,1500.557
HIST-010,Conveyor,88,2024-01-22 18:00:00,66.037,2.623,92.621,42.059,1503.176
HIST-010,Conveyor,89,2024-01-23 00:00:00,62.749,2.164,103.087,42.761,1511.11
HIST-010,Conveyor,90,2024-01-23 06:00:00,62.864,2.24,101.674,38.96,1518.304
HIST-010,Conveyor,91,2024-01-23 12:00:00,65.542,2.006,100.632,39.829,1488.655
HIST-010,Conveyor,92,2024-01-23 18:00:00,65.686,2.24,102.591,41.568,1497.415
HIST-010,Conveyor,93,2024-01-24 00:00:00,63.651,1.998,102.583,39.883,1493.661
HIST-010,Conveyor,94,2024-01-24 06:00:00,68.183,2.176,100.583,40.892,1491.515
HIST-010,Conveyor,95,2024-01-24 12:00:00,66.627,2.743,99.237,41.171,1475.76
HIST-010,Conveyor,96,2024-01-24 18:00:00,63.749,2.171,98.749,39.157,1500.363
HIST-010,Conveyor,97,2024-01-25 00:00:00,63.555,1.886,101.263,40.629,1507.19
HIST-010,Conveyor,98,2024-01-25 06:00:00,64.544,1.79,104.191,39.991,1497.674
HIST-010,Conveyor,99,2024-01-25 12:00:00,64.336,2.238,99.691,38.175,1499.866
HIST-010,Conveyor,100,2024-01-25 18:00:00,67.512,1.972,104.429,38.516,1506.277
HIST-010,Conveyor,101,2024-01-26 00:00:00,66.969,2.274,101.119,39.021,1521.167
HIST-010,Conveyor,102,2024-01-26 06:00:00,65.07,1.714,101.142,41.393,1493.704
HIST-010,Conveyor,103,2024-01-26 12:00:00,66.356,2.407,107.215,41.442,1482.426
HIST-010,Conveyor,104,2024-01-26 18:00:00,66.646,1.882,104.958,41.125,1498.643
HIST-010,Conveyor,105,2024-01-27 00:00:00,65.117,2.214,105.036,40.66,1528.253
HIST-010,Conveyor,106,2024-01-27 06:00:00,65.805,2.099,97.607,40.619,1482.586
HIST-010,Conveyor,107,2024-01-27 12:00:00,66.188,2.716,106.577,40.416,1509.752
HIST-010,Conveyor,108,2024-01-27 18:00:00,65.975,2.251,99.753,40.611,1517.369
HIST-010,Conveyor,109,2024-01-28 00:00:00,63.442,2.784,99.318,40.713,1464.517
HIST-010,Conveyor,110,2024-01-28 06:00:00,63.645,2.368,93.522,37.893,1506.153
HIST-010,Conveyor,111,2024-01-28 12:00:00,64.423,2.628,100.979,38.815,1509.051
HIST-010,Conveyor,112,2024-01-28 18:00:00,63.587,2.137,96.75,38.457,1495.99
HIST-010,Conveyor,113,2024-01-29 00:00:00,62.054,2.304,101.225,41.661,1490.303
HIST-010,Conveyor,114,2024-01-29 06:00:00,66.352,2.566,96.515,42.481,1491.14
HIST-010,Conveyor,115,2024-01-29 12:00:00,65.693,2.471,105.393,36.746,1495.071
HIST-010,Conveyor,116,2024-01-29 18:00:00,62.321,2.359,101.655,42.347,1495.469
HIST-010,Conveyor,117,2024-01-30 00:00:00,64.518,2.102,106.84,40.13,1492.638
HIST-010,Conveyor,118,2024-01-30 06:00:00,64.631,2.152,96.931,41.519,1494.833
HIST-010,Conveyor,119,2024-01-30 12:00:00,65.364,2.541,104.648,40.76,1517.862
HIST-010,Conveyor,120,2024-01-30 18:00:00,62.836,2.604,94.592,42.161,1481.784
HIST-010,Conveyor,121,2024-01-31 00:00:00,62.292,2.022,100.624,40.315,1473.764
HIST-010,Conveyor,122,2024-01-31 06:00:00,66.039,1.977,98.105,37.955,1518.102
HIST-010,Conveyor,123,2024-01-31 12:00:00,61.932,1.929,98.656,39.841,1497.12
HIST-010,Conveyor,124,2024-01-31 18:00:00,64.535,2.449,98.451,40.773,1494.177
HIST-010,Conveyor,125,2024-02-01 00:00:00,64.348,1.921,97.256,39.676,1498.332
HIST-010,Conveyor,126,2024-02-01 06:00:00,64.753,2.445,96.221,40.987,1503.139
HIST-010,Conveyor,127,2024-02-01 12:00:00,65.505,2.364,98.673,39.901,1492.139
HIST-010,Conveyor,128,2024-02-01 18:00:00,68.197,2.036,100.348,39.107,1507.589
HIST-010,Conveyor,129,2024-02-02 00:00:00,61.801,2.669,103.491,38.371,1485.566
HIST-010,Conveyor,130,2024-02-02 06:00:00,66.753,1.761,100.886,39.412,1495.473
HIST-010,Conveyor,131,2024-02-02 12:00:00,59.976,2.698,103.5,40.307,1466.78
HIST-010,Conveyor,132,2024-02-02 18:00:00,67.787,2.296,95.565,37.061,1517.584
HIST-010,Conveyor,133,2024-02-03 00:00:00,60.914,1.578,98.701,38.83,1497.359
HIST-010,Conveyor,134,2024-02-03 06:00:00,69.873,2.678,102.133,37.005,1510.052
HIST-010,Conveyor,135,2024-02-03 12:00:00,64.22,2.492,101.03,39.074,1507.149
HIST-010,Conveyor,136,2024-02-03 18:00:00,67.581,2.072,98.042,41.695,1508.247
HIST-010,Conveyor,137,2024-02-04 00:00:00,67.168,1.911,102.573,38.716,1499.883
HIST-010,Conveyor,138,2024-02-04 06:00:00,64.127,1.729,99.488,40.806,1505.823
HIST-010,Conveyor,139,2024-02-04 12:00:00,64.281,2.925,96.088,44.062,1485.581
HIST-010,Conveyor,140,2024-02-04 18:00:00,63.326,1.923,100.392,43.356,1482.432
HIST-010,Conveyor,141,2024-02-05 00:00:00,66.575,1.821,98.538,39.3,1498.483
HIST-010,Conveyor,142,2024-02-05 06:00:00,64.153,2.28,98.645,42.157,1489.803
HIST-010,Conveyor,143,2024-02-05 12:00:00,63.362,1.709,96.854,39.064,1521.382
HIST-010,Conveyor,144,2024-02-05 18:00:00,66.075,1.906,96.406,38.255,1505.627
HIST-010,Conveyor,145,2024-02-06 00:00:00,63.206,2.498,98.022,40.033,1489.253
HIST-010,Conveyor,146,2024-02-06 06:00:00,64.342,2.339,105.712,41.677,1495.927
HIST-010,Conveyor,147,2024-02-06 12:00:00,65.214,2.084,100.286,41.708,1501.995
HIST-010,Conveyor,148,2024-02-06 18:00:00,63.715,2.205,102.184,39.022,1498.98
HIST-010,Conveyor,149,2024-02-07 00:00:00,64.017,2.067,102.815,40.396,1504.076
HIST-010,Conveyor,150,2024-02-07 06:00:00,68.07,2.181,101.278,40.278,1501.03
HIST-010,Conveyor,151,2024-02-07 12:00:00,64.592,1.971,96.131,39.661,1479.14
HIST-010,Conveyor,152,2024-02-07 18:00:00,64.281,2.026,98.523,41.03,1467.736
HIST-010,Conveyor,153,2024-02-08 00:00:00,64.65,2.017,101.023,38.775,1494.396
HIST-010,Conveyor,154,2024-02-08 06:00:00,65.909,1.982,100.439,40.972,1508.407
HIST-010,Conveyor,155,2024-02-08 12:00:00,62.932,2.513,105.231,40.049,1494.564
HIST-010,Conveyor,156,2024-02-08 18:00:00,65.854,2.431,104.143,40.034,1518.548
HIST-010,Conveyor,157,2024-02-09 00:00:00,65.512,1.92,109.269,41.035,1499.297
HIST-010,Conveyor,158,2024-02-09 06:00:00,61.423,1.842,98.324,41.62,1520.358
HIST-010,Conveyor,159,2024-02-09 12:00:00,68.589,2.153,106.458,41.795,1517.279
HIST-010,Conveyor,160,2024-02-09 18:00:00,67.922,2.847,109.075,39.975,1515.769
HIST-010,Conveyor,161,2024-02-10 00:00:00,63.399,1.892,103.624,41.379,1481.947
HIST-010,Conveyor,162,2024-02-10 06:00:00,62.755,2.152,104.882,39.966,1500.257
HIST-010,Conveyor,163,2024-02-10 12:00:00,65.456,2.227,104.526,41.159,1518.342
HIST-010,Conveyor,164,2024-02-10 18:00:00,62.148,2.167,101.68,39.595,1504.085
HIST-010,Conveyor,165,2024-02-11 00:00:00,67.729,2.063,102.273,43.614,1508.315
HIST-010,Conveyor,166,2024-02-11 06:00:00,64.063,2.547,101.604,42.129,1479.182
HIST-010,Conveyor,167,2024-02-11 12:00:00,68.244,2.336,95.311,43.592,1528.782
HIST-010,Conveyor,168,2024-02-11 18:00:00,63.351,2.454,104.01,43.752,1488.129
HIST-010,Conveyor,169,2024-02-12 00:00:00,64.776,2.377,104.292,40.594,1470.084
HIST-010,Conveyor,170,2024-02-12 06:00:00,67.534,2.468,101.766,40.524,1494.733
HIST-010,Conveyor,171,2024-02-12 12:00:00,64.354,2.675,106.254,43.939,1463.288
HIST-010,Conveyor,172,2024-02-12 18:00:00,65.544,2.599,99.368,40.602,1483.723
HIST-010,Conveyor,173,2024-02-13 00:00:00,67.185,2.897,105.616,39.494,1538.378
HIST-010,Conveyor,174,2024-02-13 06:00:00,63.888,2.565,105.366,44.178,1494.299
HIST-010,Conveyor,175,2024-02-13 12:00:00,62.477,1.999,102.402,41.555,1478.583
HIST-010,Conveyor,176,2024-02-13 18:00:00,62.083,2.454,105.751,45.102,1500.379
HIST-010,Conveyor,177,2024-02-14 00:00:00,66.167,2.413,102.976,42.235,1486.533
HIST-010,Conveyor,178,2024-02-14 06:00:00,65.778,2.776,107.418,43.452,1512.968
HIST-010,Conveyor,179,2024-02-14 12:00:00,67.123,1.91,107.308,44.179,1486.657
HIST-010,Conveyor,180,2024-02-14 18:00:00,64.452,2.367,109.363,39.991,1504.061
HIST-010,Conveyor,181,2024-02-15 00:00:00,62.139,1.996,110.919,41.048,1482.794
HIST-010,Conveyor,182,2024-02-15 06:00:00,60.294,2.354,106.314,40.817,1538.985
HIST-010,Conveyor,183,2024-02-15 12:00:00,70.736,2.136,102.806,40.161,1507.554
HIST-010,Conveyor,184,2024-02-15 18:00:00,66.054,2.344,111.59,44.336,1497.817
HIST-010,Conveyor,185,2024-02-16 00:00:00,65.274,1.777,111.783,42.614,1495.606
HIST-010,Conveyor,186,2024-02-16 06:00:00,65.557,2.438,104.346,43.495,1491.696
HIST-010,Conveyor,187,2024-02-16 12:00:00,62.137,2.262,111.636,43.997,1488.586
HIST-010,Conveyor,188,2024-02-16 18:00:00,63.41,2.246,112.023,43.444,1488.174
HIST-010,Conveyor,189,2024-02-17 00:00:00,68.487,2.785,111.952,41.727,1525.175
HIST-010,Conveyor,190,2024-02-17 06:00:00,66.317,2.085,107.337,42.307,1491.711
HIST-010,Conveyor,191,2024-02-17 12:00:00,63.473,2.303,105.656,43.68,1468.059
HIST-010,Conveyor,192,2024-02-17 18:00:00,62.546,2.23,104.738,44.919,1482.51
HIST-010,Conveyor,193,2024-02-18 00:00:00,63.969,2.259,109.034,43.964,1513.916
HIST-010,Conveyor,194,2024-02-18 06:00:00,64.369,2.867,115.619,43.182,1496.215
HIST-010,Conveyor,195,2024-02-18 12:00:00,69.098,2.219,108.973,42.897,1497.989
HIST-010,Conveyor,196,2024-02-18 18:00:00,64.623,2.03,109.861,43.51,1517.547
HIST-010,Conveyor,197,2024-02-19 00:00:00,62.621,2.761,109.253,44.093,1488.343
HIST-010,Conveyor,198,2024-02-19 06:00:00,64.883,2.108,111.033,45.15,1509.486
HIST-010,Conveyor,199,2024-02-19 12:00:00,65.529,1.718,113.336,43.658,1489.982
HIST-010,Conveyor,200,2024-02-19 18:00:00,62.439,1.978,109.766,42.676,1508.638
HIST-010,Conveyor,201,2024-02-20 00:00:00,65.804,1.826,116.488,44.063,1494.133
HIST-010,Conveyor,202,2024-02-20 06:00:00,67.418,1.66,113.729,45.117,1496.377
HIST-010,Conveyor,203,2024-02-20 12:00:00,65.277,2.091,121.837,48.83,1512.302
HIST-010,Conveyor,204,2024-02-20 18:00:00,63.406,2.179,113.366,45.933,1511.22
HIST-010,Conveyor,205,2024-02-21 00:00:00,63.942,2.554,120.229,46.919,1497.519
HIST-010,Conveyor,206,2024-02-21 06:00:00,61.682,2.389,118.391,43.374,1492.926
HIST-010,Conveyor,207,2024-02-21 12:00:00,64.732,2.375,112.323,41.933,1523.987
HIST-010,Conveyor,208,2024-02-21 18:00:00,65.622,1.932,113.486,45.748,1508.84
HIST-010,Conveyor,209,2024-02-22 00:00:00,63.207,2.465,112.156,46.593,1494.133
HIST-010,Conveyor,210,2024-02-22 06:00:00,68.879,2.617,113.54,47.791,1490.204
HIST-010,Conveyor,211,2024-02-22 12:00:00,66.585,2.318,115.153,47.792,1515.373
HIST-010,Conveyor,212,2024-02-22 18:00:00,61.414,2.327,117.831,42.411,1501.731
HIST-010,Conveyor,213,2024-02-23 00:00:00,61.455,1.821,110.209,47.573,1497.547
HIST-010,Conveyor,214,2024-02-23 06:00:00,63.032,2.516,121.953,45.81,1501.725
HIST-010,Conveyor,215,2024-02-23 12:00:00,68.146,2.734,116.441,43.244,1505.067
HIST-010,Conveyor,216,2024-02-23 18:00:00,66.782,2.297,116.921,46.471,1499.15
HIST-010,Conveyor,217,2024-02-24 00:00:00,68.247,2.022,114.703,47.132,1518.055
HIST-010,Conveyor,218,2024-02-24 06:00:00,65.02,2.151,116.885,46.798,1518.89
HIST-010,Conveyor,219,2024-02-24 12:00:00,64.581,2.074,116.824,48.654,1507.978
HIST-010,Conveyor,220,2024-02-24 18:00:00,62.505,2.092,119.179,47.438,1520.621
HIST-010,Conveyor,221,2024-02-25 00:00:00,65.699,2.394,118.754,44.455,1500.127
HIST-010,Conveyor,222,2024-02-25 06:00:00,64.608,2.284,121.679,46.053,1510.355
HIST-010,Conveyor,223,2024-02-25 12:00:00,64.531,2.501,120.959,44.853,1515.067
HIST-010,Conveyor,224,2024-02-25 18:00:00,68.236,2.311,123.987,48.072,1515.286
HIST-010,Conveyor,225,2024-02-26 00:00:00,64.747,1.941,122.769,50.0,1513.74
HIST-010,Conveyor,226,2024-02-26 06:00:00,67.662,2.05,122.284,45.203,1509.468
HIST-010,Conveyor,227,2024-02-26 12:00:00,61.824,2.031,121.342,46.991,1529.357
HIST-010,Conveyor,228,2024-02-26 18:00:00,70.376,2.144,124.969,47.424,1491.905
HIST-010,Conveyor,229,2024-02-27 00:00:00,64.253,2.738,124.112,47.381,1497.672
HIST-010,Conveyor,230,2024-02-27 06:00:00,66.414,2.786,122.95,49.125,1496.782
HIST-010,Conveyor,231,2024-02-27 12:00:00,66.733,2.451,124.376,47.85,1494.479
HIST-010,Conveyor,232,2024-02-27 18:00:00,64.005,2.236,121.149,50.428,1470.168
HIST-010,Conveyor,233,2024-02-28 00:00:00,66.638,1.792,123.95,50.27,1520.623
HIST-010,Conveyor,234,2024-02-28 06:00:00,66.742,2.266,124.777,50.661,1484.609
HIST-010,Conveyor,235,2024-02-28 12:00:00,63.574,1.963,123.233,47.03,1502.547
HIST-010,Conveyor,236,2024-02-28 18:00:00,63.597,2.689,126.513,50.485,1478.672
HIST-010,Conveyor,237,2024-02-29 00:00:00,65.091,1.718,126.677,50.487,1509.311
HIST-010,Conveyor,238,2024-02-29 06:00:00,64.769,2.315,132.48,52.246,1488.219
HIST-010,Conveyor,239,2024-02-29 12:00:00,67.786,1.938,123.854,48.459,1482.961
HIST-010,Conveyor,240,2024-02-29 18:00:00,66.405,2.197,126.88,48.765,1502.915
HIST-010,Conveyor,241,2024-03-01 00:00:00,64.859,2.4,122.704,48.364,1489.489
HIST-010,Conveyor,242,2024-03-01 06:00:00,66.212,2.507,130.86,48.636,1491.388
HIST-010,Conveyor,243,2024-03-01 12:00:00,60.907,2.182,123.734,49.594,1502.577
HIST-010,Conveyor,244,2024-03-01 18:00:00,63.769,2.428,124.616,50.831,1512.0
HIST-010,Conveyor,245,2024-03-02 00:00:00,65.576,2.001,129.953,52.369,1487.724
HIST-010,Conveyor,246,2024-03-02 06:00:00,67.231,2.274,129.115,49.428,1485.132
HIST-010,Conveyor,247,2024-03-02 12:00:00,65.4,2.501,125.738,49.686,1500.352
HIST-010,Conveyor,248,2024-03-02 18:00:00,67.916,2.3,127.053,51.641,1508.089
HIST-010,Conveyor,249,2024-03-03 00:00:00,66.736,2.041,132.255,49.359,1521.941
HIST-010,Conveyor,250,2024-03-03 06:00:00,64.023,2.116,128.426,51.447,1483.93
HIST-010,Conveyor,251,2024-03-03 12:00:00,64.72,2.505,130.939,51.493,1495.23
HIST-010,Conveyor,252,2024-03-03 18:00:00,65.817,1.872,131.774,52.213,1517.637
HIST-010,Conveyor,253,2024-03-04 00:00:00,64.103,1.917,136.35,50.642,1529.596
HIST-010,Conveyor,254,2024-03-04 06:00:00,68.063,2.38,135.908,53.186,1485.104
HIST-010,Conveyor,255,2024-03-04 12:00:00,62.783,2.068,128.646,52.079,1488.918
HIST-010,Conveyor,256,2024-03-04 18:00:00,65.632,1.764,137.392,50.777,1505.717
HIST-010,Conveyor,257,2024-03-05 00:00:00,66.471,2.605,132.563,52.973,1491.334
HIST-010,Conveyor,258,2024-03-05 06:00:00,64.373,1.87,133.996,53.772,1488.612
HIST-010,Conveyor,259,2024-03-05 12:00:00,63.922,2.14,131.247,51.777,1503.667
HIST-010,Conveyor,260,2024-03-05 18:00:00,64.848,2.014,135.25,52.442,1523.241
HIST-010,Conveyor,261,2024-03-06 00:00:00,66.624,2.111,143.696,53.013,1480.358
HIST-010,Conveyor,262,2024-03-06 06:00:00,64.0,1.935,137.345,54.516,1522.475
HIST-010,Conveyor,263,2024-03-06 12:00:00,62.862,2.414,134.033,51.541,1491.378
HIST-010,Conveyor,264,2024-03-06 18:00:00,67.301,2.233,137.012,55.418,1505.187
HIST-010,Conveyor,265,2024-03-07 00:00:00,65.799,2.495,132.635,53.366,1523.863
HIST-010,Conveyor,266,2024-03-07 06:00:00,67.016,2.017,141.63,51.913,1504.88
HIST-010,Conveyor,267,2024-03-07 12:00:00,66.519,2.84,139.23,52.655,1495.538
HIST-010,Conveyor,268,2024-03-07 18:00:00,69.36,1.629,135.029,52.694,1510.773
HIST-010,Conveyor,269,2024-03-08 00:00:00,67.23,1.724,137.679,50.987,1497.403
HIST-011,Pump,1,2024-01-01 00:00:00,65.873,1.882,108.239,40.36,1516.08
HIST-011,Pump,2,2024-01-01 06:00:00,64.565,2.299,98.7,37.573,1483.588
HIST-011,Pump,3,2024-01-01 12:00:00,67.388,1.873,99.428,39.07,1509.9
HIST-011,Pump,4,2024-01-01 18:00:00,61.524,2.033,98.926,41.575,1518.4
HIST-011,Pump,5,2024-01-02 00:00:00,63.649,2.283,99.17,40.255,1535.189
HIST-011,Pump,6,2024-01-02 06:00:00,67.465,2.137,100.233,40.162,1510.599
HIST-011,Pump,7,2024-01-02 12:00:00,68.66,2.198,102.762,40.341,1493.107
HIST-011,Pump,8,2024-01-02 18:00:00,69.572,2.3,101.212,37.835,1480.924
HIST-011,Pump,9,2024-01-03 00:00:00,65.101,2.052,103.231,39.855,1527.438
HIST-011,Pump,10,2024-01-03 06:00:00,65.916,2.465,103.132,42.112,1511.06
HIST-011,Pump,11,2024-01-03 12:00:00,66.635,2.108,100.626,41.63,1499.67
HIST-011,Pump,12,2024-01-03 18:00:00,67.55,2.171,101.129,39.812,1475.703
HIST-011,Pump,13,2024-01-04 00:00:00,65.626,2.308,103.326,42.346,1486.032
HIST-011,Pump,14,2024-01-04 06:00:00,66.852,2.268,96.666,38.111,1509.47
HIST-011,Pump,15,2024-01-04 12:00:00,65.92,2.393,107.495,38.542,1505.307
HIST-011,Pump,16,2024-01-04 18:00:00,66.044,2.295,98.462,42.795,1470.805
HIST-011,Pump,17,2024-01-05 00:00:00,63.163,2.341,98.947,40.867,1509.489
HIST-011,Pump,18,2024-01-05 06:00:00,64.342,2.102,96.364,39.567,1476.473
HIST-011,Pump,19,2024-01-05 12:00:00,63.954,1.879,96.454,39.917,1520.31
HIST-011,Pump,20,2024-01-05 18:00:00,62.622,1.772,102.922,38.79,1503.128
HIST-011,Pump,21,2024-01-06 00:00:00,61.697,1.699,106.811,40.415,1493.049
HIST-011,Pump,22,2024-01-06 06:00:00,64.153,2.729,98.298,40.296,1514.852
HIST-011,Pump,23,2024-01-06 12:00:00,64.472,1.536,101.042,40.03,1505.302
HIST-011,Pump,24,2024-01-06 18:00:00,65.21,2.558,100.66,38.26,1519.874
HIST-011,Pump,25,2024-01-07 00:00:00,66.111,1.954,103.001,40.397,1501.207
HIST-011,Pump,26,2024-01-07 06:00:00,65.376,2.556,106.656,39.206,1502.082
HIST-011,Pump,27,2024-01-07 12:00:00,64.486,1.539,104.563,38.521,1495.721
HIST-011,Pump,28,2024-01-07 18:00:00,63.17,2.129,99.284,41.9,1503.945
HIST-011,Pump,29,2024-01-08 00:00:00,66.754,2.636,101.586,43.255,1525.469
HIST-011,Pump,30,2024-01-08 06:00:00,64.796,2.414,101.884,42.914,1492.459
HIST-011,Pump,31,2024-01-08 12:00:00,64.132,2.099,99.94,40.975,1509.719
HIST-011,Pump,32,2024-01-08 18:00:00,64.627,1.617,96.712,39.602,1486.793
HIST-011,Pump,33,2024-01-09 00:00:00,63.535,1.803,97.604,39.894,1468.999
HIST-011,Pump,34,2024-01-09 06:00:00,63.939,2.617,103.444,40.608,1503.112
HIST-011,Pump,35,2024-01-09 12:00:00,63.875,2.096,103.754,39.37,1505.556
HIST-011,Pump,36,2024-01-09 18:00:00,64.425,2.178,99.377,41.978,1498.349
HIST-011,Pump,37,2024-01-10 00:00:00,66.312,2.285,100.783,36.946,1477.56
HIST-011,Pump,38,2024-01-10 06:00:00,65.814,1.809,103.592,39.556,1504.565
HIST-011,Pump,39,2024-01-10 12:00:00,68.093,2.322,94.887,41.202,1503.995
HIST-011,Pump,40,2024-01-10 18:00:00,67.423,2.074,98.661,38.732,1486.668
HIST-011,Pump,41,2024-01-11 00:00:00,68.913,2.288,106.054,39.64,1479.698
HIST-011,Pump,42,2024-01-11 06:00:00,66.118,2.027,100.898,40.89,1496.214
HIST-011,Pump,43,2024-01-11 12:00:00,66.086,1.728,96.612,42.277,1509.794
HIST-011,Pump,44,2024-01-11 18:00:00,64.025,2.072,100.352,38.059,1506.25
HIST-011,Pump,45,2024-01-12 00:00:00,66.652,2.392,103.064,37.948,1486.787
HIST-011,Pump,46,2024-01-12 06:00:00,63.688,2.318,92.36,38.581,1502.054
HIST-011,Pump,47,2024-01-12 12:00:00,62.059,2.209,100.529,37.694,1513.307
HIST-011,Pump,48,2024-01-12 18:00:00,68.053,2.469,98.883,37.8,1482.41
HIST-011,Pump,49,2024-01-13 00:00:00,62.502,2.139,95.074,38.541,1500.947
HIST-011,Pump,50,2024-01-13 06:00:00,65.878,2.217,100.246,41.85,1520.095
HIST-011,Pump,51,2024-01-13 12:00:00,63.239,2.056,99.591,39.532,1480.876
HIST-011,Pump,52,2024-01-13 18:00:00,67.253,2.487,99.928,40.047,1517.333
HIST-011,Pump,53,2024-01-14 00:00:00,67.526,2.287,98.955,38.567,1524.288
HIST-011,Pump,54,2024-01-14 06:00:00,66.058,2.033,96.936,40.95,1496.667
HIST-011,Pump,55,2024-01-14 12:00:00,67.493,1.753,95.636,42.814,1494.855
HIST-011,Pump,56,2024-01-14 18:00:00,65.015,2.531,97.928,38.669,1515.496
HIST-011,Pump,57,2024-01-15 00:00:00,69.468,1.977,102.578,42.587,1497.208
HIST-011,Pump,58,2024-01-15 06:00:00,66.492,2.222,100.699,40.547,1464.703
HIST-011,Pump,59,2024-01-15 12:00:00,63.199,2.906,99.792,40.025,1498.518
HIST-011,Pump,60,2024-01-15 18:00:00,65.139,2.44,96.881,40.6,1507.056
HIST-011,Pump,61,2024-01-16 00:00:00,64.695,2.683,98.878,40.586,1511.101
HIST-011,Pump,62,2024-01-16 06:00:00,64.499,2.039,102.211,42.786,1486.791
HIST-011,Pump,63,2024-01-16 12:00:00,61.686,2.521,101.514,40.78,1495.953
HIST-011,Pump,64,2024-01-16 18:00:00,65.774,2.208,98.568,40.812,1514.654
HIST-011,Pump,65,2024-01-17 00:00:00,62.228,2.31,92.166,39.368,1499.1
HIST-011,Pump,66,2024-01-17 06:00:00,59.949,2.806,97.975,41.259,1477.069
HIST-011,Pump,67,2024-01-17 12:00:00,64.312,2.116,98.552,38.565,1518.565
HIST-011,Pump,68,2024-01-17 18:00:00,63.488,2.206,97.279,40.164,1496.788
HIST-011,Pump,69,2024-01-18 00:00:00,63.277,1.929,98.76,44.325,1516.368
HIST-011,Pump,70,2024-01-18 06:00:00,58.794,2.467,102.45,36.244,1479.068
HIST-011,Pump,71,2024-01-18 12:00:00,63.298,2.032,99.888,40.35,1498.185
HIST-011,Pump,72,2024-01-18 18:00:00,64.653,2.507,102.969,40.407,1507.646
HIST-011,Pump,73,2024-01-19 00:00:00,63.732,1.705,95.475,39.658,1498.693
HIST-011,Pump,74,2024-01-19 06:00:00,65.775,2.365,99.085,39.693,1482.255
HIST-011,Pump,75,2024-01-19 12:00:00,67.785,2.007,94.183,40.137,1464.198
HIST-011,Pump,76,2024-01-19 18:00:00,66.033,2.419,98.72,39.622,1522.849
HIST-011,Pump,77,2024-01-20 00:00:00,67.053,2.196,96.863,40.333,1503.721
HIST-011,Pump,78,2024-01-20 06:00:00,67.218,2.039,103.844,39.269,1517.502
HIST-011,Pump,79,2024-01-20 12:00:00,62.962,2.084,101.229,43.034,1513.93
HIST-011,Pump,80,2024-01-20 18:00:00,65.878,1.945,103.044,39.622,1508.953
HIST-011,Pump,81,2024-01-21 00:00:00,66.99,2.451,98.712,40.854,1495.18
HIST-011,Pump,82,2024-01-21 06:00:00,64.128,1.885,96.941,38.996,1507.347
HIST-011,Pump,83,2024-01-21 12:00:00,63.419,2.12,96.845,41.4,1521.488
HIST-011,Pump,84,2024-01-21 18:00:00,66.061,2.304,100.796,41.1,1501.245
HIST-011,Pump,85,2024-01-22 00:00:00,62.037,2.684,105.43,40.629,1528.526
HIST-011,Pump,86,2024-01-22 06:00:00,62.824,2.197,101.237,38.459,1477.509
HIST-011,Pump,87,2024-01-22 12:00:00,63.666,2.127,98.876,38.871,1475.896
HIST-011,Pump,88,2024-01-22 18:00:00,65.901,2.282,99.434,42.529,1514.821
HIST-011,Pump,89,2024-01-23 00:00:00,65.438,1.578,99.906,38.855,1487.719
HIST-011,Pump,90,2024-01-23 06:00:00,67.065,1.84,106.08,40.961,1530.65
HIST-011,Pump,91,2024-01-23 12:00:00,63.156,2.087,103.701,38.583,1520.06
HIST-011,Pump,92,2024-01-23 18:00:00,63.049,1.986,100.78,41.513,1523.814
HIST-011,Pump,93,2024-01-24 00:00:00,66.048,1.72,100.329,38.97,1513.267
HIST-011,Pump,94,2024-01-24 06:00:00,63.403,2.457,100.898,38.555,1486.176
HIST-011,Pump,95,2024-01-24 12:00:00,63.793,2.278,101.483,38.931,1475.11
HIST-011,Pump,96,2024-01-24 18:00:00,61.286,2.242,98.76,39.169,1522.429
HIST-011,Pump,97,2024-01-25 00:00:00,65.582,1.992,97.468,40.607,1477.506
HIST-011,Pump,98,2024-01-25 06:00:00,68.083,2.224,103.097,40.104,1523.773
HIST-011,Pump,99,2024-01-25 12:00:00,62.941,2.354,100.066,38.357,1510.044
HIST-011,Pump,100,2024-01-25 18:00:00,67.043,2.121,102.846,39.958,1498.856
HIST-011,Pump,101,2024-01-26 00:00:00,64.881,2.333,104.938,38.285,1506.631
HIST-011,Pump,102,2024-01-26 06:00:00,61.469,1.961,101.562,40.965,1506.979
HIST-011,Pump,103,2024-01-26 12:00:00,63.211,2.229,101.076,41.24,1496.964
HIST-011,Pump,104,2024-01-26 18:00:00,63.087,2.543,109.601,39.964,1521.385
HIST-011,Pump,105,2024-01-27 00:00:00,64.367,2.57,100.621,40.407,1520.871
HIST-011,Pump,106,2024-01-27 06:00:00,65.839,2.598,96.728,42.628,1502.335
HIST-011,Pump,107,2024-01-27 12:00:00,68.698,2.286,99.156,39.764,1491.0
HIST-011,Pump,108,2024-01-27 18:00:00,62.138,2.209,104.655,38.584,1519.589
HIST-011,Pump,109,2024-01-28 00:00:00,64.03,2.065,96.117,40.869,1469.662
HIST-011,Pump,110,2024-01-28 06:00:00,63.208,1.658,97.743,38.301,1506.658
HIST-011,Pump,111,2024-01-28 12:00:00,62.464,1.797,103.319,39.684,1511.094
HIST-011,Pump,112,2024-01-28 18:00:00,65.191,2.15,99.185,39.102,1487.575
HIST-011,Pump,113,2024-01-29 00:00:00,65.003,2.168,99.669,38.947,1514.607
HIST-011,Pump,114,2024-01-29 06:00:00,61.372,2.624,103.22,39.625,1499.604
HIST-011,Pump,115,2024-01-29 12:00:00,65.036,2.594,97.85,41.35,1491.814
HIST-011,Pump,116,2024-01-29 18:00:00,62.589,1.994,95.594,41.659,1514.448
HIST-011,Pump,117,2024-01-30 00:00:00,65.024,2.445,95.833,41.389,1483.715
HIST-011,Pump,118,2024-01-30 06:00:00,67.539,2.057,101.745,40.505,1513.038
HIST-011,Pump,119,2024-01-30 12:00:00,65.926,2.405,100.777,39.613,1470.265
HIST-011,Pump,120,2024-01-30 18:00:00,65.355,2.442,97.922,36.463,1504.286
HIST-011,Pump,121,2024-01-31 00:00:00,63.942,2.573,96.524,40.551,1500.658
HIST-011,Pump,122,2024-01-31 06:00:00,65.134,2.052,99.188,36.581,1491.905
HIST-011,Pump,123,2024-01-31 12:00:00,66.127,2.504,103.35,37.115,1505.844
HIST-011,Pump,124,2024-01-31 18:00:00,65.928,1.638,97.493,39.757,1498.806
HIST-011,Pump,125,2024-02-01 00:00:00,64.802,2.589,98.012,40.397,1515.82
HIST-011,Pump,126,2024-02-01 06:00:00,65.435,2.192,96.428,39.323,1508.402
HIST-011,Pump,127,2024-02-01 12:00:00,62.367,2.199,98.898,42.303,1506.79
HIST-011,Pump,128,2024-02-01 18:00:00,63.531,1.589,101.014,40.693,1504.378
HIST-011,Pump,129,2024-02-02 00:00:00,66.415,2.083,106.346,39.626,1492.918
HIST-011,Pump,130,2024-02-02 06:00:00,66.684,2.607,100.653,42.079,1495.473
HIST-011,Pump,131,2024-02-02 12:00:00,65.187,2.072,99.839,42.348,1503.723
HIST-011,Pump,132,2024-02-02 18:00:00,67.958,2.414,102.589,40.769,1497.4
HIST-011,Pump,133,2024-02-03 00:00:00,66.016,2.21,102.089,38.837,1516.672
HIST-011,Pump,134,2024-02-03 06:00:00,64.534,2.519,98.267,39.175,1501.402
HIST-011,Pump,135,2024-02-03 12:00:00,62.56,2.257,106.906,37.83,1505.639
HIST-011,Pump,136,2024-02-03 18:00:00,67.877,1.92,99.927,39.936,1478.96
HIST-011,Pump,137,2024-02-04 00:00:00,66.541,2.217,100.709,38.425,1514.148
HIST-011,Pump,138,2024-02-04 06:00:00,68.597,2.68,101.654,39.506,1491.282
HIST-011,Pump,139,2024-02-04 12:00:00,69.334,2.349,101.038,40.391,1484.36
HIST-011,Pump,140,2024-02-04 18:00:00,62.426,2.165,104.576,37.024,1524.693
HIST-011,Pump,141,2024-02-05 00:00:00,62.431,2.877,98.23,38.104,1510.464
HIST-011,Pump,142,2024-02-05 06:00:00,59.274,2.548,102.35,39.24,1514.656
HIST-011,Pump,143,2024-02-05 12:00:00,66.837,2.445,100.494,39.921,1506.817
HIST-011,Pump,144,2024-02-05 18:00:00,66.313,2.295,102.948,37.265,1499.753
HIST-011,Pump,145,2024-02-06 00:00:00,65.196,2.419,99.355,40.625,1361.716
HIST-011,Pump,146,2024-02-06 06:00:00,62.548,2.429,98.949,39.324,1613.42
HIST-011,Pump,147,2024-02-06 12:00:00,64.822,1.545,102.196,37.87,1663.926
HIST-011,Pump,148,2024-02-06 18:00:00,65.369,2.318,101.074,39.851,1510.561
HIST-011,Pump,149,2024-02-07 00:00:00,66.565,2.152,97.539,41.362,1576.34
HIST-011,Pump,150,2024-02-07 06:00:00,65.546,2.05,104.037,40.853,1570.552
HIST-011,Pump,151,2024-02-07 12:00:00,66.328,2.141,102.198,41.177,1389.012
HIST-011,Pump,152,2024-02-07 18:00:00,64.752,1.733,99.777,40.216,1537.3
HIST-011,Pump,153,2024-02-08 00:00:00,67.363,1.659,98.595,40.775,1445.685
HIST-011,Pump,154,2024-02-08 06:00:00,66.263,2.574,101.092,37.565,1649.562
HIST-011,Pump,155,2024-02-08 12:00:00,62.626,2.339,101.981,38.637,1483.718
HIST-011,Pump,156,2024-02-08 18:00:00,67.778,1.476,95.218,43.362,1571.995
HIST-011,Pump,157,2024-02-09 00:00:00,67.451,2.027,101.127,42.176,1487.439
HIST-011,Pump,158,2024-02-09 06:00:00,65.931,2.464,101.958,39.835,1662.026
HIST-011,Pump,159,2024-02-09 12:00:00,65.561,2.116,92.943,41.105,1465.834
HIST-011,Pump,160,2024-02-09 18:00:00,68.317,2.574,100.589,42.05,1579.429
HIST-011,Pump,161,2024-02-10 00:00:00,61.733,2.515,102.084,42.925,1533.951
HIST-011,Pump,162,2024-02-10 06:00:00,67.482,1.793,101.743,41.331,1548.832
HIST-011,Pump,163,2024-02-10 12:00:00,64.048,2.157,102.407,41.991,1492.6
HIST-011,Pump,164,2024-02-10 18:00:00,67.19,2.066,99.017,40.876,1459.163
HIST-011,Pump,165,2024-02-11 00:00:00,65.241,1.783,96.88,40.294,1321.423
HIST-011,Pump,166,2024-02-11 06:00:00,62.514,1.764,94.601,40.837,1584.785
HIST-011,Pump,167,2024-02-11 12:00:00,64.007,1.958,103.277,40.572,1466.446
HIST-011,Pump,168,2024-02-11 18:00:00,67.043,2.008,102.109,44.375,1579.662
HIST-011,Pump,169,2024-02-12 00:00:00,64.58,2.285,103.505,42.21,1519.916
HIST-011,Pump,170,2024-02-12 06:00:00,63.757,2.513,97.825,40.264,1602.516
HIST-011,Pump,171,2024-02-12 12:00:00,63.744,2.354,102.412,39.436,1554.565
HIST-011,Pump,172,2024-02-12 18:00:00,66.284,2.425,95.492,44.673,1361.945
HIST-011,Pump,173,2024-02-13 00:00:00,68.501,2.12,97.392,42.665,1545.897
HIST-011,Pump,174,2024-02-13 06:00:00,60.718,2.381,100.378,43.022,1476.956
HIST-011,Pump,175,2024-02-13 12:00:00,70.601,2.155,101.99,43.642,1577.041
HIST-011,Pump,176,2024-02-13 18:00:00,65.407,2.068,105.037,43.266,1548.666
HIST-011,Pump,177,2024-02-14 00:00:00,66.16,2.769,99.28,41.81,1532.176
HIST-011,Pump,178,2024-02-14 06:00:00,64.127,1.501,97.403,43.214,1483.674
HIST-011,Pump,179,2024-02-14 12:00:00,64.993,1.638,97.249,40.757,1438.065
HIST-011,Pump,180,2024-02-14 18:00:00,65.385,2.315,97.936,42.735,1475.442
HIST-011,Pump,181,2024-02-15 00:00:00,62.902,2.121,106.663,44.479,1382.858
HIST-011,Pump,182,2024-02-15 06:00:00,63.389,1.769,102.271,38.474,1465.887
HIST-011,Pump,183,2024-02-15 12:00:00,67.369,1.884,103.338,43.511,1401.861
HIST-011,Pump,184,2024-02-15 18:00:00,61.895,1.923,99.283,41.886,1425.768
HIST-011,Pump,185,2024-02-16 00:00:00,65.882,2.468,99.995,41.534,1514.259
HIST-011,Pump,186,2024-02-16 06:00:00,64.259,2.564,102.098,43.584,1575.405
HIST-011,Pump,187,2024-02-16 12:00:00,63.079,2.692,98.483,48.931,1498.586
HIST-011,Pump,188,2024-02-16 18:00:00,68.944,1.723,99.126,45.472,1480.466
HIST-011,Pump,189,2024-02-17 00:00:00,63.091,1.79,97.976,46.519,1424.686
HIST-011,Pump,190,2024-02-17 06:00:00,62.74,1.769,98.658,45.339,1499.443
HIST-011,Pump,191,2024-02-17 12:00:00,64.626,2.587,100.147,44.466,1433.525
HIST-011,Pump,192,2024-02-17 18:00:00,63.463,2.325,97.535,45.011,1502.566
HIST-011,Pump,193,2024-02-18 00:00:00,65.013,2.224,100.858,46.132,1392.569
HIST-011,Pump,194,2024-02-18 06:00:00,65.311,2.269,100.854,46.826,1554.47
HIST-011,Pump,195,2024-02-18 12:00:00,65.469,2.183,99.462,42.1,1457.92
HIST-011,Pump,196,2024-02-18 18:00:00,64.752,1.864,97.518,48.639,1513.747
HIST-011,Pump,197,2024-02-19 00:00:00,63.596,2.354,100.315,49.249,1556.257
HIST-011,Pump,198,2024-02-19 06:00:00,66.287,2.144,98.485,46.223,1545.419
HIST-011,Pump,199,2024-02-19 12:00:00,64.777,1.84,100.14,44.613,1561.35
HIST-011,Pump,200,2024-02-19 18:00:00,64.009,2.372,103.294,48.648,1340.136
HIST-011,Pump,201,2024-02-20 00:00:00,67.96,2.072,96.241,45.532,1482.916
HIST-011,Pump,202,2024-02-20 06:00:00,64.757,2.268,106.52,47.157,1561.637
HIST-011,Pump,203,2024-02-20 12:00:00,67.184,2.163,99.782,44.991,1545.778
HIST-011,Pump,204,2024-02-20 18:00:00,67.454,2.467,101.236,52.294,1633.993
HIST-011,Pump,205,2024-02-21 00:00:00,67.575,2.266,97.742,46.382,1625.143
HIST-011,Pump,206,2024-02-21 06:00:00,66.382,1.935,103.427,48.776,1548.17
HIST-011,Pump,207,2024-02-21 12:00:00,64.999,2.297,99.623,44.248,1470.436
HIST-011,Pump,208,2024-02-21 18:00:00,64.872,2.306,98.818,47.054,1443.988
HIST-011,Pump,209,2024-02-22 00:00:00,64.512,2.353,98.273,48.713,1486.539
HIST-011,Pump,210,2024-02-22 06:00:00,60.666,2.511,99.195,51.113,1462.589
HIST-011,Pump,211,2024-02-22 12:00:00,66.438,2.015,101.255,48.366,1448.473
HIST-011,Pump,212,2024-02-22 18:00:00,65.489,2.4,100.518,50.52,1433.245
HIST-011,Pump,213,2024-02-23 00:00:00,66.651,1.683,99.88,46.616,1532.178
HIST-011,Pump,214,2024-02-23 06:00:00,64.766,2.164,97.866,49.811,1594.214
HIST-011,Pump,215,2024-02-23 12:00:00,66.33,2.118,97.692,50.315,1571.732
HIST-011,Pump,216,2024-02-23 18:00:00,62.245,2.634,98.617,50.18,1456.95
HIST-011,Pump,217,2024-02-24 00:00:00,62.661,2.153,101.381,50.145,1588.354
HIST-011,Pump,218,2024-02-24 06:00:00,60.048,2.382,101.987,52.504,1531.279
HIST-011,Pump,219,2024-02-24 12:00:00,64.731,1.671,102.391,50.541,1525.929
HIST-011,Pump,220,2024-02-24 18:00:00,63.455,2.094,99.996,53.297,1503.019
HIST-011,Pump,221,2024-02-25 00:00:00,63.193,1.946,101.151,49.678,1481.833
HIST-011,Pump,222,2024-02-25 06:00:00,65.669,2.943,99.495,51.618,1532.292
HIST-011,Pump,223,2024-02-25 12:00:00,64.149,2.0,94.773,54.026,1513.081
HIST-011,Pump,224,2024-02-25 18:00:00,62.134,2.222,99.352,48.984,1450.013
HIST-011,Pump,225,2024-02-26 00:00:00,70.09,2.238,98.874,53.684,1464.966
HIST-011,Pump,226,2024-02-26 06:00:00,64.926,1.723,96.883,54.013,1506.872
HIST-011,Pump,227,2024-02-26 12:00:00,62.834,2.042,98.298,55.592,1559.462
HIST-011,Pump,228,2024-02-26 18:00:00,63.66,2.321,100.405,54.009,1497.829
HIST-011,Pump,229,2024-02-27 00:00:00,64.654,2.226,96.6,52.802,1419.971
HIST-011,Pump,230,2024-02-27 06:00:00,64.65,1.51,97.868,53.9,1612.033
HIST-011,Pump,231,2024-02-27 12:00:00,67.604,2.03,104.644,52.066,1558.878
HIST-011,Pump,232,2024-02-27 18:00:00,64.841,2.506,95.192,54.35,1367.942
HIST-011,Pump,233,2024-02-28 00:00:00,68.71,2.376,99.45,52.808,1571.945
HIST-011,Pump,234,2024-02-28 06:00:00,64.135,2.565,96.501,56.42,1513.488
HIST-011,Pump,235,2024-02-28 12:00:00,65.853,1.904,97.745,54.451,1488.208
HIST-011,Pump,236,2024-02-28 18:00:00,67.044,2.584,99.407,54.632,1555.793
HIST-011,Pump,237,2024-02-29 00:00:00,67.39,2.187,97.037,55.547,1602.852
HIST-011,Pump,238,2024-02-29 06:00:00,67.624,2.678,101.722,56.925,1588.03
HIST-011,Pump,239,2024-02-29 12:00:00,64.456,2.201,104.053,58.28,1530.713
HIST-011,Pump,240,2024-02-29 18:00:00,64.989,1.586,102.525,54.015,1408.287
HIST-011,Pump,241,2024-03-01 00:00:00,60.041,2.455,103.074,51.123,1377.5
HIST-011,Pump,242,2024-03-01 06:00:00,64.608,2.067,95.861,56.753,1557.984
HIST-011,Pump,243,2024-03-01 12:00:00,67.183,2.087,99.271,54.229,1597.594
HIST-011,Pump,244,2024-03-01 18:00:00,66.794,1.764,101.402,58.068,1469.38
HIST-011,Pump,245,2024-03-02 00:00:00,64.827,2.687,102.614,57.968,1477.956
HIST-011,Pump,246,2024-03-02 06:00:00,68.398,2.044,105.26,58.639,1450.61
HIST-011,Pump,247,2024-03-02 12:00:00,64.232,2.673,103.207,59.753,1467.35
HIST-011,Pump,248,2024-03-02 18:00:00,63.568,2.071,102.689,59.36,1584.201
HIST-011,Pump,249,2024-03-03 00:00:00,64.064,1.922,107.901,60.205,1516.506
HIST-011,Pump,250,2024-03-03 06:00:00,62.755,2.596,100.289,60.797,1499.467
HIST-011,Pump,251,2024-03-03 12:00:00,66.245,2.178,99.133,60.886,1677.692
HIST-011,Pump,252,2024-03-03 18:00:00,65.577,2.181,100.532,59.071,1404.373
HIST-011,Pump,253,2024-03-04 00:00:00,66.22,1.816,97.255,59.326,1542.877
HIST-011,Pump,254,2024-03-04 06:00:00,64.171,2.063,100.203,63.262,1432.98
HIST-011,Pump,255,2024-03-04 12:00:00,64.884,2.329,94.819,60.528,1513.493
HIST-011,Pump,256,2024-03-04 18:00:00,60.643,1.81,98.411,62.656,1515.651
HIST-011,Pump,257,2024-03-05 00:00:00,65.752,2.038,99.654,59.652,1552.874
HIST-011,Pump,258,2024-03-05 06:00:00,65.198,2.074,102.849,62.484,1490.159
HIST-011,Pump,259,2024-03-05 12:00:00,62.799,2.22,103.333,57.461,1490.18
HIST-011,Pump,260,2024-03-05 18:00:00,64.791,2.644,97.109,60.953,1492.636
HIST-011,Pump,261,2024-03-06 00:00:00,64.484,2.11,106.228,61.086,1437.345
HIST-011,Pump,262,2024-03-06 06:00:00,68.529,1.993,100.445,62.299,1520.526
HIST-012,Compressor,1,2024-01-01 00:00:00,65.87,2.694,98.113,41.352,1508.218
HIST-012,Compressor,2,2024-01-01 06:00:00,64.861,2.024,96.95,41.335,1486.827
HIST-012,Compressor,3,2024-01-01 12:00:00,64.614,2.49,106.167,39.767,1510.829
HIST-012,Compressor,4,2024-01-01 18:00:00,67.351,1.719,96.993,39.344,1498.265
HIST-012,Compressor,5,2024-01-02 00:00:00,67.044,1.886,96.162,38.695,1495.123
HIST-012,Compressor,6,2024-01-02 06:00:00,67.83,2.404,100.644,38.789,1498.634
HIST-012,Compressor,7,2024-01-02 12:00:00,65.745,2.169,100.806,38.624,1538.393
HIST-012,Compressor,8,2024-01-02 18:00:00,67.705,2.361,102.002,40.55,1488.618
HIST-012,Compressor,9,2024-01-03 00:00:00,64.168,2.196,106.004,39.657,1503.398
HIST-012,Compressor,10,2024-01-03 06:00:00,64.598,2.138,97.669,40.647,1511.721
HIST-012,Compressor,11,2024-01-03 12:00:00,67.39,1.996,98.265,40.732,1485.564
HIST-012,Compressor,12,2024-01-03 18:00:00,66.687,1.842,104.826,38.41,1476.086
HIST-012,Compressor,13,2024-01-04 00:00:00,64.419,2.621,102.817,38.365,1490.984
HIST-012,Compressor,14,2024-01-04 06:00:00,62.907,2.67,102.4,39.657,1511.392
HIST-012,Compressor,15,2024-01-04 12:00:00,64.592,1.888,98.23,38.837,1494.87
HIST-012,Compressor,16,2024-01-04 18:00:00,63.63,1.869,103.378,38.679,1496.533
HIST-012,Compressor,17,2024-01-05 00:00:00,68.449,2.096,102.41,42.544,1513.662
HIST-012,Compressor,18,2024-01-05 06:00:00,66.52,2.302,100.569,37.7,1487.905
HIST-012,Compressor,19,2024-01-05 12:00:00,63.468,2.145,98.245,43.035,1498.669
HIST-012,Compressor,20,2024-01-05 18:00:00,62.91,2.35,100.32,40.433,1477.292
HIST-012,Compressor,21,2024-01-06 00:00:00,63.443,2.185,104.945,41.479,1504.811
HIST-012,Compressor,22,2024-01-06 06:00:00,63.882,2.166,96.718,41.302,1503.443
HIST-012,Compressor,23,2024-01-06 12:00:00,64.667,2.924,97.601,40.925,1511.933
HIST-012,Compressor,24,2024-01-06 18:00:00,67.229,2.042,98.117,42.493,1482.821
HIST-012,Compressor,25,2024-01-07 00:00:00,63.067,2.692,98.768,38.376,1497.122
HIST-012,Compressor,26,2024-01-07 06:00:00,69.579,2.634,99.953,39.765,1480.823
HIST-012,Compressor,27,2024-01-07 12:00:00,63.113,2.351,102.876,38.721,1496.308
HIST-012,Compressor,28,2024-01-07 18:00:00,62.182,1.622,101.384,37.456,1522.227
HIST-012,Compressor,29,2024-01-08 00:00:00,68.377,2.209,100.183,39.008,1495.189
HIST-012,Compressor,30,2024-01-08 06:00:00,67.643,2.046,100.831,42.809,1479.511
HIST-012,Compressor,31,2024-01-08 12:00:00,64.635,2.206,101.872,39.74,1489.802
HIST-012,Compressor,32,2024-01-08 18:00:00,65.763,1.881,94.955,42.975,1475.836
HIST-012,Compressor,33,2024-01-09 00:00:00,65.813,2.427,103.215,43.129,1480.563
HIST-012,Compressor,34,2024-01-09 06:00:00,65.273,2.495,97.521,44.493,1510.065
HIST-012,Compressor,35,2024-01-09 12:00:00,62.407,2.551,98.669,42.858,1478.306
HIST-012,Compressor,36,2024-01-09 18:00:00,60.036,2.085,101.021,43.537,1504.685
HIST-012,Compressor,37,2024-01-10 00:00:00,63.311,1.882,99.774,40.488,1500.386
HIST-012,Compressor,38,2024-01-10 06:00:00,68.632,2.306,101.461,40.342,1492.027
HIST-012,Compressor,39,2024-01-10 12:00:00,68.711,2.727,100.425,40.442,1503.41
HIST-012,Compressor,40,2024-01-10 18:00:00,64.476,2.221,99.132,40.0,1485.935
HIST-012,Compressor,41,2024-01-11 00:00:00,63.084,2.336,104.586,40.224,1512.613
HIST-012,Compressor,42,2024-01-11 06:00:00,65.556,2.13,102.124,41.128,1489.525
HIST-012,Compressor,43,2024-01-11 12:00:00,65.878,2.049,100.906,39.301,1494.204
HIST-012,Compressor,44,2024-01-11 18:00:00,66.201,2.397,102.078,37.934,1492.42
HIST-012,Compressor,45,2024-01-12 00:00:00,59.946,2.168,97.884,40.545,1510.342
HIST-012,Compressor,46,2024-01-12 06:00:00,71.316,2.321,106.524,38.961,1508.167
HIST-012,Compressor,47,2024-01-12 12:00:00,67.265,2.352,96.737,39.116,1460.674
HIST-012,Compressor,48,2024-01-12 18:00:00,64.604,2.304,100.34,39.786,1503.814
HIST-012,Compressor,49,2024-01-13 00:00:00,63.563,2.367,99.141,39.442,1473.831
HIST-012,Compressor,50,2024-01-13 06:00:00,66.975,1.944,99.027,41.665,1494.88
HIST-012,Compressor,51,2024-01-13 12:00:00,65.991,1.926,98.637,39.75,1498.377
HIST-012,Compressor,52,2024-01-13 18:00:00,65.184,2.187,97.685,41.741,1494.719
HIST-012,Compressor,53,2024-01-14 00:00:00,65.917,2.194,103.565,40.309,1507.512
HIST-012,Compressor,54,2024-01-14 06:00:00,64.775,2.043,96.386,39.867,1510.801
HIST-012,Compressor,55,2024-01-14 12:00:00,65.804,2.272,102.951,40.237,1488.398
HIST-012,Compressor,56,2024-01-14 18:00:00,66.453,2.472,101.946,38.063,1487.853
HIST-012,Compressor,57,2024-01-15 00:00:00,65.687,2.556,98.857,40.507,1499.46
HIST-012,Compressor,58,2024-01-15 06:00:00,65.582,2.624,101.598,41.274,1476.844
HIST-012,Compressor,59,2024-01-15 12:00:00,67.786,1.806,99.526,41.486,1492.845
HIST-012,Compressor,60,2024-01-15 18:00:00,61.806,1.851,96.697,37.972,1520.221
HIST-012,Compressor,61,2024-01-16 00:00:00,63.404,2.113,96.729,37.722,1477.405
HIST-012,Compressor,62,2024-01-16 06:00:00,65.053,2.224,101.966,39.195,1494.898
HIST-012,Compressor,63,2024-01-16 12:00:00,63.54,2.128,101.811,42.077,1491.115
HIST-012,Compressor,64,2024-01-16 18:00:00,64.208,2.034,100.726,40.331,1530.079
HIST-012,Compressor,65,2024-01-17 00:00:00,67.575,2.109,98.825,38.838,1491.932
HIST-012,Compressor,66,2024-01-17 06:00:00,64.702,2.345,99.429,37.821,1492.803
HIST-012,Compressor,67,2024-01-17 12:00:00,61.342,1.801,99.023,38.974,1484.539
HIST-012,Compressor,68,2024-01-17 18:00:00,64.153,2.903,94.759,38.873,1500.14
HIST-012,Compressor,69,2024-01-18 00:00:00,65.116,2.206,100.184,41.403,1504.053
HIST-012,Compressor,70,2024-01-18 06:00:00,65.079,2.515,101.567,41.519,1486.713
HIST-012,Compressor,71,2024-01-18 12:00:00,66.112,2.026,100.203,38.425,1514.831
HIST-012,Compressor,72,2024-01-18 18:00:00,65.949,2.372,105.307,41.13,1504.066
HIST-012,Compressor,73,2024-01-19 00:00:00,64.722,2.23,96.986,40.976,1512.778
HIST-012,Compressor,74,2024-01-19 06:00:00,62.614,2.457,98.017,38.23,1495.078
HIST-012,Compressor,75,2024-01-19 12:00:00,64.118,2.14,100.399,39.874,1503.648
HIST-012,Compressor,76,2024-01-19 18:00:00,63.754,2.665,100.731,40.511,1496.804
HIST-012,Compressor,77,2024-01-20 00:00:00,64.43,1.752,94.296,40.245,1521.865
HIST-012,Compressor,78,2024-01-20 06:00:00,66.382,2.485,101.808,37.434,1501.744
HIST-012,Compressor,79,2024-01-20 12:00:00,65.808,2.236,100.745,40.197,1500.131
HIST-012,Compressor,80,2024-01-20 18:00:00,66.648,1.895,93.642,40.954,1493.126
HIST-012,Compressor,81,2024-01-21 00:00:00,64.232,2.786,99.65,42.369,1492.261
HIST-012,Compressor,82,2024-01-21 06:00:00,68.017,2.755,97.574,38.997,1503.566
HIST-012,Compressor,83,2024-01-21 12:00:00,66.346,1.578,98.64,39.182,1512.294
HIST-012,Compressor,84,2024-01-21 18:00:00,65.224,2.253,95.986,39.687,1489.732
HIST-012,Compressor,85,2024-01-22 00:00:00,66.207,2.412,101.249,40.437,1501.899
HIST-012,Compressor,86,2024-01-22 06:00:00,63.648,2.333,105.285,40.146,1502.763
HIST-012,Compressor,87,2024-01-22 12:00:00,60.782,2.655,100.795,40.906,1505.375
HIST-012,Compressor,88,2024-01-22 18:00:00,63.787,2.592,93.522,38.312,1474.388
HIST-012,Compressor,89,2024-01-23 00:00:00,66.495,2.28,100.857,40.595,1486.129
HIST-012,Compressor,90,2024-01-23 06:00:00,65.16,2.883,99.416,38.887,1479.512
HIST-012,Compressor,91,2024-01-23 12:00:00,64.726,2.481,96.697,39.785,1500.493
HIST-012,Compressor,92,2024-01-23 18:00:00,63.304,2.095,101.061,42.562,1486.485
HIST-012,Compressor,93,2024-01-24 00:00:00,61.088,2.034,102.639,37.903,1492.556
HIST-012,Compressor,94,2024-01-24 06:00:00,67.85,2.573,97.995,39.581,1482.086
HIST-012,Compressor,95,2024-01-24 12:00:00,64.584,1.962,95.069,38.088,1493.951
HIST-012,Compressor,96,2024-01-24 18:00:00,64.141,2.077,93.965,40.23,1483.138
HIST-012,Compressor,97,2024-01-25 00:00:00,63.657,2.128,98.003,41.572,1511.369
HIST-012,Compressor,98,2024-01-25 06:00:00,67.509,2.307,99.533,40.254,1507.188
HIST-012,Compressor,99,2024-01-25 12:00:00,66.763,2.142,98.452,39.825,1502.253
HIST-012,Compressor,100,2024-01-25 18:00:00,63.066,1.805,97.95,41.993,1495.471
HIST-012,Compressor,101,2024-01-26 00:00:00,67.329,2.549,101.704,40.496,1469.435
HIST-012,Compressor,102,2024-01-26 06:00:00,64.71,2.079,101.388,41.229,1493.127
HIST-012,Compressor,103,2024-01-26 12:00:00,63.779,2.806,100.599,41.073,1488.578
HIST-012,Compressor,104,2024-01-26 18:00:00,64.413,2.291,102.449,35.686,1503.709
HIST-012,Compressor,105,2024-01-27 00:00:00,63.433,2.58,98.031,39.885,1509.296
HIST-012,Compressor,106,2024-01-27 06:00:00,62.358,2.389,96.716,38.383,1504.869
HIST-012,Compressor,107,2024-01-27 12:00:00,66.552,2.595,98.433,38.756,1518.946
HIST-012,Compressor,108,2024-01-27 18:00:00,64.559,2.371,98.226,42.212,1491.475
HIST-012,Compressor,109,2024-01-28 00:00:00,66.234,2.271,93.846,39.438,1490.853
HIST-012,Compressor,110,2024-01-28 06:00:00,65.574,2.528,98.363,42.839,1515.568
HIST-012,Compressor,111,2024-01-28 12:00:00,66.097,2.946,103.315,37.888,1502.493
HIST-012,Compressor,112,2024-01-28 18:00:00,60.908,2.119,102.403,38.374,1496.295
HIST-012,Compressor,113,2024-01-29 00:00:00,63.266,2.438,101.576,41.144,1527.698
HIST-012,Compressor,114,2024-01-29 06:00:00,66.139,2.198,100.395,39.488,1508.666
HIST-012,Compressor,115,2024-01-29 12:00:00,62.45,2.352,104.347,40.461,1482.21
HIST-012,Compressor,116,2024-01-29 18:00:00,65.746,2.213,96.819,39.832,1452.455
HIST-012,Compressor,117,2024-01-30 00:00:00,62.219,1.553,97.106,39.786,1533.016
HIST-012,Compressor,118,2024-01-30 06:00:00,65.033,2.14,103.373,39.544,1490.39
HIST-012,Compressor,119,2024-01-30 12:00:00,68.22,2.5,100.083,40.269,1474.506
HIST-012,Compressor,120,2024-01-30 18:00:00,66.549,1.97,97.986,40.962,1487.14
HIST-012,Compressor,121,2024-01-31 00:00:00,61.299,2.476,101.656,42.422,1529.314
HIST-012,Compressor,122,2024-01-31 06:00:00,66.697,2.255,98.685,39.696,1475.159
HIST-012,Compressor,123,2024-01-31 12:00:00,68.644,2.143,97.487,39.41,1482.835
HIST-012,Compressor,124,2024-01-31 18:00:00,70.594,2.472,97.404,39.216,1533.661
HIST-012,Compressor,125,2024-02-01 00:00:00,65.95,2.404,100.965,42.205,1503.34
HIST-012,Compressor,126,2024-02-01 06:00:00,62.271,2.326,100.617,41.035,1517.689
HIST-012,Compressor,127,2024-02-01 12:00:00,65.869,2.505,104.55,37.151,1516.375
HIST-012,Compressor,128,2024-02-01 18:00:00,68.192,2.261,99.13,37.085,1481.461
HIST-012,Compressor,129,2024-02-02 00:00:00,64.626,1.707,99.079,38.755,1509.33
HIST-012,Compressor,130,2024-02-02 06:00:00,67.086,2.087,104.319,40.345,1521.567
HIST-012,Compressor,131,2024-02-02 12:00:00,63.321,1.861,102.957,39.95,1537.704
HIST-012,Compressor,132,2024-02-02 18:00:00,65.745,2.397,100.435,40.772,1526.028
HIST-012,Compressor,133,2024-02-03 00:00:00,60.021,2.469,95.317,39.737,1483.172
HIST-012,Compressor,134,2024-02-03 06:00:00,63.099,2.483,97.564,42.096,1475.521
HIST-012,Compressor,135,2024-02-03 12:00:00,64.988,2.347,96.838,41.158,1508.479
HIST-012,Compressor,136,2024-02-03 18:00:00,64.273,2.49,100.109,40.116,1540.862
HIST-012,Compressor,137,2024-02-04 00:00:00,62.399,1.727,98.475,41.718,1555.79
HIST-012,Compressor,138,2024-02-04 06:00:00,64.001,2.168,104.809,37.527,1480.708
HIST-012,Compressor,139,2024-02-04 12:00:00,65.659,1.776,95.286,39.872,1509.023
HIST-012,Compressor,140,2024-02-04 18:00:00,64.828,2.093,96.516,40.206,1535.273
HIST-012,Compressor,141,2024-02-05 00:00:00,65.122,2.685,100.734,40.903,1505.632
HIST-012,Compressor,142,2024-02-05 06:00:00,66.464,2.528,101.564,37.427,1508.039
HIST-012,Compressor,143,2024-02-05 12:00:00,64.314,2.399,92.239,39.609,1518.28
HIST-012,Compressor,144,2024-02-05 18:00:00,67.718,2.146,94.794,40.601,1464.446
HIST-012,Compressor,145,2024-02-06 00:00:00,63.021,1.902,99.209,40.716,1471.628
HIST-012,Compressor,146,2024-02-06 06:00:00,68.856,2.256,104.068,41.779,1469.316
HIST-012,Compressor,147,2024-02-06 12:00:00,67.226,2.533,105.663,41.142,1446.8
HIST-012,Compressor,148,2024-02-06 18:00:00,64.288,2.323,98.757,39.909,1524.379
HIST-012,Compressor,149,2024-02-07 00:00:00,64.421,1.724,99.488,41.012,1473.267
HIST-012,Compressor,150,2024-02-07 06:00:00,65.413,2.231,97.489,39.698,1504.946
HIST-012,Compressor,151,2024-02-07 12:00:00,66.197,1.626,101.9,40.22,1517.336
HIST-012,Compressor,152,2024-02-07 18:00:00,67.189,2.441,104.586,41.192,1560.754
HIST-012,Compressor,153,2024-02-08 00:00:00,62.319,1.992,103.768,39.932,1533.338
HIST-012,Compressor,154,2024-02-08 06:00:00,65.875,1.833,99.913,40.543,1472.387
HIST-012,Compressor,155,2024-02-08 12:00:00,60.767,2.445,97.484,41.442,1432.822
HIST-012,Compressor,156,2024-02-08 18:00:00,64.645,2.368,100.025,41.068,1523.987
HIST-012,Compressor,157,2024-02-09 00:00:00,67.908,2.27,104.142,41.85,1554.462
HIST-012,Compressor,158,2024-02-09 06:00:00,62.165,2.858,98.798,43.493,1550.474
HIST-012,Compressor,159,2024-02-09 12:00:00,61.802,2.39,94.554,41.054,1512.932
HIST-012,Compressor,160,2024-02-09 18:00:00,65.442,2.007,98.92,39.308,1416.626
HIST-012,Compressor,161,2024-02-10 00:00:00,67.775,3.834,99.163,40.768,1506.049
HIST-012,Compressor,162,2024-02-10 06:00:00,65.651,3.548,94.536,40.703,1518.867
HIST-012,Compressor,163,2024-02-10 12:00:00,61.191,2.58,100.696,40.92,1522.685
HIST-012,Compressor,164,2024-02-10 18:00:00,61.634,4.114,101.518,42.243,1552.712
HIST-012,Compressor,165,2024-02-11 00:00:00,65.195,2.314,105.58,37.474,1540.565
HIST-012,Compressor,166,2024-02-11 06:00:00,62.642,1.767,96.003,42.271,1474.452
HIST-012,Compressor,167,2024-02-11 12:00:00,65.273,4.11,102.192,42.776,1480.014
HIST-012,Compressor,168,2024-02-11 18:00:00,65.392,2.183,102.901,40.852,1514.373
HIST-012,Compressor,169,2024-02-12 00:00:00,64.02,5.124,101.559,40.888,1493.435
HIST-012,Compressor,170,2024-02-12 06:00:00,68.63,4.566,96.98,39.638,1574.766
HIST-012,Compressor,171,2024-02-12 12:00:00,66.181,2.331,96.805,40.009,1432.458
HIST-012,Compressor,172,2024-02-12 18:00:00,67.423,2.199,100.292,41.047,1528.549
HIST-012,Compressor,173,2024-02-13 00:00:00,66.841,1.776,100.271,40.95,1529.161
HIST-012,Compressor,174,2024-02-13 06:00:00,64.7,2.118,98.322,41.081,1479.237
HIST-012,Compressor,175,2024-02-13 12:00:00,64.611,2.06,103.875,40.94,1463.62
HIST-012,Compressor,176,2024-02-13 18:00:00,64.405,2.258,98.798,41.348,1429.351
HIST-012,Compressor,177,2024-02-14 00:00:00,66.362,2.226,94.319,41.18,1482.065
HIST-012,Compressor,178,2024-02-14 06:00:00,63.699,2.077,99.328,38.463,1479.238
HIST-012,Compressor,179,2024-02-14 12:00:00,68.45,2.065,101.441,41.248,1530.378
HIST-012,Compressor,180,2024-02-14 18:00:00,63.508,5.913,101.026,42.788,1489.084
HIST-012,Compressor,181,2024-02-15 00:00:00,65.429,2.489,101.003,39.96,1485.146
HIST-012,Compressor,182,2024-02-15 06:00:00,64.542,2.284,104.482,42.249,1446.624
HIST-012,Compressor,183,2024-02-15 12:00:00,64.098,6.109,96.656,38.624,1524.456
HIST-012,Compressor,184,2024-02-15 18:00:00,69.345,2.54,98.729,39.955,1441.161
HIST-012,Compressor,185,2024-02-16 00:00:00,64.122,2.649,104.635,39.038,1546.981
HIST-012,Compressor,186,2024-02-16 06:00:00,64.391,6.774,94.098,42.069,1504.164
HIST-012,Compressor,187,2024-02-16 12:00:00,63.672,2.669,99.839,42.461,1436.068
HIST-012,Compressor,188,2024-02-16 18:00:00,65.082,1.854,103.687,39.851,1477.732
HIST-012,Compressor,189,2024-02-17 00:00:00,64.797,2.394,103.642,41.757,1458.611
HIST-012,Compressor,190,2024-02-17 06:00:00,62.761,2.565,101.98,42.476,1493.45
HIST-012,Compressor,191,2024-02-17 12:00:00,64.151,2.62,102.056,39.951,1514.906
HIST-012,Compressor,192,2024-02-17 18:00:00,66.219,1.969,96.877,40.195,1466.829
HIST-012,Compressor,193,2024-02-18 00:00:00,67.054,2.397,104.12,41.1,1476.096
HIST-012,Compressor,194,2024-02-18 06:00:00,65.048,2.223,96.4,38.736,1481.592
HIST-012,Compressor,195,2024-02-18 12:00:00,65.118,2.754,96.579,40.165,1526.384
HIST-012,Compressor,196,2024-02-18 18:00:00,64.278,1.784,101.164,43.214,1509.825
HIST-012,Compressor,197,2024-02-19 00:00:00,63.995,1.969,98.521,39.25,1499.014
HIST-012,Compressor,198,2024-02-19 06:00:00,63.161,1.657,100.62,41.281,1484.789
HIST-012,Compressor,199,2024-02-19 12:00:00,61.887,4.82,101.292,40.786,1447.149
HIST-012,Compressor,200,2024-02-19 18:00:00,63.595,9.307,105.334,39.754,1476.214
HIST-012,Compressor,201,2024-02-20 00:00:00,66.808,7.117,101.301,40.332,1524.755
HIST-012,Compressor,202,2024-02-20 06:00:00,64.151,2.23,98.144,42.629,1480.897
HIST-012,Compressor,203,2024-02-20 12:00:00,64.308,8.611,102.029,40.83,1516.882
HIST-012,Compressor,204,2024-02-20 18:00:00,64.269,2.165,97.505,41.065,1517.946
HIST-012,Compressor,205,2024-02-21 00:00:00,67.489,2.31,102.739,42.401,1470.803
HIST-012,Compressor,206,2024-02-21 06:00:00,63.143,2.318,100.194,39.566,1540.24
HIST-012,Compressor,207,2024-02-21 12:00:00,65.554,1.946,101.202,38.43,1499.486
HIST-012,Compressor,208,2024-02-21 18:00:00,64.863,5.683,94.658,42.653,1552.339
HIST-012,Compressor,209,2024-02-22 00:00:00,65.136,2.423,93.248,40.205,1501.21
HIST-012,Compressor,210,2024-02-22 06:00:00,65.489,2.479,95.496,41.34,1546.388
HIST-012,Compressor,211,2024-02-22 12:00:00,65.114,5.902,105.237,38.857,1533.683
HIST-012,Compressor,212,2024-02-22 18:00:00,66.586,2.301,96.556,40.583,1504.923
HIST-012,Compressor,213,2024-02-23 00:00:00,64.941,2.307,102.197,38.355,1484.747
HIST-012,Compressor,214,2024-02-23 06:00:00,68.489,8.254,98.074,40.096,1495.478
HIST-012,Compressor,215,2024-02-23 12:00:00,65.089,2.022,99.28,39.028,1521.15
HIST-012,Compressor,216,2024-02-23 18:00:00,61.593,6.566,99.866,38.684,1492.131
HIST-012,Compressor,217,2024-02-24 00:00:00,66.277,8.875,104.931,39.545,1449.612
HIST-012,Compressor,218,2024-02-24 06:00:00,65.784,5.802,101.754,36.56,1513.458
HIST-012,Compressor,219,2024-02-24 12:00:00,65.065,2.322,101.155,38.26,1480.996
HIST-012,Compressor,220,2024-02-24 18:00:00,64.481,2.515,103.89,41.174,1514.215
HIST-012,Compressor,221,2024-02-25 00:00:00,60.771,1.987,98.1,40.521,1474.37
HIST-012,Compressor,222,2024-02-25 06:00:00,61.106,2.331,103.205,38.389,1531.25
HIST-013,Motor,1,2024-01-01 00:00:00,66.955,2.472,103.544,43.161,1512.36
HIST-013,Motor,2,2024-01-01 06:00:00,64.83,2.43,97.794,38.047,1485.11
HIST-013,Motor,3,2024-01-01 12:00:00,64.669,2.496,101.382,37.683,1500.81
HIST-013,Motor,4,2024-01-01 18:00:00,68.566,2.741,99.981,39.877,1509.842
HIST-013,Motor,5,2024-01-02 00:00:00,64.419,2.317,96.975,39.613,1487.471
HIST-013,Motor,6,2024-01-02 06:00:00,66.497,2.53,99.109,41.646,1511.804
HIST-013,Motor,7,2024-01-02 12:00:00,64.237,2.348,96.207,40.969,1492.42
HIST-013,Motor,8,2024-01-02 18:00:00,61.276,1.63,103.489,40.044,1491.29
HIST-013,Motor,9,2024-01-03 00:00:00,62.545,2.154,104.657,40.751,1510.6
HIST-013,Motor,10,2024-01-03 06:00:00,65.812,1.94,98.768,40.723,1487.46
HIST-013,Motor,11,2024-01-03 12:00:00,66.402,2.269,98.053,43.155,1486.697
HIST-013,Motor,12,2024-01-03 18:00:00,65.818,1.963,103.164,40.38,1515.617
HIST-013,Motor,13,2024-01-04 00:00:00,67.292,2.382,103.648,38.978,1501.628
HIST-013,Motor,14,2024-01-04 06:00:00,65.783,2.494,96.657,40.298,1478.188
HIST-013,Motor,15,2024-01-04 12:00:00,63.45,2.561,99.556,36.072,1512.835
HIST-013,Motor,16,2024-01-04 18:00:00,66.189,2.686,99.823,39.951,1493.901
HIST-013,Motor,17,2024-01-05 00:00:00,65.339,1.697,97.688,41.639,1478.955
HIST-013,Motor,18,2024-01-05 06:00:00,63.849,1.84,101.158,40.903,1462.39
HIST-013,Motor,19,2024-01-05 12:00:00,65.945,3.078,97.9,40.448,1513.551
HIST-013,Motor,20,2024-01-05 18:00:00,65.159,2.503,98.379,40.974,1487.101
HIST-013,Motor,21,2024-01-06 00:00:00,63.79,2.267,99.696,41.655,1481.342
HIST-013,Motor,22,2024-01-06 06:00:00,64.644,2.21,95.533,42.138,1509.591
HIST-013,Motor,23,2024-01-06 12:00:00,67.827,2.183,93.831,40.671,1512.087
HIST-013,Motor,24,2024-01-06 18:00:00,67.762,1.62,102.755,39.526,1488.193
HIST-013,Motor,25,2024-01-07 00:00:00,65.376,1.968,97.779,36.53,1513.69
HIST-013,Motor,26,2024-01-07 06:00:00,65.115,2.166,106.405,41.467,1530.823
HIST-013,Motor,27,2024-01-07 12:00:00,62.134,1.985,105.916,40.773,1520.2
HIST-013,Motor,28,2024-01-07 18:00:00,68.439,2.024,98.481,40.229,1517.866
HIST-013,Motor,29,2024-01-08 00:00:00,67.073,2.968,107.017,38.968,1504.712
HIST-013,Motor,30,2024-01-08 06:00:00,66.504,2.125,102.813,41.448,1493.344
HIST-013,Motor,31,2024-01-08 12:00:00,60.451,2.283,98.064,39.614,1499.162
HIST-013,Motor,32,2024-01-08 18:00:00,65.082,2.273,92.254,39.948,1506.611
HIST-013,Motor,33,2024-01-09 00:00:00,64.746,2.377,102.064,39.916,1481.137
HIST-013,Motor,34,2024-01-09 06:00:00,66.366,2.057,100.094,40.675,1488.459
HIST-013,Motor,35,2024-01-09 12:00:00,64.098,2.574,101.294,38.277,1478.584
HIST-013,Motor,36,2024-01-09 18:00:00,64.537,2.333,99.313,40.844,1503.528
HIST-013,Motor,37,2024-01-10 00:00:00,66.239,1.814,96.568,38.919,1501.246
HIST-013,Motor,38,2024-01-10 06:00:00,63.453,2.168,98.719,38.971,1490.209
HIST-013,Motor,39,2024-01-10 12:00:00,63.852,2.148,102.12,41.328,1512.307
HIST-013,Motor,40,2024-01-10 18:00:00,65.387,2.135,98.937,38.507,1484.331
HIST-013,Motor,41,2024-01-11 00:00:00,67.677,2.353,98.919,41.325,1489.652
HIST-013,Motor,42,2024-01-11 06:00:00,66.617,2.39,95.442,40.152,1511.708
HIST-013,Motor,43,2024-01-11 12:00:00,67.151,2.355,100.274,37.528,1513.932
HIST-013,Motor,44,2024-01-11 18:00:00,65.127,2.302,96.664,42.047,1488.064
HIST-013,Motor,45,2024-01-12 00:00:00,67.99,2.226,102.756,40.465,1503.481
HIST-013,Motor,46,2024-01-12 06:00:00,61.518,1.555,97.798,40.591,1488.318
HIST-013,Motor,47,2024-01-12 12:00:00,69.044,2.433,99.113,41.511,1497.04
HIST-013,Motor,48,2024-01-12 18:00:00,69.304,2.347,106.492,42.249,1502.158
HIST-013,Motor,49,2024-01-13 00:00:00,65.913,1.905,99.08,40.302,1508.405
HIST-013,Motor,50,2024-01-13 06:00:00,66.665,2.284,98.678,40.926,1504.763
HIST-013,Motor,51,2024-01-13 12:00:00,64.924,2.394,101.757,40.557,1504.097
HIST-013,Motor,52,2024-01-13 18:00:00,64.581,2.551,94.644,39.486,1483.823
HIST-013,Motor,53,2024-01-14 00:00:00,63.778,2.353,103.752,37.625,1505.824
HIST-013,Motor,54,2024-01-14 06:00:00,64.902,2.296,102.982,40.322,1508.266
HIST-013,Motor,55,2024-01-14 12:00:00,66.112,2.484,101.573,42.068,1510.334
HIST-013,Motor,56,2024-01-14 18:00:00,65.84,2.108,89.869,40.875,1489.207
HIST-013,Motor,57,2024-01-15 00:00:00,68.973,2.324,99.222,38.399,1513.734
HIST-013,Motor,58,2024-01-15 06:00:00,65.201,2.014,96.181,41.646,1480.241
HIST-013,Motor,59,2024-01-15 12:00:00,62.022,2.533,103.372,39.536,1493.538
HIST-013,Motor,60,2024-01-15 18:00:00,68.289,1.717,103.158,36.862,1495.867
HIST-013,Motor,61,2024-01-16 00:00:00,62.558,2.445,101.164,41.527,1481.064
HIST-013,Motor,62,2024-01-16 06:00:00,63.881,2.205,96.391,38.582,1495.639
HIST-013,Motor,63,2024-01-16 12:00:00,65.543,2.49,104.483,42.671,1503.322
HIST-013,Motor,64,2024-01-16 18:00:00,65.834,1.966,99.213,41.722,1472.613
HIST-013,Motor,65,2024-01-17 00:00:00,62.109,2.227,105.416,39.658,1494.08
HIST-013,Motor,66,2024-01-17 06:00:00,63.507,2.218,100.796,40.689,1473.774
HIST-013,Motor,67,2024-01-17 12:00:00,62.038,2.33,101.52,43.636,1530.623
HIST-013,Motor,68,2024-01-17 18:00:00,66.243,1.886,98.619,41.5,1503.187
HIST-013,Motor,69,2024-01-18 00:00:00,67.367,2.391,104.221,40.357,1501.887
HIST-013,Motor,70,2024-01-18 06:00:00,62.556,1.646,101.825,44.334,1503.481
HIST-013,Motor,71,2024-01-18 12:00:00,66.991,2.0,104.329,40.176,1509.068
HIST-013,Motor,72,2024-01-18 18:00:00,66.862,1.731,100.533,40.873,1514.672
HIST-013,Motor,73,2024-01-19 00:00:00,63.682,2.448,99.859,38.596,1476.547
HIST-013,Motor,74,2024-01-19 06:00:00,61.035,2.32,101.785,37.488,1519.653
HIST-013,Motor,75,2024-01-19 12:00:00,62.857,2.337,104.328,39.568,1518.687
HIST-013,Motor,76,2024-01-19 18:00:00,63.809,2.642,103.05,40.058,1499.005
HIST-013,Motor,77,2024-01-20 00:00:00,68.083,2.105,100.415,40.494,1498.219
HIST-013,Motor,78,2024-01-20 06:00:00,64.763,2.383,94.428,37.87,1453.459
HIST-013,Motor,79,2024-01-20 12:00:00,62.986,2.22,102.431,40.991,1481.34
HIST-013,Motor,80,2024-01-20 18:00:00,65.296,2.174,95.684,38.754,1507.783
HIST-013,Motor,81,2024-01-21 00:00:00,62.409,2.592,100.105,40.913,1518.009
HIST-013,Motor,82,2024-01-21 06:00:00,66.029,2.825,99.653,41.402,1510.933
HIST-013,Motor,83,2024-01-21 12:00:00,63.045,2.071,95.747,39.407,1498.864
HIST-013,Motor,84,2024-01-21 18:00:00,63.335,2.45,101.118,38.554,1528.888
HIST-013,Motor,85,2024-01-22 00:00:00,65.751,2.296,106.463,42.315,1515.078
HIST-013,Motor,86,2024-01-22 06:00:00,68.5,2.299,99.062,41.309,1494.093
HIST-013,Motor,87,2024-01-22 12:00:00,69.396,2.274,102.298,40.228,1532.732
HIST-013,Motor,88,2024-01-22 18:00:00,62.92,2.1,107.067,42.203,1483.557
HIST-013,Motor,89,2024-01-23 00:00:00,63.807,1.125,102.588,40.125,1477.922
HIST-013,Motor,90,2024-01-23 06:00:00,66.031,2.66,98.065,39.069,1493.683
HIST-013,Motor,91,2024-01-23 12:00:00,67.338,1.992,100.711,38.497,1488.62
HIST-013,Motor,92,2024-01-23 18:00:00,60.672,2.128,101.442,39.838,1494.526
HIST-013,Motor,93,2024-01-24 00:00:00,65.175,2.134,104.301,41.158,1511.971
HIST-013,Motor,94,2024-01-24 06:00:00,64.026,1.965,103.642,42.085,1499.49
HIST-013,Motor,95,2024-01-24 12:00:00,61.152,2.272,91.69,40.035,1499.876
HIST-013,Motor,96,2024-01-24 18:00:00,62.326,2.187,97.431,41.82,1500.882
HIST-013,Motor,97,2024-01-25 00:00:00,63.864,1.985,99.79,39.679,1465.315
HIST-013,Motor,98,2024-01-25 06:00:00,65.118,2.245,96.954,38.828,1477.271
HIST-013,Motor,99,2024-01-25 12:00:00,67.016,2.19,88.9,38.041,1494.22
HIST-013,Motor,100,2024-01-25 18:00:00,65.709,2.478,97.823,39.241,1487.356
HIST-013,Motor,101,2024-01-26 00:00:00,66.895,1.798,99.989,38.097,1496.523
HIST-013,Motor,102,2024-01-26 06:00:00,65.053,1.958,98.424,43.014,1521.062
HIST-013,Motor,103,2024-01-26 12:00:00,63.59,2.418,97.009,40.659,1498.883
HIST-013,Motor,104,2024-01-26 18:00:00,64.633,2.008,100.124,39.857,1480.167
HIST-013,Motor,105,2024-01-27 00:00:00,66.175,2.325,101.029,42.583,1488.104
HIST-013,Motor,106,2024-01-27 06:00:00,66.679,2.046,98.594,38.047,1525.659
HIST-013,Motor,107,2024-01-27 12:00:00,64.22,2.03,104.115,39.794,1522.987
HIST-013,Motor,108,2024-01-27 18:00:00,62.841,2.363,100.173,43.0,1508.938
HIST-013,Motor,109,2024-01-28 00:00:00,67.158,2.474,97.385,39.784,1476.563
HIST-013,Motor,110,2024-01-28 06:00:00,66.749,1.907,96.626,43.67,1504.602
HIST-013,Motor,111,2024-01-28 12:00:00,67.489,2.478,99.361,41.178,1505.755
HIST-013,Motor,112,2024-01-28 18:00:00,64.811,2.712,103.34,41.959,1500.383
HIST-013,Motor,113,2024-01-29 00:00:00,62.869,1.557,97.529,42.002,1491.45
HIST-013,Motor,114,2024-01-29 06:00:00,68.186,1.748,101.788,40.002,1494.561
HIST-013,Motor,115,2024-01-29 12:00:00,65.899,2.907,100.284,39.268,1490.404
HIST-013,Motor,116,2024-01-29 18:00:00,66.679,2.813,105.98,39.827,1482.824
HIST-013,Motor,117,2024-01-30 00:00:00,69.225,1.621,101.171,38.52,1520.49
HIST-013,Motor,118,2024-01-30 06:00:00,63.639,2.588,97.905,39.901,1513.235
HIST-013,Motor,119,2024-01-30 12:00:00,71.307,3.09,102.209,39.993,1495.726
HIST-013,Motor,120,2024-01-30 18:00:00,64.571,1.91,102.31,42.534,1505.283
HIST-013,Motor,121,2024-01-31 00:00:00,67.855,3.006,98.809,40.89,1505.846
HIST-013,Motor,122,2024-01-31 06:00:00,66.316,2.84,96.508,43.544,1535.143
HIST-013,Motor,123,2024-01-31 12:00:00,68.374,2.954,101.608,36.761,1513.089
HIST-013,Motor,124,2024-01-31 18:00:00,65.683,2.458,100.191,38.174,1512.522
HIST-013,Motor,125,2024-02-01 00:00:00,67.999,3.118,95.45,39.467,1500.57
HIST-013,Motor,126,2024-02-01 06:00:00,66.717,3.101,100.764,42.239,1493.484
HIST-013,Motor,127,2024-02-01 12:00:00,66.822,3.188,98.089,39.836,1520.741
HIST-013,Motor,128,2024-02-01 18:00:00,70.635,3.297,95.453,37.798,1509.784
HIST-013,Motor,129,2024-02-02 00:00:00,68.347,3.028,98.944,39.632,1487.557
HIST-013,Motor,130,2024-02-02 06:00:00,67.681,3.544,103.849,38.204,1506.808
HIST-013,Motor,131,2024-02-02 12:00:00,66.107,3.331,103.624,37.91,1512.561
HIST-013,Motor,132,2024-02-02 18:00:00,72.336,3.096,102.84,42.998,1468.563
HIST-013,Motor,133,2024-02-03 00:00:00,67.345,2.637,100.808,39.473,1486.164
HIST-013,Motor,134,2024-02-03 06:00:00,74.237,2.505,101.787,40.26,1505.441
HIST-013,Motor,135,2024-02-03 12:00:00,69.742,2.606,100.296,39.861,1471.133
HIST-013,Motor,136,2024-02-03 18:00:00,70.182,2.815,96.685,39.623,1473.508
HIST-013,Motor,137,2024-02-04 00:00:00,71.266,3.673,97.283,38.739,1495.943
HIST-013,Motor,138,2024-02-04 06:00:00,74.68,3.354,98.178,39.534,1507.373
HIST-013,Motor,139,2024-02-04 12:00:00,64.622,2.972,104.204,40.506,1508.067
HIST-013,Motor,140,2024-02-04 18:00:00,69.47,3.063,103.23,42.128,1523.736
HIST-013,Motor,141,2024-02-05 00:00:00,69.496,3.129,96.76,41.421,1501.234
HIST-013,Motor,142,2024-02-05 06:00:00,70.642,3.604,100.16,38.171,1494.41
HIST-013,Motor,143,2024-02-05 12:00:00,71.394,3.005,98.792,41.483,1480.39
HIST-013,Motor,144,2024-02-05 18:00:00,72.217,3.671,99.535,40.713,1494.231
HIST-013,Motor,145,2024-02-06 00:00:00,71.955,3.629,98.392,39.063,1510.613
HIST-013,Motor,146,2024-02-06 06:00:00,71.173,3.443,104.217,40.273,1511.291
HIST-013,Motor,147,2024-02-06 12:00:00,68.203,3.959,99.943,40.858,1503.969
HIST-013,Motor,148,2024-02-06 18:00:00,73.702,3.418,100.648,40.071,1508.207
HIST-013,Motor,149,2024-02-07 00:00:00,73.685,3.557,100.673,40.72,1519.146
HIST-013,Motor,150,2024-02-07 06:00:00,70.234,4.014,96.917,38.706,1501.129
HIST-013,Motor,151,2024-02-07 12:00:00,76.546,3.78,100.326,42.989,1520.51
HIST-013,Motor,152,2024-02-07 18:00:00,74.94,4.077,103.187,37.106,1489.1
HIST-013,Motor,153,2024-02-08 00:00:00,74.689,3.65,104.418,40.867,1498.901
HIST-013,Motor,154,2024-02-08 06:00:00,75.29,4.019,96.557,40.55,1492.788
HIST-013,Motor,155,2024-02-08 12:00:00,73.24,4.881,95.444,40.964,1511.891
HIST-013,Motor,156,2024-02-08 18:00:00,76.084,3.64,100.186,38.937,1484.783
HIST-013,Motor,157,2024-02-09 00:00:00,77.027,4.501,103.328,41.754,1495.174
HIST-013,Motor,158,2024-02-09 06:00:00,75.817,3.764,101.079,39.838,1472.105
HIST-013,Motor,159,2024-02-09 12:00:00,73.124,5.115,102.041,38.221,1508.916
HIST-013,Motor,160,2024-02-09 18:00:00,74.906,4.665,95.919,38.358,1518.702
HIST-013,Motor,161,2024-02-10 00:00:00,76.106,4.172,98.284,40.187,1513.661
HIST-013,Motor,162,2024-02-10 06:00:00,78.126,4.177,93.412,37.605,1512.189
HIST-013,Motor,163,2024-02-10 12:00:00,76.297,3.925,99.573,42.701,1512.591
HIST-013,Motor,164,2024-02-10 18:00:00,76.426,4.754,93.507,41.573,1510.495
HIST-013,Motor,165,2024-02-11 00:00:00,81.598,4.395,103.998,42.74,1509.216
HIST-013,Motor,166,2024-02-11 06:00:00,75.637,4.225,104.664,42.582,1510.184
HIST-013,Motor,167,2024-02-11 12:00:00,76.04,4.637,100.422,39.472,1490.165
HIST-013,Motor,168,2024-02-11 18:00:00,75.826,4.996,95.462,38.696,1496.997
HIST-013,Motor,169,2024-02-12 00:00:00,76.703,4.98,101.127,35.983,1501.054
HIST-013,Motor,170,2024-02-12 06:00:00,81.084,4.779,105.577,39.391,1494.964
HIST-013,Motor,171,2024-02-12 12:00:00,81.422,5.507,101.427,42.648,1476.505
HIST-013,Motor,172,2024-02-12 18:00:00,78.257,4.675,103.555,38.758,1481.475
HIST-013,Motor,173,2024-02-13 00:00:00,81.227,5.298,98.545,39.685,1503.45
HIST-013,Motor,174,2024-02-13 06:00:00,79.862,5.443,97.386,39.168,1513.587
HIST-013,Motor,175,2024-02-13 12:00:00,79.03,5.316,99.787,40.562,1500.14
HIST-013,Motor,176,2024-02-13 18:00:00,85.773,6.013,94.22,41.929,1541.472
HIST-013,Motor,177,2024-02-14 00:00:00,83.207,5.295,106.792,37.691,1486.204
HIST-013,Motor,178,2024-02-14 06:00:00,83.02,5.47,100.419,37.978,1506.674
HIST-013,Motor,179,2024-02-14 12:00:00,77.913,5.235,102.6,42.23,1519.368
HIST-013,Motor,180,2024-02-14 18:00:00,83.13,5.056,98.615,41.1,1515.985
HIST-013,Motor,181,2024-02-15 00:00:00,79.945,5.634,95.371,39.611,1509.826
HIST-013,Motor,182,2024-02-15 06:00:00,83.359,5.796,104.277,42.561,1516.054
HIST-013,Motor,183,2024-02-15 12:00:00,84.1,5.691,96.628,37.952,1500.831
HIST-013,Motor,184,2024-02-15 18:00:00,83.729,5.577,101.047,41.397,1524.943
HIST-013,Motor,185,2024-02-16 00:00:00,80.717,6.34,101.329,39.898,1519.247
HIST-013,Motor,186,2024-02-16 06:00:00,86.815,6.626,100.222,40.91,1487.217
HIST-013,Motor,187,2024-02-16 12:00:00,84.863,5.731,97.646,36.419,1504.824
HIST-013,Motor,188,2024-02-16 18:00:00,85.772,6.218,99.551,39.609,1476.791
HIST-013,Motor,189,2024-02-17 00:00:00,82.938,6.469,97.15,41.105,1522.827
HIST-013,Motor,190,2024-02-17 06:00:00,82.725,6.245,102.428,39.905,1503.363
HIST-013,Motor,191,2024-02-17 12:00:00,85.178,6.509,101.715,41.883,1520.232
HIST-013,Motor,192,2024-02-17 18:00:00,86.474,6.504,99.936,41.833,1498.36
HIST-013,Motor,193,2024-02-18 00:00:00,88.222,6.974,98.295,38.562,1472.156
HIST-014,Turbine,1,2024-01-01 00:00:00,64.488,2.18,104.701,42.049,1502.353
HIST-014,Turbine,2,2024-01-01 06:00:00,65.861,2.285,96.988,41.86,1502.637
HIST-014,Turbine,3,2024-01-01 12:00:00,64.574,2.538,100.443,37.929,1509.32
HIST-014,Turbine,4,2024-01-01 18:00:00,61.753,1.83,100.468,39.666,1511.116
HIST-014,Turbine,5,2024-01-02 00:00:00,64.591,1.948,101.972,39.976,1468.704
HIST-014,Turbine,6,2024-01-02 06:00:00,66.507,2.133,103.552,40.917,1494.737
HIST-014,Turbine,7,2024-01-02 12:00:00,66.204,2.591,98.788,39.664,1493.178
HIST-014,Turbine,8,2024-01-02 18:00:00,64.413,2.536,103.036,39.852,1497.578
HIST-014,Turbine,9,2024-01-03 00:00:00,62.086,2.446,103.991,39.308,1511.562
HIST-014,Turbine,10,2024-01-03 06:00:00,66.289,2.188,105.352,41.573,1473.149
HIST-014,Turbine,11,2024-01-03 12:00:00,65.839,2.569,101.506,37.835,1479.763
HIST-014,Turbine,12,2024-01-03 18:00:00,66.687,2.184,100.472,39.359,1489.774
HIST-014,Turbine,13,2024-01-04 00:00:00,64.452,2.403,98.576,37.234,1502.315
HIST-014,Turbine,14,2024-01-04 06:00:00,61.631,2.504,95.623,38.456,1512.482
HIST-014,Turbine,15,2024-01-04 12:00:00,66.068,2.739,99.166,40.476,1524.47
HIST-014,Turbine,16,2024-01-04 18:00:00,64.982,2.213,100.337,40.504,1495.705
HIST-014,Turbine,17,2024-01-05 00:00:00,67.783,2.121,99.672,39.53,1512.457
HIST-014,Turbine,18,2024-01-05 06:00:00,65.057,2.619,101.793,41.686,1510.652
HIST-014,Turbine,19,2024-01-05 12:00:00,64.909,2.642,95.637,42.031,1508.125
HIST-014,Turbine,20,2024-01-05 18:00:00,65.835,2.067,99.454,39.896,1499.636
HIST-014,Turbine,21,2024-01-06 00:00:00,63.806,1.898,105.984,40.376,1494.007
HIST-014,Turbine,22,2024-01-06 06:00:00,63.71,2.596,102.987,39.321,1484.019
HIST-014,Turbine,23,2024-01-06 12:00:00,64.804,1.737,101.849,40.94,1483.026
HIST-014,Turbine,24,2024-01-06 18:00:00,63.159,1.722,101.172,38.209,1505.206
HIST-014,Turbine,25,2024-01-07 00:00:00,64.542,2.15,98.904,42.694,1499.184
HIST-014,Turbine,26,2024-01-07 06:00:00,68.879,2.231,94.738,41.71,1493.767
HIST-014,Turbine,27,2024-01-07 12:00:00,67.085,1.882,101.371,38.202,1509.972
HIST-014,Turbine,28,2024-01-07 18:00:00,65.616,2.267,92.655,38.816,1496.993
HIST-014,Turbine,29,2024-01-08 00:00:00,68.103,2.28,99.023,40.632,1486.302
HIST-014,Turbine,30,2024-01-08 06:00:00,63.35,2.056,99.989,39.493,1496.003
HIST-014,Turbine,31,2024-01-08 12:00:00,69.981,2.81,98.658,40.817,1512.309
HIST-014,Turbine,32,2024-01-08 18:00:00,64.079,2.329,106.514,39.461,1484.647
HIST-014,Turbine,33,2024-01-09 00:00:00,69.008,2.539,105.473,42.287,1503.139
HIST-014,Turbine,34,2024-01-09 06:00:00,68.999,1.763,103.098,40.012,1499.169
HIST-014,Turbine,35,2024-01-09 12:00:00,61.494,1.761,97.224,43.631,1488.588
HIST-014,Turbine,36,2024-01-09 18:00:00,67.934,2.338,105.764,40.904,1495.6
HIST-014,Turbine,37,2024-01-10 00:00:00,64.432,2.756,101.857,37.976,1476.425
HIST-014,Turbine,38,2024-01-10 06:00:00,63.864,1.897,97.174,43.13,1501.645
HIST-014,Turbine,39,2024-01-10 12:00:00,66.049,2.243,100.098,41.648,1479.529
HIST-014,Turbine,40,2024-01-10 18:00:00,62.984,1.829,102.876,40.57,1516.087
HIST-014,Turbine,41,2024-01-11 00:00:00,66.004,1.984,98.203,40.97,1498.62
HIST-014,Turbine,42,2024-01-11 06:00:00,63.118,2.258,100.422,38.216,1491.423
HIST-014,Turbine,43,2024-01-11 12:00:00,65.354,2.052,100.949,37.293,1517.408
HIST-014,Turbine,44,2024-01-11 18:00:00,67.671,1.808,96.697,39.937,1484.522
HIST-014,Turbine,45,2024-01-12 00:00:00,65.773,1.802,99.19,42.068,1488.785
HIST-014,Turbine,46,2024-01-12 06:00:00,64.28,1.634,96.924,40.594,1472.561
HIST-014,Turbine,47,2024-01-12 12:00:00,66.083,2.343,102.606,42.564,1519.643
HIST-014,Turbine,48,2024-01-12 18:00:00,62.187,2.379,97.276,41.982,1528.093
HIST-014,Turbine,49,2024-01-13 00:00:00,63.322,2.378,100.875,40.031,1474.896
HIST-014,Turbine,50,2024-01-13 06:00:00,64.139,1.927,95.83,41.776,1487.763
HIST-014,Turbine,51,2024-01-13 12:00:00,66.574,2.502,96.6,42.284,1501.047
HIST-014,Turbine,52,2024-01-13 18:00:00,65.812,2.412,96.454,39.88,1492.265
HIST-014,Turbine,53,2024-01-14 00:00:00,66.07,2.202,99.131,39.679,1499.53
HIST-014,Turbine,54,2024-01-14 06:00:00,64.945,2.153,100.541,40.211,1498.236
HIST-014,Turbine,55,2024-01-14 12:00:00,63.424,2.005,101.094,36.382,1506.113
HIST-014,Turbine,56,2024-01-14 18:00:00,67.976,2.258,94.683,40.421,1485.586
HIST-014,Turbine,57,2024-01-15 00:00:00,63.604,2.685,99.494,41.081,1502.89
HIST-014,Turbine,58,2024-01-15 06:00:00,65.838,2.541,97.748,40.217,1483.258
HIST-014,Turbine,59,2024-01-15 12:00:00,64.776,2.123,101.603,40.517,1493.822
HIST-014,Turbine,60,2024-01-15 18:00:00,66.126,2.362,99.197,39.935,1473.949
HIST-014,Turbine,61,2024-01-16 00:00:00,63.789,1.87,99.758,37.004,1493.932
HIST-014,Turbine,62,2024-01-16 06:00:00,67.105,2.419,97.765,42.494,1491.409
HIST-014,Turbine,63,2024-01-16 12:00:00,67.757,1.951,105.174,39.448,1514.154
HIST-014,Turbine,64,2024-01-16 18:00:00,66.983,2.407,96.149,39.073,1499.111
HIST-014,Turbine,65,2024-01-17 00:00:00,65.315,3.091,98.801,42.037,1501.838
HIST-014,Turbine,66,2024-01-17 06:00:00,64.13,2.029,100.323,41.468,1499.663
HIST-014,Turbine,67,2024-01-17 12:00:00,70.644,3.077,99.246,40.41,1468.063
HIST-014,Turbine,68,2024-01-17 18:00:00,63.017,2.347,97.708,41.154,1470.046
HIST-014,Turbine,69,2024-01-18 00:00:00,66.762,1.975,94.565,38.268,1495.22
HIST-014,Turbine,70,2024-01-18 06:00:00,65.666,1.961,97.925,39.879,1504.178
HIST-014,Turbine,71,2024-01-18 12:00:00,64.875,2.909,97.122,41.942,1496.477
HIST-014,Turbine,72,2024-01-18 18:00:00,65.37,2.348,105.038,38.984,1487.039
HIST-014,Turbine,73,2024-01-19 00:00:00,63.98,2.03,106.794,38.503,1496.395
HIST-014,Turbine,74,2024-01-19 06:00:00,65.854,2.139,99.848,40.118,1495.094
HIST-014,Turbine,75,2024-01-19 12:00:00,65.634,2.329,95.786,40.153,1511.685
HIST-014,Turbine,76,2024-01-19 18:00:00,70.355,2.197,102.214,40.971,1510.845
HIST-014,Turbine,77,2024-01-20 00:00:00,67.142,2.304,97.057,37.933,1491.699
HIST-014,Turbine,78,2024-01-20 06:00:00,66.032,2.732,98.352,36.176,1499.251
HIST-014,Turbine,79,2024-01-20 12:00:00,66.151,1.862,98.113,41.382,1504.143
HIST-014,Turbine,80,2024-01-20 18:00:00,68.679,2.393,98.498,38.376,1506.37
HIST-014,Turbine,81,2024-01-21 00:00:00,63.059,2.178,98.936,39.085,1524.789
HIST-014,Turbine,82,2024-01-21 06:00:00,64.635,2.05,96.059,36.725,1499.578
HIST-014,Turbine,83,2024-01-21 12:00:00,61.186,2.522,97.894,41.534,1517.531
HIST-014,Turbine,84,2024-01-21 18:00:00,66.118,1.762,103.06,40.526,1482.599
HIST-014,Turbine,85,2024-01-22 00:00:00,66.696,1.49,99.899,40.465,1490.435
HIST-014,Turbine,86,2024-01-22 06:00:00,63.009,2.267,100.376,40.455,1467.963
HIST-014,Turbine,87,2024-01-22 12:00:00,67.87,2.159,93.303,36.91,1502.27
HIST-014,Turbine,88,2024-01-22 18:00:00,63.562,1.794,102.843,38.522,1509.713
HIST-014,Turbine,89,2024-01-23 00:00:00,64.315,1.687,97.943,39.322,1461.669
HIST-014,Turbine,90,2024-01-23 06:00:00,65.239,2.779,103.372,38.877,1502.824
HIST-014,Turbine,91,2024-01-23 12:00:00,68.188,2.339,100.463,39.593,1509.063
HIST-014,Turbine,92,2024-01-23 18:00:00,63.284,2.206,98.314,40.369,1508.209
HIST-014,Turbine,93,2024-01-24 00:00:00,65.582,2.859,94.967,41.51,1482.062
HIST-014,Turbine,94,2024-01-24 06:00:00,66.55,2.507,106.525,37.78,1511.597
HIST-014,Turbine,95,2024-01-24 12:00:00,66.137,2.731,102.41,39.987,1500.14
HIST-014,Turbine,96,2024-01-24 18:00:00,66.211,1.846,102.589,41.067,1508.866
HIST-014,Turbine,97,2024-01-25 00:00:00,66.523,1.835,105.456,38.614,1498.112
HIST-014,Turbine,98,2024-01-25 06:00:00,63.891,2.385,100.672,39.711,1505.716
HIST-014,Turbine,99,2024-01-25 12:00:00,68.376,2.324,104.057,40.7,1516.639
HIST-014,Turbine,100,2024-01-25 18:00:00,64.778,2.575,98.564,40.017,1496.94
HIST-014,Turbine,101,2024-01-26 00:00:00,64.512,1.711,102.213,41.011,1504.262
HIST-014,Turbine,102,2024-01-26 06:00:00,67.695,2.411,98.11,40.142,1518.747
HIST-014,Turbine,103,2024-01-26 12:00:00,63.739,2.497,98.488,39.532,1498.002
HIST-014,Turbine,104,2024-01-26 18:00:00,65.641,2.481,100.291,38.241,1483.119
HIST-014,Turbine,105,2024-01-27 00:00:00,63.554,2.078,96.198,40.371,1510.141
HIST-014,Turbine,106,2024-01-27 06:00:00,70.038,2.356,100.988,40.15,1521.523
HIST-014,Turbine,107,2024-01-27 12:00:00,69.617,1.967,99.064,38.511,1519.332
HIST-014,Turbine,108,2024-01-27 18:00:00,64.78,2.112,94.037,40.873,1510.725
HIST-014,Turbine,109,2024-01-28 00:00:00,66.04,1.887,98.627,41.902,1464.838
HIST-014,Turbine,110,2024-01-28 06:00:00,65.01,1.972,98.965,39.01,1490.463
HIST-014,Turbine,111,2024-01-28 12:00:00,64.303,2.128,102.559,38.909,1491.231
HIST-014,Turbine,112,2024-01-28 18:00:00,65.239,2.053,100.856,38.854,1500.673
HIST-014,Turbine,113,2024-01-29 00:00:00,64.919,1.972,104.342,37.482,1525.324
HIST-014,Turbine,114,2024-01-29 06:00:00,61.959,1.81,101.56,43.007,1483.792
HIST-014,Turbine,115,2024-01-29 12:00:00,65.526,2.788,98.338,39.327,1533.633
HIST-014,Turbine,116,2024-01-29 18:00:00,64.915,2.05,99.825,38.712,1494.265
HIST-014,Turbine,117,2024-01-30 00:00:00,65.624,2.299,98.956,38.31,1488.496
HIST-014,Turbine,118,2024-01-30 06:00:00,64.845,1.672,101.464,39.418,1512.678
HIST-014,Turbine,119,2024-01-30 12:00:00,64.279,2.607,100.179,38.957,1513.865
HIST-014,Turbine,120,2024-01-30 18:00:00,66.75,2.25,98.114,42.157,1509.749
HIST-014,Turbine,121,2024-01-31 00:00:00,66.872,1.813,100.026,38.127,1488.458
HIST-014,Turbine,122,2024-01-31 06:00:00,68.406,2.065,101.384,37.692,1507.53
HIST-014,Turbine,123,2024-01-31 12:00:00,65.741,2.468,96.981,40.828,1484.497
HIST-014,Turbine,124,2024-01-31 18:00:00,64.638,1.043,100.951,39.839,1488.041
HIST-014,Turbine,125,2024-02-01 00:00:00,67.425,1.86,95.264,39.666,1498.577
HIST-014,Turbine,126,2024-02-01 06:00:00,60.391,2.174,103.317,40.839,1487.701
HIST-014,Turbine,127,2024-02-01 12:00:00,68.582,2.135,101.582,40.205,1515.791
HIST-014,Turbine,128,2024-02-01 18:00:00,65.708,2.938,104.888,39.93,1491.327
HIST-014,Turbine,129,2024-02-02 00:00:00,70.715,2.32,96.65,37.892,1496.693
HIST-014,Turbine,130,2024-02-02 06:00:00,63.228,2.873,103.4,37.498,1486.797
HIST-014,Turbine,131,2024-02-02 12:00:00,63.525,2.76,102.807,38.949,1515.564
HIST-014,Turbine,132,2024-02-02 18:00:00,66.773,2.277,99.453,38.373,1490.008
HIST-014,Turbine,133,2024-02-03 00:00:00,66.032,2.047,98.87,40.404,1517.13
HIST-014,Turbine,134,2024-02-03 06:00:00,64.736,1.94,96.745,37.302,1516.028
HIST-014,Turbine,135,2024-02-03 12:00:00,66.033,2.524,95.963,39.329,1493.311
HIST-014,Turbine,136,2024-02-03 18:00:00,65.89,2.906,97.746,39.74,1500.445
HIST-014,Turbine,137,2024-02-04 00:00:00,64.606,2.83,96.233,39.941,1492.894
HIST-014,Turbine,138,2024-02-04 06:00:00,68.364,2.461,104.787,40.598,1508.186
HIST-014,Turbine,139,2024-02-04 12:00:00,65.568,3.064,95.494,39.51,1497.083
HIST-014,Turbine,140,2024-02-04 18:00:00,64.371,2.859,100.447,38.999,1493.738
HIST-014,Turbine,141,2024-02-05 00:00:00,66.385,1.984,101.307,41.867,1500.693
HIST-014,Turbine,142,2024-02-05 06:00:00,69.466,2.541,101.072,39.52,1476.267
HIST-014,Turbine,143,2024-02-05 12:00:00,72.243,2.929,101.336,42.129,1498.862
HIST-014,Turbine,144,2024-02-05 18:00:00,71.601,2.551,102.839,39.512,1509.744
HIST-014,Turbine,145,2024-02-06 00:00:00,72.247,3.196,98.662,39.976,1502.071
HIST-014,Turbine,146,2024-02-06 06:00:00,71.86,2.504,100.263,39.792,1514.275
HIST-014,Turbine,147,2024-02-06 12:00:00,69.813,2.331,99.119,40.347,1494.341
HIST-014,Turbine,148,2024-02-06 18:00:00,75.907,2.3,103.908,39.37,1493.111
HIST-014,Turbine,149,2024-02-07 00:00:00,69.506,2.905,106.3,40.144,1483.24
HIST-014,Turbine,150,2024-02-07 06:00:00,69.64,2.4,96.418,42.296,1493.914
HIST-014,Turbine,151,2024-02-07 12:00:00,70.543,2.159,93.907,41.573,1529.488
HIST-014,Turbine,152,2024-02-07 18:00:00,71.879,2.077,101.707,41.584,1504.133
HIST-014,Turbine,153,2024-02-08 00:00:00,70.273,2.035,103.211,37.987,1491.217
HIST-014,Turbine,154,2024-02-08 06:00:00,74.312,2.639,105.871,38.23,1484.908
HIST-014,Turbine,155,2024-02-08 12:00:00,72.646,2.416,102.214,40.327,1476.022
HIST-014,Turbine,156,2024-02-08 18:00:00,74.526,2.917,104.187,41.156,1487.544
HIST-014,Turbine,157,2024-02-09 00:00:00,74.521,2.877,104.98,39.221,1511.388
HIST-014,Turbine,158,2024-02-09 06:00:00,76.46,2.582,104.394,38.954,1493.595
HIST-014,Turbine,159,2024-02-09 12:00:00,74.055,2.46,102.643,42.091,1485.627
HIST-014,Turbine,160,2024-02-09 18:00:00,75.275,2.687,96.153,41.029,1487.277
HIST-014,Turbine,161,2024-02-10 00:00:00,72.443,2.15,99.975,41.587,1509.742
HIST-014,Turbine,162,2024-02-10 06:00:00,73.323,2.766,100.9,39.338,1498.781
HIST-014,Turbine,163,2024-02-10 12:00:00,79.431,3.111,99.701,39.22,1490.592
HIST-014,Turbine,164,2024-02-10 18:00:00,72.987,3.121,99.886,41.423,1495.374
HIST-014,Turbine,165,2024-02-11 00:00:00,76.827,3.037,104.702,39.606,1533.088
HIST-014,Turbine,166,2024-02-11 06:00:00,75.226,3.286,97.73,39.084,1518.294
HIST-014,Turbine,167,2024-02-11 12:00:00,79.257,2.9,102.397,38.63,1522.029
HIST-014,Turbine,168,2024-02-11 18:00:00,74.627,2.892,100.949,39.233,1473.718
HIST-014,Turbine,169,2024-02-12 00:00:00,78.647,3.352,97.427,41.313,1497.733
HIST-014,Turbine,170,2024-02-12 06:00:00,77.546,3.433,96.77,37.736,1490.328
HIST-014,Turbine,171,2024-02-12 12:00:00,76.52,2.993,94.896,40.944,1508.158
HIST-014,Turbine,172,2024-02-12 18:00:00,77.471,3.071,101.457,38.938,1515.897
HIST-014,Turbine,173,2024-02-13 00:00:00,81.084,3.093,99.81,39.685,1504.896
HIST-014,Turbine,174,2024-02-13 06:00:00,79.883,2.58,97.523,39.781,1486.913
HIST-014,Turbine,175,2024-02-13 12:00:00,79.145,3.166,94.372,39.669,1490.085
HIST-014,Turbine,176,2024-02-13 18:00:00,76.889,2.711,101.298,39.569,1509.309
HIST-014,Turbine,177,2024-02-14 00:00:00,78.965,3.398,99.479,39.333,1510.801
HIST-014,Turbine,178,2024-02-14 06:00:00,82.703,2.972,97.859,39.143,1502.114
HIST-014,Turbine,179,2024-02-14 12:00:00,78.422,2.767,97.108,41.98,1501.947
HIST-014,Turbine,180,2024-02-14 18:00:00,81.664,3.4,99.284,40.038,1500.752
HIST-014,Turbine,181,2024-02-15 00:00:00,87.464,3.849,101.41,39.811,1504.036
HIST-014,Turbine,182,2024-02-15 06:00:00,84.85,3.213,99.01,39.033,1510.739
HIST-014,Turbine,183,2024-02-15 12:00:00,84.3,3.015,96.434,39.388,1509.452
HIST-014,Turbine,184,2024-02-15 18:00:00,82.243,3.572,99.826,39.038,1500.354
HIST-014,Turbine,185,2024-02-16 00:00:00,81.048,3.274,103.137,41.148,1499.264
HIST-014,Turbine,186,2024-02-16 06:00:00,87.096,3.676,100.121,38.87,1498.691
HIST-014,Turbine,187,2024-02-16 12:00:00,85.649,2.972,100.205,36.631,1488.295
HIST-014,Turbine,188,2024-02-16 18:00:00,89.1,3.331,99.023,40.087,1488.105
HIST-014,Turbine,189,2024-02-17 00:00:00,87.921,4.651,97.331,39.581,1508.159
HIST-014,Turbine,190,2024-02-17 06:00:00,94.069,3.53,97.231,39.121,1489.307
HIST-014,Turbine,191,2024-02-17 12:00:00,87.462,3.712,95.014,41.367,1512.209
HIST-014,Turbine,192,2024-02-17 18:00:00,90.08,3.155,103.544,35.9,1499.23
HIST-014,Turbine,193,2024-02-18 00:00:00,85.48,3.311,101.387,42.364,1512.294
HIST-014,Turbine,194,2024-02-18 06:00:00,90.369,3.816,100.247,41.582,1509.554
HIST-014,Turbine,195,2024-02-18 12:00:00,88.815,3.672,100.887,39.058,1512.644
HIST-014,Turbine,196,2024-02-18 18:00:00,89.095,3.946,101.019,39.324,1492.855
HIST-014,Turbine,197,2024-02-19 00:00:00,88.343,3.84,97.796,40.757,1506.133
HIST-014,Turbine,198,2024-02-19 06:00:00,91.984,3.536,99.024,40.797,1511.068
HIST-014,Turbine,199,2024-02-19 12:00:00,92.965,4.227,98.577,39.049,1476.73
HIST-014,Turbine,200,2024-02-19 18:00:00,87.535,3.616,107.534,37.575,1525.525
HIST-014,Turbine,201,2024-02-20 00:00:00,91.989,3.841,103.061,43.171,1533.989
HIST-014,Turbine,202,2024-02-20 06:00:00,95.758,4.043,100.504,41.434,1514.209
HIST-015,Conveyor,1,2024-01-01 00:00:00,63.112,2.055,98.563,38.914,1498.754
HIST-015,Conveyor,2,2024-01-01 06:00:00,61.253,2.087,96.608,41.985,1479.632
HIST-015,Conveyor,3,2024-01-01 12:00:00,66.111,1.922,101.167,38.549,1498.171
HIST-015,Conveyor,4,2024-01-01 18:00:00,63.741,2.462,104.894,38.593,1495.763
HIST-015,Conveyor,5,2024-01-02 00:00:00,62.845,1.786,98.79,38.318,1492.632
HIST-015,Conveyor,6,2024-01-02 06:00:00,66.77,2.335,102.551,44.13,1505.156
HIST-015,Conveyor,7,2024-01-02 12:00:00,64.71,2.392,97.489,39.787,1481.783
HIST-015,Conveyor,8,2024-01-02 18:00:00,62.473,2.295,100.064,40.795,1501.961
HIST-015,Conveyor,9,2024-01-03 00:00:00,68.87,2.346,96.514,38.289,1509.773
HIST-015,Conveyor,10,2024-01-03 06:00:00,61.779,2.485,100.032,41.439,1521.296
HIST-015,Conveyor,11,2024-01-03 12:00:00,64.827,2.216,99.651,37.34,1504.656
HIST-015,Conveyor,12,2024-01-03 18:00:00,61.221,2.096,101.824,38.531,1515.647
HIST-015,Conveyor,13,2024-01-04 00:00:00,65.541,2.346,105.334,38.903,1493.342
HIST-015,Conveyor,14,2024-01-04 06:00:00,63.718,2.38,98.833,40.328,1495.436
HIST-015,Conveyor,15,2024-01-04 12:00:00,66.639,2.467,94.001,38.81,1520.218
HIST-015,Conveyor,16,2024-01-04 18:00:00,64.965,1.686,99.394,42.286,1479.426
HIST-015,Conveyor,17,2024-01-05 00:00:00,67.701,2.145,100.898,40.755,1493.953
HIST-015,Conveyor,18,2024-01-05 06:00:00,64.141,1.88,100.606,38.966,1516.927
HIST-015,Conveyor,19,2024-01-05 12:00:00,61.791,2.368,99.528,41.496,1496.833
HIST-015,Conveyor,20,2024-01-05 18:00:00,65.475,2.418,104.463,39.41,1495.716
HIST-015,Conveyor,21,2024-01-06 00:00:00,64.495,2.118,100.409,39.114,1496.02
HIST-015,Conveyor,22,2024-01-06 06:00:00,61.361,1.981,99.686,41.344,1501.757
HIST-015,Conveyor,23,2024-01-06 12:00:00,62.889,2.379,97.667,36.321,1516.291
HIST-015,Conveyor,24,2024-01-06 18:00:00,63.526,2.16,94.76,41.102,1513.863
HIST-015,Conveyor,25,2024-01-07 00:00:00,68.111,2.628,100.988,38.93,1500.172
HIST-015,Conveyor,26,2024-01-07 06:00:00,66.415,2.732,100.736,38.928,1516.386
HIST-015,Conveyor,27,2024-01-07 12:00:00,64.305,2.5,96.822,42.937,1505.127
HIST-015,Conveyor,28,2024-01-07 18:00:00,65.942,2.27,99.867,39.203,1512.887
HIST-015,Conveyor,29,2024-01-08 00:00:00,60.921,2.748,99.568,41.434,1484.574
HIST-015,Conveyor,30,2024-01-08 06:00:00,63.87,2.272,98.126,40.419,1526.078
HIST-015,Conveyor,31,2024-01-08 12:00:00,65.802,2.056,97.62,40.574,1503.303
HIST-015,Conveyor,32,2024-01-08 18:00:00,65.331,1.997,101.215,39.624,1458.775
HIST-015,Conveyor,33,2024-01-09 00:00:00,63.921,1.989,99.323,39.546,1524.893
HIST-015,Conveyor,34,2024-01-09 06:00:00,64.923,2.198,98.227,42.292,1500.076
HIST-015,Conveyor,35,2024-01-09 12:00:00,65.676,2.339,97.415,41.396,1494.068
HIST-015,Conveyor,36,2024-01-09 18:00:00,64.981,1.775,99.61,39.25,1490.915
HIST-015,Conveyor,37,2024-01-10 00:00:00,66.722,2.065,102.773,38.431,1506.593
HIST-015,Conveyor,38,2024-01-10 06:00:00,65.637,2.264,100.62,39.123,1486.674
HIST-015,Conveyor,39,2024-01-10 12:00:00,66.022,2.393,99.289,41.472,1491.346
HIST-015,Conveyor,40,2024-01-10 18:00:00,68.427,2.192,100.925,41.768,1491.707
HIST-015,Conveyor,41,2024-01-11 00:00:00,66.655,2.273,104.093,40.832,1495.616
HIST-015,Conveyor,42,2024-01-11 06:00:00,68.482,1.828,101.471,37.575,1492.272
HIST-015,Conveyor,43,2024-01-11 12:00:00,63.656,1.926,100.781,41.131,1512.792
HIST-015,Conveyor,44,2024-01-11 18:00:00,61.815,2.182,101.916,41.955,1504.066
HIST-015,Conveyor,45,2024-01-12 00:00:00,64.719,2.353,99.526,40.26,1505.896
HIST-015,Conveyor,46,2024-01-12 06:00:00,64.549,2.269,100.552,42.97,1509.159
HIST-015,Conveyor,47,2024-01-12 12:00:00,67.919,1.945,98.533,38.019,1498.604
HIST-015,Conveyor,48,2024-01-12 18:00:00,62.74,2.129,95.348,41.027,1484.695
HIST-015,Conveyor,49,2024-01-13 00:00:00,64.842,2.654,101.029,38.47,1527.078
HIST-015,Conveyor,50,2024-01-13 06:00:00,65.81,2.363,101.04,41.588,1513.913
HIST-015,Conveyor,51,2024-01-13 12:00:00,65.2,2.151,99.137,40.919,1524.192
HIST-015,Conveyor,52,2024-01-13 18:00:00,64.657,1.892,103.107,42.702,1515.518
HIST-015,Conveyor,53,2024-01-14 00:00:00,65.717,1.986,97.835,40.75,1493.094
HIST-015,Conveyor,54,2024-01-14 06:00:00,67.158,2.202,94.686,39.394,1464.78
HIST-015,Conveyor,55,2024-01-14 12:00:00,68.071,2.283,97.909,39.263,1481.564
HIST-015,Conveyor,56,2024-01-14 18:00:00,65.066,2.37,95.377,39.625,1509.548
HIST-015,Conveyor,57,2024-01-15 00:00:00,63.368,2.316,101.014,39.234,1498.474
HIST-015,Conveyor,58,2024-01-15 06:00:00,68.069,2.089,97.744,42.021,1493.702
HIST-015,Conveyor,59,2024-01-15 12:00:00,62.845,2.047,102.954,41.913,1462.567
HIST-015,Conveyor,60,2024-01-15 18:00:00,68.581,2.814,102.891,37.755,1499.803
HIST-015,Conveyor,61,2024-01-16 00:00:00,67.688,2.033,97.225,40.058,1483.773
HIST-015,Conveyor,62,2024-01-16 06:00:00,67.979,1.812,97.576,40.094,1489.134
HIST-015,Conveyor,63,2024-01-16 12:00:00,66.371,1.708,101.603,38.828,1512.752
HIST-015,Conveyor,64,2024-01-16 18:00:00,60.775,2.094,102.94,40.657,1484.563
HIST-015,Conveyor,65,2024-01-17 00:00:00,62.922,2.482,93.962,42.191,1485.995
HIST-015,Conveyor,66,2024-01-17 06:00:00,65.614,2.027,100.845,41.338,1502.784
HIST-015,Conveyor,67,2024-01-17 12:00:00,63.649,2.643,93.407,42.021,1513.085
HIST-015,Conveyor,68,2024-01-17 18:00:00,64.369,2.198,98.354,38.922,1493.959
HIST-015,Conveyor,69,2024-01-18 00:00:00,66.226,2.533,103.281,40.055,1522.008
HIST-015,Conveyor,70,2024-01-18 06:00:00,64.66,1.973,109.029,38.852,1480.82
HIST-015,Conveyor,71,2024-01-18 12:00:00,62.562,1.977,99.284,40.359,1478.189
HIST-015,Conveyor,72,2024-01-18 18:00:00,66.771,2.227,96.259,40.494,1476.911
HIST-015,Conveyor,73,2024-01-19 00:00:00,66.03,2.345,98.46,41.44,1475.217
HIST-015,Conveyor,74,2024-01-19 06:00:00,64.502,2.146,100.198,41.97,1505.048
HIST-015,Conveyor,75,2024-01-19 12:00:00,66.423,2.288,97.989,41.033,1485.333
HIST-015,Conveyor,76,2024-01-19 18:00:00,65.19,2.377,97.226,38.71,1478.847
HIST-015,Conveyor,77,2024-01-20 00:00:00,67.663,1.774,98.719,37.972,1505.697
HIST-015,Conveyor,78,2024-01-20 06:00:00,65.302,2.098,101.187,40.78,1512.359
HIST-015,Conveyor,79,2024-01-20 12:00:00,67.648,2.044,99.492,42.251,1515.763
HIST-015,Conveyor,80,2024-01-20 18:00:00,61.253,2.059,97.355,39.963,1513.129
HIST-015,Conveyor,81,2024-01-21 00:00:00,65.918,2.322,97.99,37.709,1486.228
HIST-015,Conveyor,82,2024-01-21 06:00:00,64.204,2.049,98.758,43.127,1504.141
HIST-015,Conveyor,83,2024-01-21 12:00:00,63.282,1.598,97.002,40.734,1507.453
HIST-015,Conveyor,84,2024-01-21 18:00:00,67.317,2.129,97.879,40.257,1492.877
HIST-015,Conveyor,85,2024-01-22 00:00:00,66.778,1.881,101.931,38.248,1502.471
HIST-015,Conveyor,86,2024-01-22 06:00:00,60.987,2.349,99.309,40.024,1481.226
HIST-015,Conveyor,87,2024-01-22 12:00:00,66.431,2.442,94.74,41.03,1490.586
HIST-015,Conveyor,88,2024-01-22 18:00:00,66.188,1.548,103.075,40.755,1505.577
HIST-015,Conveyor,89,2024-01-23 00:00:00,63.554,1.968,101.25,38.98,1522.613
HIST-015,Conveyor,90,2024-01-23 06:00:00,63.329,2.306,95.851,39.914,1517.272
HIST-015,Conveyor,91,2024-01-23 12:00:00,61.819,1.777,98.904,39.076,1509.913
HIST-015,Conveyor,92,2024-01-23 18:00:00,64.325,2.435,97.624,42.496,1501.196
HIST-015,Conveyor,93,2024-01-24 00:00:00,64.645,2.515,102.031,41.342,1498.872
HIST-015,Conveyor,94,2024-01-24 06:00:00,66.594,2.151,98.885,39.213,1478.286
HIST-015,Conveyor,95,2024-01-24 12:00:00,65.539,1.968,99.782,38.247,1487.467
HIST-015,Conveyor,96,2024-01-24 18:00:00,62.88,1.507,99.432,40.417,1487.957
HIST-015,Conveyor,97,2024-01-25 00:00:00,65.478,2.444,95.56,39.261,1508.621
HIST-015,Conveyor,98,2024-01-25 06:00:00,64.492,2.801,104.216,39.373,1514.174
HIST-015,Conveyor,99,2024-01-25 12:00:00,63.13,2.739,101.987,38.297,1511.049
HIST-015,Conveyor,100,2024-01-25 18:00:00,61.821,2.142,97.758,38.483,1517.74
HIST-015,Conveyor,101,2024-01-26 00:00:00,66.25,1.872,100.576,40.244,1501.084
HIST-015,Conveyor,102,2024-01-26 06:00:00,65.893,2.451,102.922,39.6,1485.256
HIST-015,Conveyor,103,2024-01-26 12:00:00,66.114,2.162,100.167,43.745,1499.251
HIST-015,Conveyor,104,2024-01-26 18:00:00,63.544,2.343,104.67,40.891,1489.127
HIST-015,Conveyor,105,2024-01-27 00:00:00,65.342,2.291,108.754,38.272,1509.868
HIST-015,Conveyor,106,2024-01-27 06:00:00,62.249,2.228,99.622,37.697,1494.614
HIST-015,Conveyor,107,2024-01-27 12:00:00,63.027,2.509,98.252,40.597,1498.522
HIST-015,Conveyor,108,2024-01-27 18:00:00,65.067,2.52,97.032,39.405,1510.404
HIST-015,Conveyor,109,2024-01-28 00:00:00,65.525,2.043,93.359,41.997,1488.884
HIST-015,Conveyor,110,2024-01-28 06:00:00,61.742,1.923,103.744,40.423,1514.46
HIST-015,Conveyor,111,2024-01-28 12:00:00,62.885,1.45,98.94,37.026,1479.786
HIST-015,Conveyor,112,2024-01-28 18:00:00,64.269,2.096,102.626,38.471,1504.598
HIST-015,Conveyor,113,2024-01-29 00:00:00,66.917,1.872,103.229,38.987,1498.637
HIST-015,Conveyor,114,2024-01-29 06:00:00,63.374,2.326,96.757,40.663,1512.41
HIST-015,Conveyor,115,2024-01-29 12:00:00,65.281,2.099,97.208,38.421,1479.384
HIST-015,Conveyor,116,2024-01-29 18:00:00,65.491,2.132,105.234,40.229,1477.038
HIST-015,Conveyor,117,2024-01-30 00:00:00,64.501,2.444,99.79,37.996,1511.251
HIST-015,Conveyor,118,2024-01-30 06:00:00,65.536,2.319,98.019,40.009,1494.136
HIST-015,Conveyor,119,2024-01-30 12:00:00,62.31,2.165,96.864,40.555,1498.638
HIST-015,Conveyor,120,2024-01-30 18:00:00,63.688,2.706,99.576,42.192,1490.104
HIST-015,Conveyor,121,2024-01-31 00:00:00,67.869,2.421,104.524,40.368,1513.692
HIST-015,Conveyor,122,2024-01-31 06:00:00,68.01,2.075,102.056,38.775,1504.488
HIST-015,Conveyor,123,2024-01-31 12:00:00,66.686,2.089,100.545,42.24,1503.61
HIST-015,Conveyor,124,2024-01-31 18:00:00,67.201,2.437,104.766,39.725,1482.456
HIST-015,Conveyor,125,2024-02-01 00:00:00,61.348,2.261,104.187,41.16,1507.523
HIST-015,Conveyor,126,2024-02-01 06:00:00,63.103,1.98,101.037,39.081,1485.117
HIST-015,Conveyor,127,2024-02-01 12:00:00,64.378,2.545,106.658,40.136,1490.122
HIST-015,Conveyor,128,2024-02-01 18:00:00,69.831,2.786,98.31,38.798,1479.52
HIST-015,Conveyor,129,2024-02-02 00:00:00,64.374,2.566,102.988,40.483,1497.652
HIST-015,Conveyor,130,2024-02-02 06:00:00,66.49,2.435,98.479,41.206,1515.967
HIST-015,Conveyor,131,2024-02-02 12:00:00,65.757,2.855,104.539,39.258,1503.4
HIST-015,Conveyor,132,2024-02-02 18:00:00,65.712,2.792,98.683,39.173,1493.373
HIST-015,Conveyor,133,2024-02-03 00:00:00,64.953,2.457,99.884,40.535,1501.637
HIST-015,Conveyor,134,2024-02-03 06:00:00,62.6,2.003,105.38,38.762,1501.554
HIST-015,Conveyor,135,2024-02-03 12:00:00,59.598,1.719,98.071,37.723,1500.991
HIST-015,Conveyor,136,2024-02-03 18:00:00,67.564,2.469,98.932,40.53,1502.66
HIST-015,Conveyor,137,2024-02-04 00:00:00,63.767,2.498,94.403,39.838,1484.4
HIST-015,Conveyor,138,2024-02-04 06:00:00,61.266,2.349,96.274,39.807,1501.598
HIST-015,Conveyor,139,2024-02-04 12:00:00,65.876,2.126,93.039,40.782,1473.671
HIST-015,Conveyor,140,2024-02-04 18:00:00,65.838,2.186,99.062,40.991,1508.634
HIST-015,Conveyor,141,2024-02-05 00:00:00,66.536,2.838,98.549,39.758,1483.459
HIST-015,Conveyor,142,2024-02-05 06:00:00,67.231,2.334,95.298,38.316,1517.664
HIST-015,Conveyor,143,2024-02-05 12:00:00,63.162,2.533,99.406,39.042,1463.321
HIST-015,Conveyor,144,2024-02-05 18:00:00,63.25,2.672,99.238,40.877,1525.116
HIST-015,Conveyor,145,2024-02-06 00:00:00,64.363,2.909,93.664,40.205,1475.412
HIST-015,Conveyor,146,2024-02-06 06:00:00,66.643,3.153,96.356,39.175,1482.001
HIST-015,Conveyor,147,2024-02-06 12:00:00,60.795,2.443,90.975,38.823,1504.486
HIST-015,Conveyor,148,2024-02-06 18:00:00,65.256,2.671,89.691,40.927,1509.281
HIST-015,Conveyor,149,2024-02-07 00:00:00,66.864,2.726,88.843,39.668,1495.749
HIST-015,Conveyor,150,2024-02-07 06:00:00,66.782,2.898,87.583,41.129,1513.389
HIST-015,Conveyor,151,2024-02-07 12:00:00,66.417,2.903,90.128,41.319,1488.052
HIST-015,Conveyor,152,2024-02-07 18:00:00,67.126,2.918,85.118,39.531,1494.005
HIST-015,Conveyor,153,2024-02-08 00:00:00,59.506,2.181,91.002,41.424,1495.469
HIST-015,Conveyor,154,2024-02-08 06:00:00,68.227,2.952,92.217,40.208,1491.924
HIST-015,Conveyor,155,2024-02-08 12:00:00,65.661,2.812,90.481,40.402,1470.987
HIST-015,Conveyor,156,2024-02-08 18:00:00,67.669,2.865,78.319,36.717,1499.63
HIST-015,Conveyor,157,2024-02-09 00:00:00,62.651,2.294,83.401,38.544,1498.275
HIST-015,Conveyor,158,2024-02-09 06:00:00,61.492,3.246,81.347,38.625,1516.173
HIST-015,Conveyor,159,2024-02-09 12:00:00,68.573,2.824,82.924,39.522,1480.711
HIST-015,Conveyor,160,2024-02-09 18:00:00,63.147,3.766,89.263,40.172,1490.409
HIST-015,Conveyor,161,2024-02-10 00:00:00,64.378,3.528,75.268,40.233,1518.052
HIST-015,Conveyor,162,2024-02-10 06:00:00,66.055,2.922,80.82,40.429,1504.399
HIST-015,Conveyor,163,2024-02-10 12:00:00,66.546,2.679,84.638,38.973,1508.241
HIST-015,Conveyor,164,2024-02-10 18:00:00,67.157,3.786,81.478,41.037,1506.802
HIST-015,Conveyor,165,2024-02-11 00:00:00,65.447,3.642,79.229,42.714,1506.868
HIST-015,Conveyor,166,2024-02-11 06:00:00,62.891,3.44,85.797,39.47,1527.316
HIST-015,Conveyor,167,2024-02-11 12:00:00,66.413,3.619,79.387,39.004,1501.373
HIST-015,Conveyor,168,2024-02-11 18:00:00,66.445,3.548,80.209,38.972,1484.83
HIST-015,Conveyor,169,2024-02-12 00:00:00,61.37,3.916,81.083,40.128,1509.582
HIST-015,Conveyor,170,2024-02-12 06:00:00,67.837,3.677,79.128,39.211,1491.502
HIST-015,Conveyor,171,2024-02-12 12:00:00,60.026,3.162,79.113,37.405,1498.351
HIST-015,Conveyor,172,2024-02-12 18:00:00,67.069,3.165,81.776,37.815,1505.553
HIST-015,Conveyor,173,2024-02-13 00:00:00,63.732,4.442,68.171,41.53,1487.68
HIST-015,Conveyor,174,2024-02-13 06:00:00,66.411,4.013,75.264,41.923,1492.346
HIST-015,Conveyor,175,2024-02-13 12:00:00,66.02,3.62,72.511,42.4,1507.138
HIST-015,Conveyor,176,2024-02-13 18:00:00,64.926,3.52,70.373,40.339,1491.77
HIST-015,Conveyor,177,2024-02-14 00:00:00,65.902,3.916,73.072,38.514,1514.601
HIST-015,Conveyor,178,2024-02-14 06:00:00,64.827,3.683,71.79,39.343,1485.208
HIST-015,Conveyor,179,2024-02-14 12:00:00,66.428,4.156,76.983,37.763,1485.157
HIST-015,Conveyor,180,2024-02-14 18:00:00,69.371,4.376,70.996,37.705,1528.591
HIST-015,Conveyor,181,2024-02-15 00:00:00,62.318,4.115,70.407,40.383,1477.047
HIST-015,Conveyor,182,2024-02-15 06:00:00,58.624,4.512,61.171,40.809,1499.599
HIST-015,Conveyor,183,2024-02-15 12:00:00,64.169,5.243,63.012,42.938,1527.772
HIST-016,Pump,1,2024-01-01 00:00:00,65.183,1.885,102.729,41.741,1497.644
HIST-016,Pump,2,2024-01-01 06:00:00,63.521,2.302,101.812,40.363,1491.788
HIST-016,Pump,3,2024-01-01 12:00:00,65.43,2.415,93.641,39.101,1475.414
HIST-016,Pump,4,2024-01-01 18:00:00,68.43,1.96,95.786,40.539,1495.906
HIST-016,Pump,5,2024-01-02 00:00:00,65.509,2.026,101.073,43.214,1507.753
HIST-016,Pump,6,2024-01-02 06:00:00,67.13,1.861,99.6,41.11,1511.415
HIST-016,Pump,7,2024-01-02 12:00:00,65.058,2.697,98.451,39.911,1479.012
HIST-016,Pump,8,2024-01-02 18:00:00,62.948,2.058,103.237,38.75,1517.63
HIST-016,Pump,9,2024-01-03 00:00:00,63.634,2.209,97.349,39.075,1485.384
HIST-016,Pump,10,2024-01-03 06:00:00,62.764,2.225,98.634,41.02,1498.183
HIST-016,Pump,11,2024-01-03 12:00:00,65.436,2.532,98.059,38.671,1491.468
HIST-016,Pump,12,2024-01-03 18:00:00,67.448,1.914,101.531,40.004,1506.259
HIST-016,Pump,13,2024-01-04 00:00:00,65.322,2.55,94.842,42.156,1501.411
HIST-016,Pump,14,2024-01-04 06:00:00,64.384,1.816,98.507,40.226,1510.17
HIST-016,Pump,15,2024-01-04 12:00:00,63.421,2.55,94.832,38.381,1527.657
HIST-016,Pump,16,2024-01-04 18:00:00,65.711,1.685,99.061,43.267,1505.968
HIST-016,Pump,17,2024-01-05 00:00:00,62.524,2.169,102.169,42.644,1491.35
HIST-016,Pump,18,2024-01-05 06:00:00,62.732,2.688,102.223,40.752,1506.916
HIST-016,Pump,19,2024-01-05 12:00:00,66.8,2.409,97.817,41.914,1529.177
HIST-016,Pump,20,2024-01-05 18:00:00,64.445,2.326,101.6,39.6,1509.845
HIST-016,Pump,21,2024-01-06 00:00:00,64.405,1.885,99.445,41.087,1514.185
HIST-016,Pump,22,2024-01-06 06:00:00,64.662,1.98,104.083,39.365,1476.096
HIST-016,Pump,23,2024-01-06 12:00:00,66.452,2.603,99.61,37.967,1505.803
HIST-016,Pump,24,2024-01-06 18:00:00,65.331,2.342,91.081,43.888,1495.98
HIST-016,Pump,25,2024-01-07 00:00:00,63.514,2.467,102.684,37.89,1489.798
HIST-016,Pump,26,2024-01-07 06:00:00,63.586,2.222,98.623,40.446,1499.665
HIST-016,Pump,27,2024-01-07 12:00:00,64.61,2.115,99.177,40.429,1501.63
HIST-016,Pump,28,2024-01-07 18:00:00,65.604,2.43,101.008,40.774,1490.634
HIST-016,Pump,29,2024-01-08 00:00:00,64.929,2.278,95.726,39.865,1502.827
HIST-016,Pump,30,2024-01-08 06:00:00,64.751,2.149,100.224,39.881,1497.398
HIST-016,Pump,31,2024-01-08 12:00:00,65.093,1.776,101.603,40.208,1510.537
HIST-016,Pump,32,2024-01-08 18:00:00,64.928,2.486,101.092,40.72,1503.414
HIST-016,Pump,33,2024-01-09 00:00:00,63.439,2.332,98.203,39.997,1505.639
HIST-016,Pump,34,2024-01-09 06:00:00,67.214,2.018,102.976,39.897,1514.691
HIST-016,Pump,35,2024-01-09 12:00:00,64.035,2.554,97.008,38.018,1508.324
HIST-016,Pump,36,2024-01-09 18:00:00,65.258,2.273,98.123,43.021,1499.909
HIST-016,Pump,37,2024-01-10 00:00:00,60.879,2.279,99.592,40.804,1468.696
HIST-016,Pump,38,2024-01-10 06:00:00,64.57,2.465,100.886,40.313,1507.706
HIST-016,Pump,39,2024-01-10 12:00:00,62.801,2.401,99.026,39.063,1486.321
HIST-016,Pump,40,2024-01-10 18:00:00,63.042,2.288,103.686,38.495,1498.706
HIST-016,Pump,41,2024-01-11 00:00:00,69.844,2.143,100.886,41.29,1505.566
HIST-016,Pump,42,2024-01-11 06:00:00,65.499,2.795,100.227,39.76,1519.995
HIST-016,Pump,43,2024-01-11 12:00:00,67.452,1.98,100.78,40.932,1527.635
HIST-016,Pump,44,2024-01-11 18:00:00,66.711,2.424,102.199,37.972,1486.182
HIST-016,Pump,45,2024-01-12 00:00:00,66.966,2.175,100.722,42.32,1480.262
HIST-016,Pump,46,2024-01-12 06:00:00,64.602,2.336,94.571,41.352,1504.886
HIST-016,Pump,47,2024-01-12 12:00:00,68.213,2.57,103.269,39.878,1503.636
HIST-016,Pump,48,2024-01-12 18:00:00,66.693,2.107,100.359,40.701,1481.972
HIST-016,Pump,49,2024-01-13 00:00:00,65.083,2.381,102.055,41.112,1499.751
HIST-016,Pump,50,2024-01-13 06:00:00,65.527,2.28,98.782,37.995,1508.963
HIST-016,Pump,51,2024-01-13 12:00:00,64.727,2.008,94.52,42.517,1481.548
HIST-016,Pump,52,2024-01-13 18:00:00,65.104,2.577,93.163,40.725,1485.081
HIST-016,Pump,53,2024-01-14 00:00:00,64.913,2.413,97.167,38.944,1490.338
HIST-016,Pump,54,2024-01-14 06:00:00,65.763,2.07,101.552,38.355,1496.816
HIST-016,Pump,55,2024-01-14 12:00:00,68.48,2.531,103.894,41.481,1510.41
HIST-016,Pump,56,2024-01-14 18:00:00,62.59,1.951,100.906,40.317,1495.103
HIST-016,Pump,57,2024-01-15 00:00:00,67.285,2.191,96.843,40.724,1500.83
HIST-016,Pump,58,2024-01-15 06:00:00,64.264,2.071,97.648,40.04,1533.693
HIST-016,Pump,59,2024-01-15 12:00:00,67.539,2.425,104.082,38.496,1485.655
HIST-016,Pump,60,2024-01-15 18:00:00,64.333,2.056,96.068,40.763,1490.205
HIST-016,Pump,61,2024-01-16 00:00:00,65.826,2.428,106.305,39.704,1510.171
HIST-016,Pump,62,2024-01-16 06:00:00,64.682,2.378,105.628,39.967,1514.821
HIST-016,Pump,63,2024-01-16 12:00:00,61.539,2.087,106.404,43.566,1506.222
HIST-016,Pump,64,2024-01-16 18:00:00,68.478,2.749,101.142,41.304,1527.135
HIST-016,Pump,65,2024-01-17 00:00:00,63.114,1.976,98.975,41.39,1504.762
HIST-016,Pump,66,2024-01-17 06:00:00,65.168,1.777,101.069,44.081,1470.358
HIST-016,Pump,67,2024-01-17 12:00:00,62.895,2.457,102.726,40.577,1501.455
HIST-016,Pump,68,2024-01-17 18:00:00,62.326,1.555,98.048,40.18,1491.435
HIST-016,Pump,69,2024-01-18 00:00:00,64.59,2.648,96.696,38.981,1520.757
HIST-016,Pump,70,2024-01-18 06:00:00,63.813,2.231,99.148,39.321,1514.469
HIST-016,Pump,71,2024-01-18 12:00:00,62.662,1.772,97.683,36.929,1476.155
HIST-016,Pump,72,2024-01-18 18:00:00,64.929,1.915,103.723,41.186,1520.255
HIST-016,Pump,73,2024-01-19 00:00:00,62.036,1.71,98.151,38.1,1514.091
HIST-016,Pump,74,2024-01-19 06:00:00,65.251,2.315,100.287,41.354,1495.133
HIST-016,Pump,75,2024-01-19 12:00:00,64.745,1.802,102.949,39.935,1498.823
HIST-016,Pump,76,2024-01-19 18:00:00,60.039,2.351,103.84,40.192,1520.883
HIST-016,Pump,77,2024-01-20 00:00:00,63.954,2.109,100.626,39.936,1470.427
HIST-016,Pump,78,2024-01-20 06:00:00,65.937,2.057,101.153,42.079,1506.681
HIST-016,Pump,79,2024-01-20 12:00:00,62.873,2.353,96.949,41.814,1516.401
HIST-016,Pump,80,2024-01-20 18:00:00,66.024,2.387,103.069,39.957,1498.669
HIST-016,Pump,81,2024-01-21 00:00:00,65.865,2.544,103.791,38.651,1509.719
HIST-016,Pump,82,2024-01-21 06:00:00,62.965,2.01,94.389,41.386,1501.547
HIST-016,Pump,83,2024-01-21 12:00:00,64.975,2.191,105.289,38.538,1488.239
HIST-016,Pump,84,2024-01-21 18:00:00,66.65,2.009,97.898,37.668,1487.865
HIST-016,Pump,85,2024-01-22 00:00:00,63.247,2.249,101.784,40.748,1510.679
HIST-016,Pump,86,2024-01-22 06:00:00,64.588,1.967,100.233,41.828,1490.464
HIST-016,Pump,87,2024-01-22 12:00:00,67.3,2.073,99.819,39.392,1477.131
HIST-016,Pump,88,2024-01-22 18:00:00,63.285,2.074,99.38,40.607,1501.836
HIST-016,Pump,89,2024-01-23 00:00:00,65.918,2.288,97.022,39.376,1492.304
HIST-016,Pump,90,2024-01-23 06:00:00,62.842,2.201,101.571,41.083,1482.013
HIST-016,Pump,91,2024-01-23 12:00:00,64.678,2.352,99.142,41.643,1501.076
HIST-016,Pump,92,2024-01-23 18:00:00,65.893,2.168,96.072,39.606,1511.509
HIST-016,Pump,93,2024-01-24 00:00:00,60.191,2.026,96.895,38.459,1500.302
HIST-016,Pump,94,2024-01-24 06:00:00,63.931,2.257,96.123,37.814,1484.006
HIST-016,Pump,95,2024-01-24 12:00:00,65.859,1.925,98.426,41.389,1507.227
HIST-016,Pump,96,2024-01-24 18:00:00,65.452,2.371,101.455,38.295,1515.527
HIST-016,Pump,97,2024-01-25 00:00:00,63.955,2.114,97.867,40.558,1533.196
HIST-016,Pump,98,2024-01-25 06:00:00,62.791,2.261,102.926,41.166,1521.628
HIST-016,Pump,99,2024-01-25 12:00:00,66.257,2.266,99.642,39.248,1484.92
HIST-016,Pump,100,2024-01-25 18:00:00,64.355,2.68,99.132,39.751,1512.871
HIST-016,Pump,101,2024-01-26 00:00:00,66.091,2.314,100.05,41.499,1503.848
HIST-016,Pump,102,2024-01-26 06:00:00,65.76,2.222,104.185,38.788,1482.719
HIST-016,Pump,103,2024-01-26 12:00:00,64.105,1.992,95.886,38.635,1504.257
HIST-016,Pump,104,2024-01-26 18:00:00,67.145,2.441,104.969,39.648,1528.78
HIST-016,Pump,105,2024-01-27 00:00:00,63.811,2.119,102.88,41.917,1517.938
HIST-016,Pump,106,2024-01-27 06:00:00,67.381,1.742,99.935,42.416,1484.798
HIST-016,Pump,107,2024-01-27 12:00:00,67.643,2.141,103.549,39.852,1500.206
HIST-016,Pump,108,2024-01-27 18:00:00,67.1,2.257,99.033,38.932,1507.375
HIST-016,Pump,109,2024-01-28 00:00:00,64.639,1.954,100.857,41.596,1474.051
HIST-016,Pump,110,2024-01-28 06:00:00,70.094,2.165,98.376,37.496,1474.568
HIST-016,Pump,111,2024-01-28 12:00:00,65.304,2.179,102.899,40.371,1502.319
HIST-016,Pump,112,2024-01-28 18:00:00,65.482,2.183,97.878,39.934,1502.515
HIST-016,Pump,113,2024-01-29 00:00:00,64.956,2.57,99.846,41.941,1472.418
HIST-016,Pump,114,2024-01-29 06:00:00,62.74,1.807,102.037,42.093,1505.82
HIST-016,Pump,115,2024-01-29 12:00:00,67.59,2.81,103.145,38.586,1516.304
HIST-016,Pump,116,2024-01-29 18:00:00,63.855,2.19,97.537,40.252,1496.725
HIST-016,Pump,117,2024-01-30 00:00:00,66.839,2.374,102.259,39.144,1500.897
HIST-016,Pump,118,2024-01-30 06:00:00,67.319,2.238,97.054,39.56,1508.571
HIST-016,Pump,119,2024-01-30 12:00:00,66.207,1.682,93.549,40.926,1506.585
HIST-016,Pump,120,2024-01-30 18:00:00,63.616,1.883,97.756,39.498,1474.971
HIST-016,Pump,121,2024-01-31 00:00:00,64.318,2.043,102.504,40.291,1486.423
HIST-016,Pump,122,2024-01-31 06:00:00,59.646,2.498,99.963,41.436,1494.062
HIST-016,Pump,123,2024-01-31 12:00:00,64.767,1.785,98.395,42.273,1487.088
HIST-016,Pump,124,2024-01-31 18:00:00,66.605,1.943,100.166,40.433,1522.005
HIST-016,Pump,125,2024-02-01 00:00:00,64.525,2.249,100.067,40.177,1509.517
HIST-016,Pump,126,2024-02-01 06:00:00,63.82,2.342,101.866,38.339,1483.354
HIST-016,Pump,127,2024-02-01 12:00:00,64.405,2.333,95.165,42.379,1496.785
HIST-016,Pump,128,2024-02-01 18:00:00,67.431,1.905,99.693,40.744,1516.956
HIST-016,Pump,129,2024-02-02 00:00:00,64.891,1.721,100.373,40.204,1490.306
HIST-016,Pump,130,2024-02-02 06:00:00,68.716,2.362,95.904,40.128,1512.774
HIST-016,Pump,131,2024-02-02 12:00:00,63.859,2.63,95.863,40.541,1520.748
HIST-016,Pump,132,2024-02-02 18:00:00,65.434,2.096,98.906,41.158,1518.242
HIST-016,Pump,133,2024-02-03 00:00:00,64.133,1.857,100.026,41.343,1502.706
HIST-016,Pump,134,2024-02-03 06:00:00,69.149,2.071,100.036,42.416,1518.765
HIST-016,Pump,135,2024-02-03 12:00:00,65.359,2.318,98.331,40.364,1492.166
HIST-016,Pump,136,2024-02-03 18:00:00,69.256,2.13,98.208,42.631,1537.288
HIST-016,Pump,137,2024-02-04 00:00:00,64.16,2.622,98.814,41.587,1503.613
HIST-016,Pump,138,2024-02-04 06:00:00,68.055,2.477,100.896,39.91,1517.202
HIST-016,Pump,139,2024-02-04 12:00:00,65.236,2.255,103.734,37.499,1494.57
HIST-016,Pump,140,2024-02-04 18:00:00,66.673,1.614,93.339,40.128,1507.491
HIST-016,Pump,141,2024-02-05 00:00:00,62.561,1.992,101.869,42.338,1508.152
HIST-016,Pump,142,2024-02-05 06:00:00,65.697,2.036,99.667,38.837,1486.067
HIST-016,Pump,143,2024-02-05 12:00:00,62.862,1.976,101.577,40.124,1485.623
HIST-016,Pump,144,2024-02-05 18:00:00,65.514,2.257,103.557,40.248,1496.932
HIST-016,Pump,145,2024-02-06 00:00:00,61.963,2.263,97.735,41.413,1516.58
HIST-016,Pump,146,2024-02-06 06:00:00,64.812,1.698,102.833,39.418,1472.529
HIST-016,Pump,147,2024-02-06 12:00:00,67.191,2.441,96.238,38.696,1494.557
HIST-016,Pump,148,2024-02-06 18:00:00,66.095,2.205,100.383,40.855,1519.648
HIST-016,Pump,149,2024-02-07 00:00:00,62.532,2.307,99.272,38.885,1481.518
HIST-016,Pump,150,2024-02-07 06:00:00,61.203,2.423,100.139,37.247,1518.809
HIST-016,Pump,151,2024-02-07 12:00:00,65.994,1.97,97.033,42.761,1483.083
HIST-016,Pump,152,2024-02-07 18:00:00,68.162,2.578,101.311,41.391,1486.252
HIST-016,Pump,153,2024-02-08 00:00:00,63.072,2.157,104.759,42.825,1497.792
HIST-016,Pump,154,2024-02-08 06:00:00,69.195,2.654,97.084,41.311,1528.102
HIST-016,Pump,155,2024-02-08 12:00:00,64.987,1.932,100.569,41.021,1490.4
HIST-016,Pump,156,2024-02-08 18:00:00,61.083,2.631,102.568,40.554,1474.006
HIST-016,Pump,157,2024-02-09 00:00:00,61.878,1.929,99.11,39.721,1478.971
HIST-016,Pump,158,2024-02-09 06:00:00,66.54,2.965,104.081,40.768,1513.979
HIST-016,Pump,159,2024-02-09 12:00:00,65.259,1.914,98.711,39.17,1479.679
HIST-016,Pump,160,2024-02-09 18:00:00,67.964,2.517,99.651,38.396,1517.819
HIST-016,Pump,161,2024-02-10 00:00:00,62.604,2.091,97.021,39.502,1501.047
HIST-016,Pump,162,2024-02-10 06:00:00,65.237,2.415,100.38,41.937,1499.516
HIST-016,Pump,163,2024-02-10 12:00:00,65.014,2.188,100.009,38.151,1504.46
HIST-016,Pump,164,2024-02-10 18:00:00,64.714,1.873,101.908,38.175,1487.986
HIST-016,Pump,165,2024-02-11 00:00:00,64.235,1.361,98.091,40.887,1502.068
HIST-016,Pump,166,2024-02-11 06:00:00,64.275,2.952,98.773,39.214,1482.104
HIST-016,Pump,167,2024-02-11 12:00:00,65.349,2.222,101.179,40.524,1520.233
HIST-016,Pump,168,2024-02-11 18:00:00,65.605,1.317,106.357,42.653,1484.591
HIST-016,Pump,169,2024-02-12 00:00:00,65.505,2.291,101.786,42.078,1506.583
HIST-016,Pump,170,2024-02-12 06:00:00,67.412,2.407,106.866,39.355,1484.479
HIST-016,Pump,171,2024-02-12 12:00:00,62.597,1.985,102.128,42.532,1492.002
HIST-016,Pump,172,2024-02-12 18:00:00,61.377,1.987,104.142,41.728,1494.393
HIST-016,Pump,173,2024-02-13 00:00:00,67.034,2.194,103.281,39.391,1544.72
HIST-016,Pump,174,2024-02-13 06:00:00,63.113,2.561,104.94,40.534,1499.783
HIST-016,Pump,175,2024-02-13 12:00:00,64.241,2.23,104.005,40.127,1487.677
HIST-016,Pump,176,2024-02-13 18:00:00,63.776,2.639,97.327,39.639,1493.332
HIST-016,Pump,177,2024-02-14 00:00:00,63.733,2.539,102.23,38.482,1477.43
HIST-016,Pump,178,2024-02-14 06:00:00,62.083,2.131,99.959,41.455,1497.558
HIST-016,Pump,179,2024-02-14 12:00:00,63.861,1.729,100.702,42.017,1527.766
HIST-016,Pump,180,2024-02-14 18:00:00,66.299,2.132,95.069,37.688,1505.041
HIST-016,Pump,181,2024-02-15 00:00:00,64.992,2.358,95.884,40.114,1513.551
HIST-016,Pump,182,2024-02-15 06:00:00,66.009,2.218,100.073,41.774,1486.351
HIST-016,Pump,183,2024-02-15 12:00:00,64.008,2.39,97.072,39.497,1496.95
HIST-016,Pump,184,2024-02-15 18:00:00,66.806,2.459,100.515,41.149,1503.059
HIST-016,Pump,185,2024-02-16 00:00:00,63.983,2.359,105.905,40.468,1489.12
HIST-016,Pump,186,2024-02-16 06:00:00,60.783,2.117,100.871,43.363,1506.0
HIST-016,Pump,187,2024-02-16 12:00:00,65.633,2.356,104.747,42.906,1509.231
HIST-016,Pump,188,2024-02-16 18:00:00,66.535,2.871,98.382,39.949,1508.143
HIST-016,Pump,189,2024-02-17 00:00:00,63.882,1.753,104.112,41.127,1497.734
HIST-016,Pump,190,2024-02-17 06:00:00,67.398,2.346,103.5,44.88,1516.364
HIST-016,Pump,191,2024-02-17 12:00:00,63.299,2.75,97.658,39.765,1496.136
HIST-016,Pump,192,2024-02-17 18:00:00,66.341,1.848,103.087,41.098,1494.768
HIST-016,Pump,193,2024-02-18 00:00:00,68.49,2.5,98.217,41.919,1521.623
HIST-016,Pump,194,2024-02-18 06:00:00,65.073,2.54,101.966,39.66,1483.396
HIST-016,Pump,195,2024-02-18 12:00:00,64.547,1.757,102.939,43.353,1474.455
HIST-016,Pump,196,2024-02-18 18:00:00,64.789,2.414,100.921,41.85,1486.983
HIST-016,Pump,197,2024-02-19 00:00:00,68.257,2.119,102.142,38.665,1505.809
HIST-016,Pump,198,2024-02-19 06:00:00,65.806,2.182,103.797,40.785,1519.254
HIST-016,Pump,199,2024-02-19 12:00:00,69.288,2.103,105.125,42.746,1490.092
HIST-016,Pump,200,2024-02-19 18:00:00,65.559,2.594,100.306,40.258,1527.223
HIST-016,Pump,201,2024-02-20 00:00:00,63.692,2.166,103.982,42.415,1500.408
HIST-016,Pump,202,2024-02-20 06:00:00,63.833,2.061,102.232,42.672,1498.267
HIST-016,Pump,203,2024-02-20 12:00:00,65.123,2.066,104.146,39.368,1487.251
HIST-016,Pump,204,2024-02-20 18:00:00,60.917,2.098,110.874,41.255,1529.27
HIST-016,Pump,205,2024-02-21 00:00:00,64.05,1.876,105.135,42.05,1497.746
HIST-016,Pump,206,2024-02-21 06:00:00,64.094,2.058,106.806,44.028,1480.02
HIST-016,Pump,207,2024-02-21 12:00:00,65.48,2.235,108.559,41.457,1536.865
HIST-016,Pump,208,2024-02-21 18:00:00,68.884,2.321,109.731,41.895,1505.905
HIST-016,Pump,209,2024-02-22 00:00:00,65.11,2.561,103.2,41.947,1511.982
HIST-016,Pump,210,2024-02-22 06:00:00,61.155,2.272,110.938,42.785,1525.223
HIST-016,Pump,211,2024-02-22 12:00:00,63.172,2.058,107.452,43.264,1509.217
HIST-016,Pump,212,2024-02-22 18:00:00,65.525,1.897,115.391,41.718,1514.623
HIST-016,Pump,213,2024-02-23 00:00:00,65.186,2.288,108.613,42.72,1500.815
HIST-016,Pump,214,2024-02-23 06:00:00,68.249,2.165,103.976,41.462,1511.006
HIST-016,Pump,215,2024-02-23 12:00:00,66.92,2.175,106.996,44.818,1499.488
HIST-016,Pump,216,2024-02-23 18:00:00,66.86,2.279,112.382,43.52,1499.697
HIST-016,Pump,217,2024-02-24 00:00:00,64.566,2.356,110.822,46.145,1501.796
HIST-016,Pump,218,2024-02-24 06:00:00,67.198,2.281,107.922,42.07,1494.048
HIST-016,Pump,219,2024-02-24 12:00:00,63.208,2.149,110.371,43.099,1507.566
HIST-016,Pump,220,2024-02-24 18:00:00,66.937,1.96,107.35,41.766,1507.528
HIST-016,Pump,221,2024-02-25 00:00:00,64.435,2.016,109.015,41.007,1512.284
HIST-016,Pump,222,2024-02-25 06:00:00,62.104,2.454,104.068,42.603,1509.594
HIST-016,Pump,223,2024-02-25 12:00:00,66.186,2.073,114.744,44.376,1530.001
HIST-016,Pump,224,2024-02-25 18:00:00,67.795,1.796,107.383,44.354,1515.789
HIST-016,Pump,225,2024-02-26 00:00:00,64.187,2.548,110.148,43.504,1496.891
HIST-016,Pump,226,2024-02-26 06:00:00,68.126,1.917,112.215,43.015,1506.796
HIST-016,Pump,227,2024-02-26 12:00:00,61.688,2.211,113.324,42.77,1521.19
HIST-016,Pump,228,2024-02-26 18:00:00,62.606,2.347,107.756,42.152,1485.75
HIST-016,Pump,229,2024-02-27 00:00:00,64.707,2.201,105.724,43.323,1530.214
HIST-016,Pump,230,2024-02-27 06:00:00,64.258,1.457,111.574,43.488,1488.38
HIST-016,Pump,231,2024-02-27 12:00:00,63.666,2.317,109.352,47.033,1513.504
HIST-016,Pump,232,2024-02-27 18:00:00,65.267,2.598,105.109,48.222,1500.099
HIST-016,Pump,233,2024-02-28 00:00:00,63.943,2.436,113.873,41.162,1499.236
HIST-016,Pump,234,2024-02-28 06:00:00,64.282,1.563,109.919,45.95,1480.456
HIST-016,Pump,235,2024-02-28 12:00:00,65.557,2.838,116.488,45.164,1513.613
HIST-016,Pump,236,2024-02-28 18:00:00,63.665,1.802,111.588,45.631,1480.675
HIST-016,Pump,237,2024-02-29 00:00:00,64.788,1.876,112.814,44.22,1478.358
HIST-016,Pump,238,2024-02-29 06:00:00,63.709,2.435,114.542,46.272,1517.396
HIST-016,Pump,239,2024-02-29 12:00:00,62.589,2.336,111.434,46.101,1526.844
HIST-016,Pump,240,2024-02-29 18:00:00,66.527,2.224,112.458,47.007,1489.991
HIST-016,Pump,241,2024-03-01 00:00:00,68.416,2.029,111.405,43.11,1515.047
HIST-016,Pump,242,2024-03-01 06:00:00,67.129,2.599,112.068,43.241,1511.948
HIST-016,Pump,243,2024-03-01 12:00:00,65.663,2.188,117.687,46.68,1498.627
HIST-016,Pump,244,2024-03-01 18:00:00,63.717,1.73,116.17,44.341,1520.037
HIST-016,Pump,245,2024-03-02 00:00:00,64.426,2.57,112.905,47.598,1497.546
HIST-016,Pump,246,2024-03-02 06:00:00,67.114,2.266,115.33,42.211,1507.763
HIST-016,Pump,247,2024-03-02 12:00:00,60.437,2.535,117.734,45.42,1481.193
HIST-016,Pump,248,2024-03-02 18:00:00,64.273,2.372,117.677,45.106,1481.835
HIST-016,Pump,249,2024-03-03 00:00:00,66.468,2.917,120.313,45.586,1517.536
HIST-016,Pump,250,2024-03-03 06:00:00,62.723,2.107,120.128,46.311,1508.268
HIST-016,Pump,251,2024-03-03 12:00:00,65.847,2.205,128.201,47.591,1497.863
HIST-016,Pump,252,2024-03-03 18:00:00,65.754,2.416,121.468,47.736,1528.618
HIST-016,Pump,253,2024-03-04 00:00:00,62.091,2.109,112.788,47.971,1528.46
HIST-016,Pump,254,2024-03-04 06:00:00,65.174,2.441,118.379,47.789,1506.588
HIST-016,Pump,255,2024-03-04 12:00:00,63.765,1.316,118.579,50.387,1478.165
HIST-016,Pump,256,2024-03-04 18:00:00,65.832,2.178,118.952,49.866,1498.326
HIST-016,Pump,257,2024-03-05 00:00:00,66.34,2.169,116.962,46.887,1487.511
HIST-016,Pump,258,2024-03-05 06:00:00,65.798,2.158,119.727,46.901,1501.343
HIST-016,Pump,259,2024-03-05 12:00:00,65.145,1.937,117.47,46.31,1485.956
HIST-016,Pump,260,2024-03-05 18:00:00,65.578,2.472,118.901,48.264,1482.057
HIST-016,Pump,261,2024-03-06 00:00:00,62.648,2.049,120.365,44.647,1466.061
HIST-016,Pump,262,2024-03-06 06:00:00,64.938,2.26,121.59,46.813,1502.509
HIST-016,Pump,263,2024-03-06 12:00:00,63.407,2.189,120.054,44.903,1465.519
HIST-016,Pump,264,2024-03-06 18:00:00,67.063,2.35,125.308,47.368,1495.196
HIST-016,Pump,265,2024-03-07 00:00:00,66.366,2.629,125.976,49.771,1510.416
HIST-016,Pump,266,2024-03-07 06:00:00,66.361,2.259,118.237,47.383,1489.169
HIST-016,Pump,267,2024-03-07 12:00:00,68.427,2.452,123.749,49.184,1483.728
HIST-016,Pump,268,2024-03-07 18:00:00,64.34,2.243,122.004,48.846,1498.982
HIST-016,Pump,269,2024-03-08 00:00:00,63.902,2.048,127.847,46.681,1487.571
HIST-016,Pump,270,2024-03-08 06:00:00,64.293,2.158,129.491,49.269,1502.785
HIST-016,Pump,271,2024-03-08 12:00:00,61.796,2.115,124.161,50.443,1484.508
HIST-016,Pump,272,2024-03-08 18:00:00,61.953,2.37,122.676,49.424,1498.433
HIST-016,Pump,273,2024-03-09 00:00:00,66.242,2.232,124.797,50.507,1494.804
HIST-016,Pump,274,2024-03-09 06:00:00,62.21,1.962,126.509,51.351,1499.827
HIST-016,Pump,275,2024-03-09 12:00:00,62.85,2.133,127.081,51.4,1524.527
HIST-016,Pump,276,2024-03-09 18:00:00,64.797,1.742,131.55,48.951,1502.997
HIST-016,Pump,277,2024-03-10 00:00:00,64.176,2.145,129.609,49.345,1507.567
HIST-016,Pump,278,2024-03-10 06:00:00,66.771,2.2,130.682,53.433,1490.628
HIST-016,Pump,279,2024-03-10 12:00:00,65.121,2.743,127.709,50.656,1503.349
HIST-016,Pump,280,2024-03-10 18:00:00,63.403,2.605,126.888,50.825,1495.878
HIST-016,Pump,281,2024-03-11 00:00:00,66.943,1.89,128.536,49.258,1500.445
HIST-016,Pump,282,2024-03-11 06:00:00,66.458,2.261,130.43,50.82,1509.734
HIST-016,Pump,283,2024-03-11 12:00:00,62.178,2.266,127.641,51.558,1492.496
HIST-016,Pump,284,2024-03-11 18:00:00,65.505,2.131,133.1,50.236,1494.029
HIST-016,Pump,285,2024-03-12 00:00:00,63.57,2.15,134.096,50.811,1492.704
HIST-016,Pump,286,2024-03-12 06:00:00,63.517,2.094,135.293,51.667,1492.414
HIST-016,Pump,287,2024-03-12 12:00:00,68.739,2.762,132.699,52.477,1502.599
HIST-016,Pump,288,2024-03-12 18:00:00,65.249,2.075,126.825,52.604,1494.54
HIST-016,Pump,289,2024-03-13 00:00:00,64.565,2.302,136.713,52.178,1522.469
HIST-016,Pump,290,2024-03-13 06:00:00,65.17,1.441,129.782,52.989,1540.187
HIST-016,Pump,291,2024-03-13 12:00:00,66.748,2.447,131.964,50.324,1491.481
HIST-016,Pump,292,2024-03-13 18:00:00,63.597,2.555,138.175,54.509,1504.41
HIST-016,Pump,293,2024-03-14 00:00:00,63.938,1.884,136.772,53.679,1515.57
HIST-016,Pump,294,2024-03-14 06:00:00,66.313,2.046,133.731,52.943,1496.014
HIST-016,Pump,295,2024-03-14 12:00:00,61.967,2.335,132.565,55.015,1485.084
HIST-016,Pump,296,2024-03-14 18:00:00,66.982,2.206,136.556,53.862,1526.073
HIST-016,Pump,297,2024-03-15 00:00:00,61.79,2.34,139.124,54.145,1510.292
HIST-016,Pump,298,2024-03-15 06:00:00,64.508,2.114,135.169,53.172,1504.78
HIST-016,Pump,299,2024-03-15 12:00:00,61.802,2.759,138.027,54.533,1521.758
HIST-016,Pump,300,2024-03-15 18:00:00,62.887,1.999,131.218,51.839,1511.553
HIST-016,Pump,301,2024-03-16 00:00:00,67.595,3.007,138.299,53.042,1499.281
HIST-016,Pump,302,2024-03-16 06:00:00,67.089,2.573,136.739,54.65,1485.351
HIST-016,Pump,303,2024-03-16 12:00:00,67.303,2.45,141.627,54.113,1492.6
HIST-016,Pump,304,2024-03-16 18:00:00,62.102,1.888,138.177,54.608,1518.072
HIST-017,Compressor,1,2024-01-01 00:00:00,63.732,2.789,100.245,42.75,1500.046
HIST-017,Compressor,2,2024-01-01 06:00:00,67.06,2.056,100.848,38.554,1492.116
HIST-017,Compressor,3,2024-01-01 12:00:00,61.833,2.548,96.858,38.457,1521.463
HIST-017,Compressor,4,2024-01-01 18:00:00,65.048,2.508,100.423,38.492,1503.735
HIST-017,Compressor,5,2024-01-02 00:00:00,64.747,2.309,101.197,39.803,1495.174
HIST-017,Compressor,6,2024-01-02 06:00:00,65.175,2.159,96.18,37.023,1494.751
HIST-017,Compressor,7,2024-01-02 12:00:00,65.165,2.258,100.645,37.85,1497.778
HIST-017,Compressor,8,2024-01-02 18:00:00,64.846,2.372,97.85,39.066,1535.954
HIST-017,Compressor,9,2024-01-03 00:00:00,64.224,2.23,100.372,38.206,1480.244
HIST-017,Compressor,10,2024-01-03 06:00:00,64.783,1.73,102.169,41.594,1516.243
HIST-017,Compressor,11,2024-01-03 12:00:00,67.726,1.655,99.471,40.01,1508.522
HIST-017,Compressor,12,2024-01-03 18:00:00,63.843,2.653,102.74,40.866,1523.097
HIST-017,Compressor,13,2024-01-04 00:00:00,69.511,1.41,102.372,40.701,1509.436
HIST-017,Compressor,14,2024-01-04 06:00:00,63.73,2.259,102.723,39.69,1500.05
HIST-017,Compressor,15,2024-01-04 12:00:00,65.48,2.13,101.209,41.482,1515.3
HIST-017,Compressor,16,2024-01-04 18:00:00,66.142,2.248,103.302,40.678,1503.447
HIST-017,Compressor,17,2024-01-05 00:00:00,64.416,1.858,101.155,39.522,1511.324
HIST-017,Compressor,18,2024-01-05 06:00:00,67.765,2.305,94.998,37.474,1521.423
HIST-017,Compressor,19,2024-01-05 12:00:00,66.09,2.262,97.624,40.781,1501.388
HIST-017,Compressor,20,2024-01-05 18:00:00,64.59,3.028,99.366,38.108,1493.634
HIST-017,Compressor,21,2024-01-06 00:00:00,67.743,2.239,99.738,40.57,1490.343
HIST-017,Compressor,22,2024-01-06 06:00:00,62.969,2.604,101.073,40.118,1506.758
HIST-017,Compressor,23,2024-01-06 12:00:00,63.869,1.75,97.579,37.959,1486.827
HIST-017,Compressor,24,2024-01-06 18:00:00,66.125,2.506,106.026,40.388,1494.753
HIST-017,Compressor,25,2024-01-07 00:00:00,66.603,2.268,99.693,40.287,1485.486
HIST-017,Compressor,26,2024-01-07 06:00:00,65.645,2.281,99.977,40.292,1507.625
HIST-017,Compressor,27,2024-01-07 12:00:00,64.746,2.285,97.988,40.22,1488.718
HIST-017,Compressor,28,2024-01-07 18:00:00,64.497,2.712,96.99,39.021,1480.699
HIST-017,Compressor,29,2024-01-08 00:00:00,67.263,2.277,99.621,40.887,1483.338
HIST-017,Compressor,30,2024-01-08 06:00:00,65.481,1.965,100.083,38.969,1491.434
HIST-017,Compressor,31,2024-01-08 12:00:00,63.256,2.015,99.739,38.388,1492.795
HIST-017,Compressor,32,2024-01-08 18:00:00,63.14,2.445,104.965,41.012,1503.772
HIST-017,Compressor,33,2024-01-09 00:00:00,68.027,2.334,99.621,41.405,1497.576
HIST-017,Compressor,34,2024-01-09 06:00:00,63.562,1.741,99.742,40.909,1505.555
HIST-017,Compressor,35,2024-01-09 12:00:00,65.545,2.354,102.446,39.689,1506.759
HIST-017,Compressor,36,2024-01-09 18:00:00,67.702,1.875,99.487,37.091,1511.107
HIST-017,Compressor,37,2024-01-10 00:00:00,66.084,2.331,101.618,42.223,1471.383
HIST-017,Compressor,38,2024-01-10 06:00:00,63.485,1.958,96.163,37.067,1483.092
HIST-017,Compressor,39,2024-01-10 12:00:00,62.969,2.116,96.187,40.879,1508.323
HIST-017,Compressor,40,2024-01-10 18:00:00,68.74,2.037,100.366,43.165,1503.171
HIST-017,Compressor,41,2024-01-11 00:00:00,62.918,2.656,99.305,40.224,1514.654
HIST-017,Compressor,42,2024-01-11 06:00:00,63.893,2.321,97.573,40.437,1476.84
HIST-017,Compressor,43,2024-01-11 12:00:00,65.745,2.578,100.366,40.569,1492.873
HIST-017,Compressor,44,2024-01-11 18:00:00,64.562,3.069,100.627,40.297,1495.554
HIST-017,Compressor,45,2024-01-12 00:00:00,66.148,2.214,97.87,43.526,1502.498
HIST-017,Compressor,46,2024-01-12 06:00:00,62.064,2.651,98.444,38.735,1500.538
HIST-017,Compressor,47,2024-01-12 12:00:00,64.579,1.99,100.65,38.547,1507.036
HIST-017,Compressor,48,2024-01-12 18:00:00,66.355,2.576,96.937,39.509,1498.28
HIST-017,Compressor,49,2024-01-13 00:00:00,66.362,1.958,98.188,42.611,1520.585
HIST-017,Compressor,50,2024-01-13 06:00:00,63.855,2.194,101.602,39.135,1525.368
HIST-017,Compressor,51,2024-01-13 12:00:00,62.957,2.361,99.928,40.645,1483.232
HIST-017,Compressor,52,2024-01-13 18:00:00,65.427,2.408,98.568,41.607,1500.677
HIST-017,Compressor,53,2024-01-14 00:00:00,62.375,1.818,97.291,41.168,1511.97
HIST-017,Compressor,54,2024-01-14 06:00:00,67.569,1.94,96.96,41.527,1508.78
HIST-017,Compressor,55,2024-01-14 12:00:00,65.315,2.383,99.605,42.127,1493.882
HIST-017,Compressor,56,2024-01-14 18:00:00,63.606,2.09,106.077,40.462,1503.823
HIST-017,Compressor,57,2024-01-15 00:00:00,62.891,1.781,101.697,39.314,1476.248
HIST-017,Compressor,58,2024-01-15 06:00:00,63.734,2.179,96.001,40.221,1499.713
HIST-017,Compressor,59,2024-01-15 12:00:00,61.876,2.164,102.122,39.491,1478.095
HIST-017,Compressor,60,2024-01-15 18:00:00,65.99,2.253,97.723,43.782,1507.62
HIST-017,Compressor,61,2024-01-16 00:00:00,63.394,2.359,99.985,39.201,1483.261
HIST-017,Compressor,62,2024-01-16 06:00:00,65.799,2.34,98.233,40.725,1502.445
HIST-017,Compressor,63,2024-01-16 12:00:00,66.075,1.97,106.068,37.749,1504.788
HIST-017,Compressor,64,2024-01-16 18:00:00,66.932,2.077,96.598,40.199,1501.138
HIST-017,Compressor,65,2024-01-17 00:00:00,65.504,2.478,100.941,39.569,1490.521
HIST-017,Compressor,66,2024-01-17 06:00:00,67.25,2.037,97.944,41.014,1496.844
HIST-017,Compressor,67,2024-01-17 12:00:00,67.772,2.081,102.216,41.053,1517.716
HIST-017,Compressor,68,2024-01-17 18:00:00,65.516,1.749,100.88,42.125,1493.631
HIST-017,Compressor,69,2024-01-18 00:00:00,65.637,2.191,103.764,42.006,1500.321
HIST-017,Compressor,70,2024-01-18 06:00:00,63.885,2.304,102.154,39.901,1491.648
HIST-017,Compressor,71,2024-01-18 12:00:00,63.025,1.607,97.919,38.583,1515.306
HIST-017,Compressor,72,2024-01-18 18:00:00,67.564,1.879,108.749,38.759,1501.167
HIST-017,Compressor,73,2024-01-19 00:00:00,66.211,1.773,101.666,40.454,1488.54
HIST-017,Compressor,74,2024-01-19 06:00:00,66.374,2.437,98.348,40.237,1500.107
HIST-017,Compressor,75,2024-01-19 12:00:00,63.819,1.626,100.617,40.387,1496.385
HIST-017,Compressor,76,2024-01-19 18:00:00,68.248,2.176,101.893,39.197,1520.889
HIST-017,Compressor,77,2024-01-20 00:00:00,64.543,2.415,101.778,42.156,1499.33
HIST-017,Compressor,78,2024-01-20 06:00:00,63.396,2.256,101.488,37.791,1479.259
HIST-017,Compressor,79,2024-01-20 12:00:00,63.853,2.068,102.899,39.114,1507.479
HIST-017,Compressor,80,2024-01-20 18:00:00,68.142,2.304,102.605,38.384,1526.791
HIST-017,Compressor,81,2024-01-21 00:00:00,62.778,2.511,97.457,39.687,1517.954
HIST-017,Compressor,82,2024-01-21 06:00:00,63.498,2.168,106.324,41.87,1483.456
HIST-017,Compressor,83,2024-01-21 12:00:00,70.797,1.528,105.907,39.568,1495.969
HIST-017,Compressor,84,2024-01-21 18:00:00,66.882,2.544,102.403,40.152,1499.54
HIST-017,Compressor,85,2024-01-22 00:00:00,63.534,2.32,100.116,40.996,1499.722
HIST-017,Compressor,86,2024-01-22 06:00:00,62.837,2.19,100.168,39.497,1505.714
HIST-017,Compressor,87,2024-01-22 12:00:00,61.655,1.606,99.029,40.574,1494.838
HIST-017,Compressor,88,2024-01-22 18:00:00,65.194,2.111,99.417,40.376,1486.266
HIST-017,Compressor,89,2024-01-23 00:00:00,66.456,1.937,93.44,38.304,1514.277
HIST-017,Compressor,90,2024-01-23 06:00:00,68.038,1.835,104.591,39.304,1483.147
HIST-017,Compressor,91,2024-01-23 12:00:00,61.212,2.159,103.532,40.532,1487.968
HIST-017,Compressor,92,2024-01-23 18:00:00,62.349,2.039,94.97,41.923,1483.053
HIST-017,Compressor,93,2024-01-24 00:00:00,64.761,2.059,102.67,41.922,1509.183
HIST-017,Compressor,94,2024-01-24 06:00:00,70.575,2.422,99.977,43.143,1501.597
HIST-017,Compressor,95,2024-01-24 12:00:00,66.772,2.277,99.403,40.728,1513.253
HIST-017,Compressor,96,2024-01-24 18:00:00,65.746,2.051,101.479,39.38,1488.222
HIST-017,Compressor,97,2024-01-25 00:00:00,62.55,2.013,94.772,39.904,1481.205
HIST-017,Compressor,98,2024-01-25 06:00:00,60.76,2.064,99.966,39.829,1493.341
HIST-017,Compressor,99,2024-01-25 12:00:00,65.078,2.126,100.238,39.388,1497.263
HIST-017,Compressor,100,2024-01-25 18:00:00,64.801,2.375,100.241,40.574,1503.136
HIST-017,Compressor,101,2024-01-26 00:00:00,64.464,1.887,95.898,40.644,1474.764
HIST-017,Compressor,102,2024-01-26 06:00:00,64.239,2.638,101.341,38.239,1507.181
HIST-017,Compressor,103,2024-01-26 12:00:00,63.503,2.375,103.179,41.632,1486.586
HIST-017,Compressor,104,2024-01-26 18:00:00,63.045,1.379,101.222,37.245,1490.289
HIST-017,Compressor,105,2024-01-27 00:00:00,67.779,2.226,99.312,39.666,1517.606
HIST-017,Compressor,106,2024-01-27 06:00:00,63.227,2.512,108.067,41.724,1467.252
HIST-017,Compressor,107,2024-01-27 12:00:00,64.448,2.317,97.226,40.911,1504.838
HIST-017,Compressor,108,2024-01-27 18:00:00,64.922,2.076,102.32,39.465,1504.781
HIST-017,Compressor,109,2024-01-28 00:00:00,66.413,2.182,100.73,42.953,1487.718
HIST-017,Compressor,110,2024-01-28 06:00:00,63.296,2.253,106.037,39.34,1493.295
HIST-017,Compressor,111,2024-01-28 12:00:00,66.956,2.431,101.16,36.997,1518.316
HIST-017,Compressor,112,2024-01-28 18:00:00,63.841,1.775,101.803,40.679,1529.444
HIST-017,Compressor,113,2024-01-29 00:00:00,64.676,2.018,101.517,37.332,1515.971
HIST-017,Compressor,114,2024-01-29 06:00:00,68.286,2.692,96.825,38.753,1528.288
HIST-017,Compressor,115,2024-01-29 12:00:00,63.062,2.21,97.393,40.934,1489.63
HIST-017,Compressor,116,2024-01-29 18:00:00,66.442,2.658,99.173,39.309,1476.299
HIST-017,Compressor,117,2024-01-30 00:00:00,67.009,3.096,102.872,40.871,1499.211
HIST-017,Compressor,118,2024-01-30 06:00:00,65.62,2.052,100.699,38.263,1512.073
HIST-017,Compressor,119,2024-01-30 12:00:00,64.765,1.841,99.38,41.288,1472.179
HIST-017,Compressor,120,2024-01-30 18:00:00,69.251,2.12,104.117,37.464,1486.103
HIST-017,Compressor,121,2024-01-31 00:00:00,64.972,2.53,94.053,41.978,1487.769
HIST-017,Compressor,122,2024-01-31 06:00:00,65.408,2.572,96.113,39.287,1505.348
HIST-017,Compressor,123,2024-01-31 12:00:00,64.327,2.882,92.51,42.297,1503.414
HIST-017,Compressor,124,2024-01-31 18:00:00,65.302,2.189,103.625,38.739,1488.373
HIST-017,Compressor,125,2024-02-01 00:00:00,66.928,2.346,99.71,42.887,1502.697
HIST-017,Compressor,126,2024-02-01 06:00:00,64.449,1.986,102.899,38.564,1482.828
HIST-017,Compressor,127,2024-02-01 12:00:00,60.783,1.448,99.672,36.934,1634.074
HIST-017,Compressor,128,2024-02-01 18:00:00,66.027,2.188,103.07,39.965,1477.409
HIST-017,Compressor,129,2024-02-02 00:00:00,62.843,1.854,99.62,42.299,1439.641
HIST-017,Compressor,130,2024-02-02 06:00:00,66.484,2.393,101.23,41.739,1450.476
HIST-017,Compressor,131,2024-02-02 12:00:00,64.997,1.636,100.791,41.831,1542.406
HIST-017,Compressor,132,2024-02-02 18:00:00,66.886,1.978,101.013,41.605,1532.652
HIST-017,Compressor,133,2024-02-03 00:00:00,63.103,2.28,105.054,39.194,1510.639
HIST-017,Compressor,134,2024-02-03 06:00:00,63.93,2.312,95.127,41.248,1468.756
HIST-017,Compressor,135,2024-02-03 12:00:00,64.32,2.186,99.795,39.868,1581.137
HIST-017,Compressor,136,2024-02-03 18:00:00,62.035,2.76,100.594,39.787,1626.193
HIST-017,Compressor,137,2024-02-04 00:00:00,67.223,2.671,100.145,40.807,1493.231
HIST-017,Compressor,138,2024-02-04 06:00:00,61.749,1.995,98.806,38.606,1605.404
HIST-017,Compressor,139,2024-02-04 12:00:00,67.195,2.683,98.396,41.872,1557.917
HIST-017,Compressor,140,2024-02-04 18:00:00,65.849,2.729,104.59,39.307,1655.485
HIST-017,Compressor,141,2024-02-05 00:00:00,64.602,2.163,99.788,39.519,1503.424
HIST-017,Compressor,142,2024-02-05 06:00:00,65.69,2.214,107.314,40.499,1488.829
HIST-017,Compressor,143,2024-02-05 12:00:00,65.635,2.185,101.585,46.054,1549.542
HIST-017,Compressor,144,2024-02-05 18:00:00,64.199,2.007,99.131,37.782,1454.044
HIST-017,Compressor,145,2024-02-06 00:00:00,65.596,2.036,101.658,42.97,1528.333
HIST-017,Compressor,146,2024-02-06 06:00:00,66.462,2.596,100.327,39.36,1593.221
HIST-017,Compressor,147,2024-02-06 12:00:00,63.111,2.331,104.026,41.54,1553.892
HIST-017,Compressor,148,2024-02-06 18:00:00,65.692,2.034,96.497,41.828,1506.147
HIST-017,Compressor,149,2024-02-07 00:00:00,59.747,1.922,94.596,43.047,1504.855
HIST-017,Compressor,150,2024-02-07 06:00:00,61.141,1.973,101.083,42.5,1550.833
HIST-017,Compressor,151,2024-02-07 12:00:00,66.129,2.151,102.507,41.384,1534.213
HIST-017,Compressor,152,2024-02-07 18:00:00,64.164,2.474,100.858,40.961,1555.274
HIST-017,Compressor,153,2024-02-08 00:00:00,63.293,1.942,102.017,44.213,1524.22
HIST-017,Compressor,154,2024-02-08 06:00:00,64.894,2.471,101.576,40.69,1425.953
HIST-017,Compressor,155,2024-02-08 12:00:00,64.208,2.259,95.559,37.715,1452.444
HIST-017,Compressor,156,2024-02-08 18:00:00,63.023,2.243,100.844,41.143,1530.792
HIST-017,Compressor,157,2024-02-09 00:00:00,61.722,2.508,103.95,39.634,1560.754
HIST-017,Compressor,158,2024-02-09 06:00:00,61.064,2.453,100.515,43.367,1552.503
HIST-017,Compressor,159,2024-02-09 12:00:00,66.478,1.779,96.07,44.876,1443.267
HIST-017,Compressor,160,2024-02-09 18:00:00,64.155,1.875,98.998,39.152,1501.175
HIST-017,Compressor,161,2024-02-10 00:00:00,66.939,2.131,101.67,41.132,1427.995
HIST-017,Compressor,162,2024-02-10 06:00:00,64.135,2.307,105.387,40.867,1394.514
HIST-017,Compressor,163,2024-02-10 12:00:00,65.71,2.609,94.131,44.113,1488.4
HIST-017,Compressor,164,2024-02-10 18:00:00,64.749,2.22,101.084,40.704,1582.632
HIST-017,Compressor,165,2024-02-11 00:00:00,65.089,2.711,97.203,42.987,1484.712
HIST-017,Compressor,166,2024-02-11 06:00:00,65.186,1.988,101.523,41.46,1632.873
HIST-017,Compressor,167,2024-02-11 12:00:00,64.109,2.039,101.763,46.748,1506.594
HIST-017,Compressor,168,2024-02-11 18:00:00,62.541,2.108,99.301,44.25,1523.446
HIST-017,Compressor,169,2024-02-12 00:00:00,66.532,1.955,101.895,43.668,1416.271
HIST-017,Compressor,170,2024-02-12 06:00:00,68.187,2.548,103.42,42.328,1488.189
HIST-017,Compressor,171,2024-02-12 12:00:00,68.318,1.369,99.506,41.817,1420.352
HIST-017,Compressor,172,2024-02-12 18:00:00,63.893,2.049,95.989,44.507,1358.978
HIST-017,Compressor,173,2024-02-13 00:00:00,63.534,2.544,104.277,40.634,1415.255
HIST-017,Compressor,174,2024-02-13 06:00:00,63.891,2.106,102.486,40.868,1499.143
HIST-017,Compressor,175,2024-02-13 12:00:00,64.648,2.522,101.691,44.609,1468.066
HIST-017,Compressor,176,2024-02-13 18:00:00,64.895,2.859,97.927,44.64,1452.944
HIST-017,Compressor,177,2024-02-14 00:00:00,63.004,2.224,102.956,43.195,1536.317
HIST-017,Compressor,178,2024-02-14 06:00:00,62.041,2.551,106.127,44.07,1393.075
HIST-017,Compressor,179,2024-02-14 12:00:00,65.1,2.926,99.636,41.929,1483.823
HIST-017,Compressor,180,2024-02-14 18:00:00,57.939,2.321,100.283,46.142,1549.386
HIST-017,Compressor,181,2024-02-15 00:00:00,64.799,2.186,96.804,44.977,1586.525
HIST-017,Compressor,182,2024-02-15 06:00:00,63.111,2.471,97.841,44.047,1532.526
HIST-017,Compressor,183,2024-02-15 12:00:00,66.56,2.555,96.776,43.759,1510.04
HIST-017,Compressor,184,2024-02-15 18:00:00,67.095,2.188,100.392,42.9,1470.352
HIST-017,Compressor,185,2024-02-16 00:00:00,67.142,2.055,98.978,43.909,1487.676
HIST-017,Compressor,186,2024-02-16 06:00:00,64.307,2.715,101.118,45.602,1593.184
HIST-017,Compressor,187,2024-02-16 12:00:00,62.73,2.119,97.324,47.326,1501.291
HIST-017,Compressor,188,2024-02-16 18:00:00,63.371,2.558,99.497,45.812,1514.507
HIST-017,Compressor,189,2024-02-17 00:00:00,65.575,2.279,97.139,45.786,1540.607
HIST-017,Compressor,190,2024-02-17 06:00:00,61.708,2.748,100.563,46.033,1477.374
HIST-017,Compressor,191,2024-02-17 12:00:00,67.787,1.945,95.103,48.643,1527.863
HIST-017,Compressor,192,2024-02-17 18:00:00,64.339,1.945,100.455,47.276,1456.42
HIST-017,Compressor,193,2024-02-18 00:00:00,66.0,2.456,99.164,47.108,1459.392
HIST-017,Compressor,194,2024-02-18 06:00:00,61.437,1.861,100.543,47.414,1568.947
HIST-017,Compressor,195,2024-02-18 12:00:00,63.148,2.235,95.043,45.882,1405.183
HIST-017,Compressor,196,2024-02-18 18:00:00,61.189,2.665,101.964,46.852,1544.785
HIST-017,Compressor,197,2024-02-19 00:00:00,67.042,1.665,99.104,48.683,1460.345
HIST-017,Compressor,198,2024-02-19 06:00:00,64.68,2.321,100.651,48.419,1370.87
HIST-017,Compressor,199,2024-02-19 12:00:00,66.143,2.564,94.39,48.631,1447.522
HIST-017,Compressor,200,2024-02-19 18:00:00,65.127,2.192,96.272,46.678,1518.877
HIST-017,Compressor,201,2024-02-20 00:00:00,65.937,1.922,98.83,45.772,1503.186
HIST-017,Compressor,202,2024-02-20 06:00:00,64.325,2.121,104.127,47.854,1547.041
HIST-017,Compressor,203,2024-02-20 12:00:00,64.593,1.948,101.582,49.968,1542.495
HIST-017,Compressor,204,2024-02-20 18:00:00,64.817,2.221,100.39,50.449,1404.801
HIST-017,Compressor,205,2024-02-21 00:00:00,65.811,2.117,97.227,43.558,1541.06
HIST-017,Compressor,206,2024-02-21 06:00:00,65.864,2.046,96.681,50.478,1520.461
HIST-017,Compressor,207,2024-02-21 12:00:00,70.623,2.34,100.83,48.644,1508.935
HIST-017,Compressor,208,2024-02-21 18:00:00,68.363,2.674,102.102,48.923,1515.964
HIST-017,Compressor,209,2024-02-22 00:00:00,61.442,2.298,100.627,45.559,1370.852
HIST-017,Compressor,210,2024-02-22 06:00:00,64.714,2.603,105.129,48.317,1414.096
HIST-017,Compressor,211,2024-02-22 12:00:00,64.188,2.674,97.953,50.302,1573.089
HIST-017,Compressor,212,2024-02-22 18:00:00,67.56,2.024,100.538,47.066,1497.833
HIST-017,Compressor,213,2024-02-23 00:00:00,64.369,2.282,94.92,46.958,1648.687
HIST-017,Compressor,214,2024-02-23 06:00:00,65.929,2.073,100.633,49.21,1412.169
HIST-017,Compressor,215,2024-02-23 12:00:00,60.326,1.755,104.408,50.787,1612.812
HIST-017,Compressor,216,2024-02-23 18:00:00,61.973,2.307,96.875,52.107,1473.034
HIST-017,Compressor,217,2024-02-24 00:00:00,69.185,1.884,102.526,49.491,1552.367
HIST-017,Compressor,218,2024-02-24 06:00:00,65.1,2.345,104.323,50.78,1473.969
HIST-017,Compressor,219,2024-02-24 12:00:00,63.003,1.733,97.931,51.308,1501.985
HIST-017,Compressor,220,2024-02-24 18:00:00,65.486,2.251,101.401,51.714,1556.72
HIST-017,Compressor,221,2024-02-25 00:00:00,62.894,1.729,104.739,51.365,1457.27
HIST-017,Compressor,222,2024-02-25 06:00:00,64.433,2.402,100.691,50.845,1550.109
HIST-017,Compressor,223,2024-02-25 12:00:00,62.095,2.082,102.36,50.394,1487.784
HIST-017,Compressor,224,2024-02-25 18:00:00,63.423,2.053,94.678,51.74,1539.576
HIST-017,Compressor,225,2024-02-26 00:00:00,64.167,2.538,101.791,53.887,1321.243
HIST-017,Compressor,226,2024-02-26 06:00:00,67.241,2.104,101.552,52.896,1473.019
HIST-017,Compressor,227,2024-02-26 12:00:00,65.928,2.233,96.021,54.747,1615.066
HIST-017,Compressor,228,2024-02-26 18:00:00,66.277,2.14,97.107,51.322,1567.185
HIST-017,Compressor,229,2024-02-27 00:00:00,64.948,2.352,101.812,47.832,1578.057
HIST-017,Compressor,230,2024-02-27 06:00:00,66.646,2.513,99.092,51.284,1496.115
HIST-017,Compressor,231,2024-02-27 12:00:00,63.253,2.451,103.336,54.573,1604.989
HIST-017,Compressor,232,2024-02-27 18:00:00,63.535,2.06,100.932,52.886,1492.102
HIST-017,Compressor,233,2024-02-28 00:00:00,65.815,2.563,100.169,54.128,1469.587
HIST-017,Compressor,234,2024-02-28 06:00:00,64.442,1.925,99.489,53.155,1559.305
HIST-017,Compressor,235,2024-02-28 12:00:00,64.972,1.977,100.878,53.238,1535.723
HIST-017,Compressor,236,2024-02-28 18:00:00,64.672,2.162,102.409,51.672,1560.84
HIST-017,Compressor,237,2024-02-29 00:00:00,67.507,2.514,101.602,55.992,1467.54
HIST-017,Compressor,238,2024-02-29 06:00:00,67.611,1.849,98.731,53.998,1515.929
HIST-017,Compressor,239,2024-02-29 12:00:00,63.748,2.467,103.718,54.857,1572.052
HIST-017,Compressor,240,2024-02-29 18:00:00,61.48,2.184,101.973,56.278,1539.856
HIST-017,Compressor,241,2024-03-01 00:00:00,63.577,2.07,101.156,52.132,1407.039
HIST-017,Compressor,242,2024-03-01 06:00:00,63.206,2.529,100.275,54.329,1456.524
HIST-017,Compressor,243,2024-03-01 12:00:00,66.663,1.959,101.5,55.64,1447.808
HIST-017,Compressor,244,2024-03-01 18:00:00,66.841,2.886,94.505,57.107,1488.103
HIST-017,Compressor,245,2024-03-02 00:00:00,62.938,2.147,100.724,54.311,1338.382
HIST-017,Compressor,246,2024-03-02 06:00:00,63.491,2.245,104.921,58.867,1617.738
HIST-017,Compressor,247,2024-03-02 12:00:00,62.042,2.663,100.66,54.958,1451.036
HIST-017,Compressor,248,2024-03-02 18:00:00,65.269,2.253,100.25,51.863,1430.115
HIST-017,Compressor,249,2024-03-03 00:00:00,64.91,2.557,98.212,56.578,1351.641
HIST-017,Compressor,250,2024-03-03 06:00:00,66.578,1.614,101.478,57.148,1575.89
HIST-017,Compressor,251,2024-03-03 12:00:00,65.994,2.067,99.415,58.543,1502.899
HIST-017,Compressor,252,2024-03-03 18:00:00,66.22,2.319,103.928,57.294,1483.4
HIST-017,Compressor,253,2024-03-04 00:00:00,61.916,2.524,97.409,56.517,1482.463
HIST-017,Compressor,254,2024-03-04 06:00:00,63.747,2.431,98.643,57.578,1529.588
HIST-017,Compressor,255,2024-03-04 12:00:00,66.898,2.403,98.197,56.491,1463.568
HIST-017,Compressor,256,2024-03-04 18:00:00,63.923,2.518,105.504,55.436,1363.569
HIST-017,Compressor,257,2024-03-05 00:00:00,61.745,2.343,99.431,58.531,1424.869
HIST-017,Compressor,258,2024-03-05 06:00:00,66.616,1.557,98.356,57.715,1415.032
HIST-017,Compressor,259,2024-03-05 12:00:00,63.845,2.633,93.728,60.217,1504.804
HIST-017,Compressor,260,2024-03-05 18:00:00,67.125,1.949,97.266,56.553,1575.084
HIST-017,Compressor,261,2024-03-06 00:00:00,64.963,2.294,101.584,59.54,1574.497
HIST-017,Compressor,262,2024-03-06 06:00:00,64.446,2.254,101.572,63.449,1384.021
HIST-017,Compressor,263,2024-03-06 12:00:00,67.726,2.214,98.046,60.692,1525.048
HIST-017,Compressor,264,2024-03-06 18:00:00,62.395,1.868,98.213,59.544,1445.319
HIST-017,Compressor,265,2024-03-07 00:00:00,67.868,1.618,105.58,62.889,1727.694
HIST-017,Compressor,266,2024-03-07 06:00:00,63.721,1.899,108.089,60.748,1572.022
HIST-017,Compressor,267,2024-03-07 12:00:00,65.325,2.448,103.449,59.622,1603.441
HIST-017,Compressor,268,2024-03-07 18:00:00,65.344,1.766,104.678,59.957,1562.222
HIST-017,Compressor,269,2024-03-08 00:00:00,64.146,1.936,105.314,62.609,1518.918
HIST-017,Compressor,270,2024-03-08 06:00:00,63.476,2.325,106.644,58.712,1474.958
HIST-017,Compressor,271,2024-03-08 12:00:00,64.26,1.892,99.094,63.661,1480.689
HIST-017,Compressor,272,2024-03-08 18:00:00,62.971,2.037,97.365,61.614,1455.412
HIST-018,Motor,1,2024-01-01 00:00:00,68.121,2.347,100.236,41.018,1486.494
HIST-018,Motor,2,2024-01-01 06:00:00,64.286,1.757,99.23,38.632,1506.566
HIST-018,Motor,3,2024-01-01 12:00:00,63.555,2.524,98.236,41.029,1493.183
HIST-018,Motor,4,2024-01-01 18:00:00,62.033,2.22,96.113,42.551,1466.791
HIST-018,Motor,5,2024-01-02 00:00:00,65.489,2.116,103.56,39.621,1508.385
HIST-018,Motor,6,2024-01-02 06:00:00,67.459,2.839,98.639,40.658,1491.658
HIST-018,Motor,7,2024-01-02 12:00:00,67.559,2.521,107.06,40.049,1504.786
HIST-018,Motor,8,2024-01-02 18:00:00,67.757,1.888,100.105,40.788,1514.846
HIST-018,Motor,9,2024-01-03 00:00:00,65.831,2.167,101.055,40.155,1503.519
HIST-018,Motor,10,2024-01-03 06:00:00,65.18,3.021,100.118,39.225,1504.924
HIST-018,Motor,11,2024-01-03 12:00:00,67.565,2.794,101.025,38.643,1486.981
HIST-018,Motor,12,2024-01-03 18:00:00,62.78,2.477,103.278,42.386,1510.602
HIST-018,Motor,13,2024-01-04 00:00:00,64.118,1.646,103.313,40.658,1497.155
HIST-018,Motor,14,2024-01-04 06:00:00,68.422,2.6,94.7,41.246,1470.024
HIST-018,Motor,15,2024-01-04 12:00:00,62.851,2.009,102.566,40.599,1512.409
HIST-018,Motor,16,2024-01-04 18:00:00,64.931,2.597,101.491,41.464,1516.995
HIST-018,Motor,17,2024-01-05 00:00:00,66.263,1.983,100.108,38.656,1522.217
HIST-018,Motor,18,2024-01-05 06:00:00,65.165,2.347,105.138,40.125,1532.562
HIST-018,Motor,19,2024-01-05 12:00:00,67.299,2.008,105.258,40.758,1511.603
HIST-018,Motor,20,2024-01-05 18:00:00,68.051,2.091,102.714,41.939,1507.71
HIST-018,Motor,21,2024-01-06 00:00:00,65.959,2.387,98.369,44.01,1516.373
HIST-018,Motor,22,2024-01-06 06:00:00,67.78,1.804,96.423,40.611,1486.695
HIST-018,Motor,23,2024-01-06 12:00:00,63.143,2.912,102.263,39.008,1474.92
HIST-018,Motor,24,2024-01-06 18:00:00,64.685,1.892,104.079,38.207,1492.845
HIST-018,Motor,25,2024-01-07 00:00:00,69.81,1.875,93.914,38.643,1519.159
HIST-018,Motor,26,2024-01-07 06:00:00,68.886,2.388,103.259,38.839,1490.084
HIST-018,Motor,27,2024-01-07 12:00:00,62.446,2.588,99.235,35.648,1506.984
HIST-018,Motor,28,2024-01-07 18:00:00,64.974,2.103,94.573,38.987,1508.599
HIST-018,Motor,29,2024-01-08 00:00:00,65.272,1.879,101.408,41.075,1503.664
HIST-018,Motor,30,2024-01-08 06:00:00,65.833,1.923,102.728,40.113,1480.836
HIST-018,Motor,31,2024-01-08 12:00:00,67.548,1.891,98.946,39.612,1505.141
HIST-018,Motor,32,2024-01-08 18:00:00,68.678,2.292,96.828,37.567,1493.677
HIST-018,Motor,33,2024-01-09 00:00:00,65.075,2.179,105.136,41.576,1525.543
HIST-018,Motor,34,2024-01-09 06:00:00,67.244,2.328,97.994,40.768,1517.053
HIST-018,Motor,35,2024-01-09 12:00:00,66.296,2.309,103.478,39.981,1494.206
HIST-018,Motor,36,2024-01-09 18:00:00,64.958,2.447,95.461,36.696,1526.486
HIST-018,Motor,37,2024-01-10 00:00:00,61.604,2.077,101.248,39.264,1505.156
HIST-018,Motor,38,2024-01-10 06:00:00,67.037,1.979,101.163,40.651,1474.925
HIST-018,Motor,39,2024-01-10 12:00:00,66.21,2.247,102.62,39.957,1498.825
HIST-018,Motor,40,2024-01-10 18:00:00,65.779,2.184,104.479,40.288,1524.529
HIST-018,Motor,41,2024-01-11 00:00:00,63.037,2.276,97.559,41.028,1487.702
HIST-018,Motor,42,2024-01-11 06:00:00,68.918,1.986,101.562,40.232,1498.976
HIST-018,Motor,43,2024-01-11 12:00:00,65.305,2.393,95.9,40.975,1479.602
HIST-018,Motor,44,2024-01-11 18:00:00,62.717,1.846,95.866,38.735,1481.983
HIST-018,Motor,45,2024-01-12 00:00:00,62.395,2.068,98.265,38.166,1487.486
HIST-018,Motor,46,2024-01-12 06:00:00,66.355,2.539,101.228,40.716,1481.589
HIST-018,Motor,47,2024-01-12 12:00:00,66.414,1.861,105.031,41.024,1490.726
HIST-018,Motor,48,2024-01-12 18:00:00,64.074,2.515,105.577,40.778,1526.074
HIST-018,Motor,49,2024-01-13 00:00:00,65.925,1.777,98.935,40.197,1499.459
HIST-018,Motor,50,2024-01-13 06:00:00,66.335,1.724,100.917,39.514,1511.783
HIST-018,Motor,51,2024-01-13 12:00:00,65.28,1.752,102.829,40.316,1516.374
HIST-018,Motor,52,2024-01-13 18:00:00,63.597,2.235,102.296,40.569,1483.373
HIST-018,Motor,53,2024-01-14 00:00:00,66.923,2.419,99.492,40.659,1487.527
HIST-018,Motor,54,2024-01-14 06:00:00,66.675,2.588,100.228,43.911,1511.487
HIST-018,Motor,55,2024-01-14 12:00:00,66.135,2.564,99.669,38.619,1490.486
HIST-018,Motor,56,2024-01-14 18:00:00,63.333,2.459,99.375,44.839,1510.494
HIST-018,Motor,57,2024-01-15 00:00:00,62.338,1.95,98.976,38.115,1525.16
HIST-018,Motor,58,2024-01-15 06:00:00,65.153,1.948,99.641,40.579,1478.169
HIST-018,Motor,59,2024-01-15 12:00:00,66.859,2.436,98.783,38.208,1494.646
HIST-018,Motor,60,2024-01-15 18:00:00,67.081,2.626,96.594,40.459,1497.026
HIST-018,Motor,61,2024-01-16 00:00:00,66.169,1.891,102.588,41.473,1492.105
HIST-018,Motor,62,2024-01-16 06:00:00,64.099,2.588,101.549,40.049,1490.88
HIST-018,Motor,63,2024-01-16 12:00:00,63.392,1.624,105.63,41.46,1492.618
HIST-018,Motor,64,2024-01-16 18:00:00,64.966,2.317,101.109,39.364,1499.771
HIST-018,Motor,65,2024-01-17 00:00:00,64.985,2.169,98.749,36.925,1502.473
HIST-018,Motor,66,2024-01-17 06:00:00,67.215,2.139,98.121,40.94,1514.301
HIST-018,Motor,67,2024-01-17 12:00:00,64.041,2.209,100.142,40.046,1499.623
HIST-018,Motor,68,2024-01-17 18:00:00,64.207,1.944,101.659,39.281,1516.773
HIST-018,Motor,69,2024-01-18 00:00:00,69.11,2.334,99.266,39.384,1491.123
HIST-018,Motor,70,2024-01-18 06:00:00,68.102,2.218,95.589,40.61,1481.98
HIST-018,Motor,71,2024-01-18 12:00:00,63.234,2.481,97.783,38.778,1495.429
HIST-018,Motor,72,2024-01-18 18:00:00,67.938,2.677,100.054,40.563,1506.937
HIST-018,Motor,73,2024-01-19 00:00:00,62.756,2.238,102.221,41.783,1512.907
HIST-018,Motor,74,2024-01-19 06:00:00,64.132,1.954,95.543,43.09,1521.904
HIST-018,Motor,75,2024-01-19 12:00:00,64.36,1.859,100.795,42.107,1504.353
HIST-018,Motor,76,2024-01-19 18:00:00,64.845,2.709,100.663,40.243,1511.295
HIST-018,Motor,77,2024-01-20 00:00:00,66.24,2.671,98.645,40.386,1520.532
HIST-018,Motor,78,2024-01-20 06:00:00,65.213,2.466,98.239,39.4,1488.311
HIST-018,Motor,79,2024-01-20 12:00:00,66.229,2.218,97.791,39.302,1496.848
HIST-018,Motor,80,2024-01-20 18:00:00,64.196,2.445,100.422,41.308,1541.564
HIST-018,Motor,81,2024-01-21 00:00:00,65.748,2.591,103.38,39.539,1512.846
HIST-018,Motor,82,2024-01-21 06:00:00,65.158,2.015,103.593,40.549,1507.661
HIST-018,Motor,83,2024-01-21 12:00:00,62.223,2.209,96.628,38.556,1513.405
HIST-018,Motor,84,2024-01-21 18:00:00,65.966,1.868,99.439,42.055,1479.965
HIST-018,Motor,85,2024-01-22 00:00:00,65.192,2.161,93.419,39.516,1490.298
HIST-018,Motor,86,2024-01-22 06:00:00,63.572,2.663,100.328,41.632,1484.816
HIST-018,Motor,87,2024-01-22 12:00:00,64.15,2.524,101.793,38.944,1506.279
HIST-018,Motor,88,2024-01-22 18:00:00,64.199,2.241,104.713,38.865,1494.466
HIST-018,Motor,89,2024-01-23 00:00:00,64.51,1.392,94.641,41.992,1501.431
HIST-018,Motor,90,2024-01-23 06:00:00,68.518,2.003,96.736,39.061,1495.335
HIST-018,Motor,91,2024-01-23 12:00:00,69.181,2.231,100.432,37.648,1475.604
HIST-018,Motor,92,2024-01-23 18:00:00,59.548,2.135,95.145,38.44,1513.275
HIST-018,Motor,93,2024-01-24 00:00:00,65.976,2.21,100.517,41.285,1473.567
HIST-018,Motor,94,2024-01-24 06:00:00,66.91,2.273,101.869,41.141,1489.085
HIST-018,Motor,95,2024-01-24 12:00:00,64.568,2.04,96.156,38.856,1480.268
HIST-018,Motor,96,2024-01-24 18:00:00,66.856,2.198,100.398,39.052,1486.804
HIST-018,Motor,97,2024-01-25 00:00:00,68.308,2.155,96.363,41.01,1503.028
HIST-018,Motor,98,2024-01-25 06:00:00,62.256,1.989,104.126,41.974,1518.525
HIST-018,Motor,99,2024-01-25 12:00:00,65.268,2.754,100.62,39.897,1476.585
HIST-018,Motor,100,2024-01-25 18:00:00,68.913,2.057,98.08,40.831,1491.642
HIST-018,Motor,101,2024-01-26 00:00:00,62.524,1.524,96.286,41.31,1473.764
HIST-018,Motor,102,2024-01-26 06:00:00,64.77,2.735,101.167,43.23,1490.919
HIST-018,Motor,103,2024-01-26 12:00:00,64.103,1.946,104.074,38.266,1501.078
HIST-018,Motor,104,2024-01-26 18:00:00,67.104,2.47,97.685,38.997,1511.506
HIST-018,Motor,105,2024-01-27 00:00:00,67.382,1.996,98.681,39.24,1468.222
HIST-018,Motor,106,2024-01-27 06:00:00,65.325,2.371,97.744,41.241,1508.258
HIST-018,Motor,107,2024-01-27 12:00:00,65.064,2.186,104.666,39.622,1485.41
HIST-018,Motor,108,2024-01-27 18:00:00,61.562,2.5,94.274,40.468,1481.757
HIST-018,Motor,109,2024-01-28 00:00:00,67.846,2.136,103.857,40.183,1501.012
HIST-018,Motor,110,2024-01-28 06:00:00,64.294,2.003,98.868,40.003,1509.407
HIST-018,Motor,111,2024-01-28 12:00:00,64.715,2.277,99.785,40.161,1498.493
HIST-018,Motor,112,2024-01-28 18:00:00,66.943,2.085,98.978,41.545,1483.603
HIST-018,Motor,113,2024-01-29 00:00:00,65.395,1.621,100.719,38.544,1498.485
HIST-018,Motor,114,2024-01-29 06:00:00,67.008,2.02,97.811,39.777,1489.122
HIST-018,Motor,115,2024-01-29 12:00:00,66.207,3.061,103.175,38.177,1509.06
HIST-018,Motor,116,2024-01-29 18:00:00,65.408,1.654,103.297,40.34,1516.13
HIST-018,Motor,117,2024-01-30 00:00:00,65.621,2.272,97.05,39.707,1515.172
HIST-018,Motor,118,2024-01-30 06:00:00,62.754,2.127,102.002,41.604,1523.598
HIST-018,Motor,119,2024-01-30 12:00:00,64.702,2.751,98.931,39.993,1538.968
HIST-018,Motor,120,2024-01-30 18:00:00,67.168,1.867,100.155,39.334,1485.447
HIST-018,Motor,121,2024-01-31 00:00:00,63.203,2.23,104.575,39.63,1502.974
HIST-018,Motor,122,2024-01-31 06:00:00,63.569,2.406,97.978,42.585,1497.644
HIST-018,Motor,123,2024-01-31 12:00:00,63.241,2.146,102.78,37.645,1457.465
HIST-018,Motor,124,2024-01-31 18:00:00,65.307,1.97,101.371,39.059,1506.041
HIST-018,Motor,125,2024-02-01 00:00:00,67.805,2.193,99.418,40.054,1533.822
HIST-018,Motor,126,2024-02-01 06:00:00,66.094,2.107,101.102,39.045,1490.321
HIST-018,Motor,127,2024-02-01 12:00:00,60.646,2.232,100.745,40.736,1535.722
HIST-018,Motor,128,2024-02-01 18:00:00,66.297,2.479,96.525,39.915,1543.157
HIST-018,Motor,129,2024-02-02 00:00:00,64.116,2.321,98.18,40.384,1522.553
HIST-018,Motor,130,2024-02-02 06:00:00,66.019,2.366,96.864,40.177,1468.671
HIST-018,Motor,131,2024-02-02 12:00:00,64.701,2.299,99.17,39.845,1564.921
HIST-018,Motor,132,2024-02-02 18:00:00,63.279,2.488,104.035,38.064,1514.531
HIST-018,Motor,133,2024-02-03 00:00:00,64.857,2.591,101.743,40.264,1431.081
HIST-018,Motor,134,2024-02-03 06:00:00,64.117,2.114,95.702,37.355,1546.465
HIST-018,Motor,135,2024-02-03 12:00:00,65.615,2.446,99.18,38.992,1492.335
HIST-018,Motor,136,2024-02-03 18:00:00,63.228,1.811,100.701,40.734,1495.831
HIST-018,Motor,137,2024-02-04 00:00:00,62.75,1.524,102.232,41.785,1521.022
HIST-018,Motor,138,2024-02-04 06:00:00,66.464,2.748,98.048,43.524,1418.329
HIST-018,Motor,139,2024-02-04 12:00:00,67.218,2.1,96.288,39.358,1471.579
HIST-018,Motor,140,2024-02-04 18:00:00,66.16,2.276,99.831,38.702,1493.905
HIST-018,Motor,141,2024-02-05 00:00:00,63.702,1.832,101.707,40.783,1519.743
HIST-018,Motor,142,2024-02-05 06:00:00,63.52,1.819,100.705,42.805,1574.516
HIST-018,Motor,143,2024-02-05 12:00:00,63.635,1.986,97.346,42.299,1485.442
HIST-018,Motor,144,2024-02-05 18:00:00,66.781,2.393,105.264,38.447,1525.66
HIST-018,Motor,145,2024-02-06 00:00:00,63.35,2.045,99.704,39.789,1605.227
HIST-018,Motor,146,2024-02-06 06:00:00,66.768,2.099,100.581,41.276,1501.305
HIST-018,Motor,147,2024-02-06 12:00:00,66.274,1.977,98.014,41.38,1547.321
HIST-018,Motor,148,2024-02-06 18:00:00,67.475,2.55,103.32,40.888,1479.792
HIST-018,Motor,149,2024-02-07 00:00:00,67.126,2.461,101.716,39.327,1590.849
HIST-018,Motor,150,2024-02-07 06:00:00,66.085,2.055,100.944,40.874,1477.693
HIST-018,Motor,151,2024-02-07 12:00:00,62.063,2.405,96.545,41.394,1483.135
HIST-018,Motor,152,2024-02-07 18:00:00,66.22,2.126,103.282,38.602,1496.615
HIST-018,Motor,153,2024-02-08 00:00:00,65.231,2.099,102.271,41.995,1493.498
HIST-018,Motor,154,2024-02-08 06:00:00,64.253,2.185,103.045,41.488,1472.675
HIST-018,Motor,155,2024-02-08 12:00:00,67.724,2.393,100.111,38.887,1474.301
HIST-018,Motor,156,2024-02-08 18:00:00,64.697,1.932,99.775,41.387,1568.09
HIST-018,Motor,157,2024-02-09 00:00:00,63.941,4.144,99.454,41.22,1540.528
HIST-018,Motor,158,2024-02-09 06:00:00,67.248,2.949,106.837,41.277,1508.679
HIST-018,Motor,159,2024-02-09 12:00:00,64.19,3.336,98.373,42.364,1519.299
HIST-018,Motor,160,2024-02-09 18:00:00,63.841,2.211,96.441,39.984,1464.062
HIST-018,Motor,161,2024-02-10 00:00:00,62.746,2.175,98.88,40.497,1586.398
HIST-018,Motor,162,2024-02-10 06:00:00,63.36,2.343,98.401,36.042,1497.886
HIST-018,Motor,163,2024-02-10 12:00:00,63.531,1.717,103.78,41.674,1545.857
HIST-018,Motor,164,2024-02-10 18:00:00,66.242,2.71,95.932,41.529,1502.984
HIST-018,Motor,165,2024-02-11 00:00:00,62.962,2.494,98.316,42.034,1564.275
HIST-018,Motor,166,2024-02-11 06:00:00,61.284,2.007,100.572,38.595,1509.387
HIST-018,Motor,167,2024-02-11 12:00:00,65.606,2.209,103.805,41.443,1466.055
HIST-018,Motor,168,2024-02-11 18:00:00,63.732,2.033,102.139,41.528,1531.354
HIST-018,Motor,169,2024-02-12 00:00:00,64.967,2.29,104.857,39.024,1545.724
HIST-018,Motor,170,2024-02-12 06:00:00,67.565,2.218,101.037,41.584,1494.249
HIST-018,Motor,171,2024-02-12 12:00:00,65.143,2.269,99.389,40.695,1547.237
HIST-018,Motor,172,2024-02-12 18:00:00,68.019,1.892,102.567,37.453,1524.14
HIST-018,Motor,173,2024-02-13 00:00:00,64.864,2.056,95.899,40.877,1548.895
HIST-018,Motor,174,2024-02-13 06:00:00,67.014,2.544,94.87,38.849,1545.459
HIST-018,Motor,175,2024-02-13 12:00:00,63.905,2.04,102.929,37.486,1538.066
HIST-018,Motor,176,2024-02-13 18:00:00,65.215,1.407,100.632,40.55,1512.756
HIST-018,Motor,177,2024-02-14 00:00:00,63.134,2.155,102.892,39.902,1499.281
HIST-018,Motor,178,2024-02-14 06:00:00,63.372,2.923,97.443,42.106,1496.987
HIST-018,Motor,179,2024-02-14 12:00:00,64.551,4.591,103.854,40.273,1488.88
HIST-018,Motor,180,2024-02-14 18:00:00,62.343,2.025,102.011,41.168,1511.621
HIST-018,Motor,181,2024-02-15 00:00:00,65.319,2.185,99.907,40.763,1479.815
HIST-018,Motor,182,2024-02-15 06:00:00,64.394,2.404,100.622,41.531,1516.271
HIST-018,Motor,183,2024-02-15 12:00:00,65.469,1.673,101.041,38.67,1504.475
HIST-018,Motor,184,2024-02-15 18:00:00,62.374,1.943,97.43,40.298,1477.712
HIST-018,Motor,185,2024-02-16 00:00:00,66.403,2.32,98.845,39.789,1523.779
HIST-018,Motor,186,2024-02-16 06:00:00,68.395,2.678,100.993,40.981,1474.534
HIST-018,Motor,187,2024-02-16 12:00:00,67.973,5.602,98.725,40.384,1493.662
HIST-018,Motor,188,2024-02-16 18:00:00,68.808,2.67,95.592,39.079,1438.475
HIST-018,Motor,189,2024-02-17 00:00:00,65.085,1.974,100.885,39.493,1485.45
HIST-018,Motor,190,2024-02-17 06:00:00,64.295,1.184,102.508,42.473,1454.841
HIST-018,Motor,191,2024-02-17 12:00:00,65.975,2.423,103.206,37.458,1517.22
HIST-018,Motor,192,2024-02-17 18:00:00,64.524,2.362,101.597,41.064,1496.411
HIST-018,Motor,193,2024-02-18 00:00:00,61.519,2.421,102.455,41.862,1438.869
HIST-018,Motor,194,2024-02-18 06:00:00,66.639,5.503,102.963,40.868,1559.523
HIST-018,Motor,195,2024-02-18 12:00:00,64.531,2.258,100.239,42.957,1467.661
HIST-018,Motor,196,2024-02-18 18:00:00,62.065,2.122,93.643,41.408,1555.343
HIST-018,Motor,197,2024-02-19 00:00:00,63.983,5.579,103.479,40.576,1474.042
HIST-018,Motor,198,2024-02-19 06:00:00,64.577,2.062,97.32,39.3,1534.185
HIST-018,Motor,199,2024-02-19 12:00:00,65.024,5.12,96.607,40.604,1465.888
HIST-018,Motor,200,2024-02-19 18:00:00,65.048,1.657,96.69,41.023,1500.269
HIST-018,Motor,201,2024-02-20 00:00:00,67.738,4.516,107.454,40.005,1444.461
HIST-018,Motor,202,2024-02-20 06:00:00,62.423,2.151,101.322,38.886,1557.311
HIST-018,Motor,203,2024-02-20 12:00:00,64.696,1.528,96.875,38.194,1497.57
HIST-018,Motor,204,2024-02-20 18:00:00,63.242,1.598,97.95,40.278,1515.018
HIST-018,Motor,205,2024-02-21 00:00:00,67.512,3.498,99.998,37.78,1521.171
HIST-018,Motor,206,2024-02-21 06:00:00,63.877,2.162,101.627,39.293,1501.433
HIST-018,Motor,207,2024-02-21 12:00:00,64.312,2.106,100.838,36.352,1531.245
HIST-018,Motor,208,2024-02-21 18:00:00,67.099,1.486,97.214,41.25,1528.293
HIST-018,Motor,209,2024-02-22 00:00:00,67.65,2.666,100.951,41.731,1523.537
HIST-018,Motor,210,2024-02-22 06:00:00,67.945,1.769,98.166,40.118,1514.448
HIST-018,Motor,211,2024-02-22 12:00:00,61.714,1.955,103.141,42.747,1506.186
HIST-018,Motor,212,2024-02-22 18:00:00,65.966,1.821,100.169,42.021,1574.359
HIST-018,Motor,213,2024-02-23 00:00:00,65.54,2.59,97.722,40.72,1462.502
HIST-018,Motor,214,2024-02-23 06:00:00,64.898,2.326,102.067,39.83,1431.889
HIST-018,Motor,215,2024-02-23 12:00:00,65.133,2.058,101.15,39.476,1441.55
HIST-018,Motor,216,2024-02-23 18:00:00,67.572,7.692,98.575,40.844,1458.298
HIST-018,Motor,217,2024-02-24 00:00:00,67.077,2.254,102.19,39.788,1471.243
HIST-018,Motor,218,2024-02-24 06:00:00,66.794,1.826,101.887,40.822,1487.065
HIST-018,Motor,219,2024-02-24 12:00:00,65.414,2.314,103.605,40.934,1496.963
HIST-018,Motor,220,2024-02-24 18:00:00,69.541,2.035,102.13,39.656,1498.492
HIST-018,Motor,221,2024-02-25 00:00:00,64.199,2.356,99.358,41.644,1483.862
HIST-018,Motor,222,2024-02-25 06:00:00,61.768,2.346,94.928,39.657,1459.879
HIST-018,Motor,223,2024-02-25 12:00:00,64.47,2.022,100.56,40.032,1534.47
HIST-018,Motor,224,2024-02-25 18:00:00,65.115,1.584,101.025,38.534,1529.255
HIST-018,Motor,225,2024-02-26 00:00:00,67.606,2.126,100.154,39.594,1541.151
HIST-018,Motor,226,2024-02-26 06:00:00,63.978,1.765,90.967,43.237,1543.568
HIST-019,Turbine,1,2024-01-01 00:00:00,65.547,2.098,96.466,40.51,1507.272
HIST-019,Turbine,2,2024-01-01 06:00:00,66.596,2.102,99.729,41.431,1540.863
HIST-019,Turbine,3,2024-01-01 12:00:00,66.441,1.79,103.914,40.15,1501.57
HIST-019,Turbine,4,2024-01-01 18:00:00,64.751,2.398,103.073,37.685,1513.852
HIST-019,Turbine,5,2024-01-02 00:00:00,65.207,2.131,98.964,41.1,1523.651
HIST-019,Turbine,6,2024-01-02 06:00:00,64.737,2.59,98.902,40.634,1537.556
HIST-019,Turbine,7,2024-01-02 12:00:00,63.294,2.127,98.681,41.757,1503.685
HIST-019,Turbine,8,2024-01-02 18:00:00,60.711,2.078,98.681,38.126,1518.796
HIST-019,Turbine,9,2024-01-03 00:00:00,63.612,1.929,100.863,38.906,1488.173
HIST-019,Turbine,10,2024-01-03 06:00:00,65.398,2.212,103.172,40.588,1500.373
HIST-019,Turbine,11,2024-01-03 12:00:00,67.171,2.213,106.788,38.583,1493.303
HIST-019,Turbine,12,2024-01-03 18:00:00,66.592,2.423,97.51,36.471,1471.72
HIST-019,Turbine,13,2024-01-04 00:00:00,64.441,2.22,101.954,40.296,1475.954
HIST-019,Turbine,14,2024-01-04 06:00:00,63.64,2.828,101.627,41.343,1506.45
HIST-019,Turbine,15,2024-01-04 12:00:00,64.64,2.337,99.011,39.807,1506.745
HIST-019,Turbine,16,2024-01-04 18:00:00,63.05,1.904,96.922,40.822,1484.376
HIST-019,Turbine,17,2024-01-05 00:00:00,60.769,1.879,100.826,40.605,1523.361
HIST-019,Turbine,18,2024-01-05 06:00:00,61.91,2.36,106.36,40.016,1483.35
HIST-019,Turbine,19,2024-01-05 12:00:00,67.749,1.895,100.807,40.204,1503.859
HIST-019,Turbine,20,2024-01-05 18:00:00,68.715,2.378,97.638,42.024,1493.771
HIST-019,Turbine,21,2024-01-06 00:00:00,66.508,2.469,99.528,38.554,1501.604
HIST-019,Turbine,22,2024-01-06 06:00:00,64.884,2.476,96.579,41.16,1513.478
HIST-019,Turbine,23,2024-01-06 12:00:00,62.214,1.939,100.056,38.229,1511.36
HIST-019,Turbine,24,2024-01-06 18:00:00,64.678,2.476,102.05,38.808,1510.618
HIST-019,Turbine,25,2024-01-07 00:00:00,66.224,2.297,97.922,41.794,1508.702
HIST-019,Turbine,26,2024-01-07 06:00:00,66.66,2.018,90.233,38.185,1480.909
HIST-019,Turbine,27,2024-01-07 12:00:00,66.378,2.152,100.831,39.638,1517.018
HIST-019,Turbine,28,2024-01-07 18:00:00,67.419,2.341,98.495,43.542,1484.096
HIST-019,Turbine,29,2024-01-08 00:00:00,68.886,1.998,97.748,41.538,1498.409
HIST-019,Turbine,30,2024-01-08 06:00:00,64.19,2.291,97.722,38.894,1494.73
HIST-019,Turbine,31,2024-01-08 12:00:00,70.611,2.634,101.201,39.151,1505.252
HIST-019,Turbine,32,2024-01-08 18:00:00,60.96,2.489,98.776,39.745,1492.729
HIST-019,Turbine,33,2024-01-09 00:00:00,63.443,2.225,102.791,41.968,1497.622
HIST-019,Turbine,34,2024-01-09 06:00:00,65.4,2.27,102.857,38.498,1524.283
HIST-019,Turbine,35,2024-01-09 12:00:00,66.098,2.039,99.188,38.407,1480.571
HIST-019,Turbine,36,2024-01-09 18:00:00,64.637,2.047,98.437,41.07,1499.963
HIST-019,Turbine,37,2024-01-10 00:00:00,64.008,1.739,100.383,37.478,1483.288
HIST-019,Turbine,38,2024-01-10 06:00:00,69.405,2.275,99.564,38.633,1510.115
HIST-019,Turbine,39,2024-01-10 12:00:00,63.913,2.405,94.742,39.872,1489.099
HIST-019,Turbine,40,2024-01-10 18:00:00,62.961,2.179,105.742,39.949,1500.578
HIST-019,Turbine,41,2024-01-11 00:00:00,68.382,1.937,102.143,37.953,1480.13
HIST-019,Turbine,42,2024-01-11 06:00:00,66.698,2.22,98.61,40.531,1519.373
HIST-019,Turbine,43,2024-01-11 12:00:00,67.189,2.603,94.251,40.831,1501.092
HIST-019,Turbine,44,2024-01-11 18:00:00,65.392,2.469,99.459,39.006,1502.066
HIST-019,Turbine,45,2024-01-12 00:00:00,62.248,2.191,98.236,42.491,1512.436
HIST-019,Turbine,46,2024-01-12 06:00:00,65.169,2.814,99.818,40.509,1481.229
HIST-019,Turbine,47,2024-01-12 12:00:00,61.973,3.01,93.508,38.493,1490.775
HIST-019,Turbine,48,2024-01-12 18:00:00,65.485,2.056,98.583,42.431,1502.551
HIST-019,Turbine,49,2024-01-13 00:00:00,66.307,2.126,98.766,39.215,1473.57
HIST-019,Turbine,50,2024-01-13 06:00:00,67.151,2.408,99.423,40.268,1475.181
HIST-019,Turbine,51,2024-01-13 12:00:00,64.815,1.926,99.291,39.27,1487.681
HIST-019,Turbine,52,2024-01-13 18:00:00,66.496,2.455,100.157,40.936,1482.885
HIST-019,Turbine,53,2024-01-14 00:00:00,63.192,2.23,104.564,39.278,1494.842
HIST-019,Turbine,54,2024-01-14 06:00:00,66.933,2.311,98.455,39.369,1507.836
HIST-019,Turbine,55,2024-01-14 12:00:00,66.349,2.027,97.267,39.76,1511.248
HIST-019,Turbine,56,2024-01-14 18:00:00,63.399,1.964,94.818,39.247,1527.141
HIST-019,Turbine,57,2024-01-15 00:00:00,66.061,1.604,98.467,41.608,1499.661
HIST-019,Turbine,58,2024-01-15 06:00:00,67.179,2.645,95.796,38.113,1502.315
HIST-019,Turbine,59,2024-01-15 12:00:00,65.157,2.482,102.88,39.944,1499.627
HIST-019,Turbine,60,2024-01-15 18:00:00,63.355,2.402,99.712,40.134,1504.804
HIST-019,Turbine,61,2024-01-16 00:00:00,65.356,2.304,102.818,39.813,1505.976
HIST-019,Turbine,62,2024-01-16 06:00:00,66.105,1.509,104.397,41.452,1513.832
HIST-019,Turbine,63,2024-01-16 12:00:00,63.34,1.975,97.405,37.744,1513.773
HIST-019,Turbine,64,2024-01-16 18:00:00,62.985,2.123,98.958,40.852,1507.79
HIST-019,Turbine,65,2024-01-17 00:00:00,66.043,1.876,103.995,38.133,1522.653
HIST-019,Turbine,66,2024-01-17 06:00:00,66.647,1.692,100.568,39.237,1500.401
HIST-019,Turbine,67,2024-01-17 12:00:00,69.3,1.907,101.565,37.978,1490.826
HIST-019,Turbine,68,2024-01-17 18:00:00,66.331,2.215,103.099,39.502,1493.279
HIST-019,Turbine,69,2024-01-18 00:00:00,62.582,2.215,102.69,39.133,1498.412
HIST-019,Turbine,70,2024-01-18 06:00:00,69.08,2.472,101.231,42.457,1483.745
HIST-019,Turbine,71,2024-01-18 12:00:00,67.11,2.819,104.189,40.362,1490.799
HIST-019,Turbine,72,2024-01-18 18:00:00,60.989,2.406,99.795,40.66,1482.902
HIST-019,Turbine,73,2024-01-19 00:00:00,62.939,2.147,101.558,38.339,1505.159
HIST-019,Turbine,74,2024-01-19 06:00:00,64.017,2.74,99.47,41.11,1505.307
HIST-019,Turbine,75,2024-01-19 12:00:00,66.676,1.725,103.062,42.457,1473.466
HIST-019,Turbine,76,2024-01-19 18:00:00,60.241,1.576,97.898,41.305,1490.189
HIST-019,Turbine,77,2024-01-20 00:00:00,64.762,1.934,94.951,38.032,1527.378
HIST-019,Turbine,78,2024-01-20 06:00:00,66.562,2.444,101.965,39.304,1509.447
HIST-019,Turbine,79,2024-01-20 12:00:00,59.332,2.251,96.94,40.163,1506.815
HIST-019,Turbine,80,2024-01-20 18:00:00,66.494,1.862,96.642,39.134,1490.036
HIST-019,Turbine,81,2024-01-21 00:00:00,66.734,1.982,103.795,43.799,1504.309
HIST-019,Turbine,82,2024-01-21 06:00:00,63.307,1.828,102.899,39.277,1499.782
HIST-019,Turbine,83,2024-01-21 12:00:00,62.693,1.828,98.972,39.935,1488.049
HIST-019,Turbine,84,2024-01-21 18:00:00,63.275,2.665,90.864,39.1,1492.593
HIST-019,Turbine,85,2024-01-22 00:00:00,59.656,2.157,101.6,40.348,1492.931
HIST-019,Turbine,86,2024-01-22 06:00:00,64.348,2.731,101.988,42.074,1477.67
HIST-019,Turbine,87,2024-01-22 12:00:00,65.439,1.933,101.55,40.172,1480.146
HIST-019,Turbine,88,2024-01-22 18:00:00,62.561,2.347,101.413,39.671,1497.008
HIST-019,Turbine,89,2024-01-23 00:00:00,66.944,2.268,99.456,38.389,1487.28
HIST-019,Turbine,90,2024-01-23 06:00:00,65.205,2.464,98.769,41.813,1495.486
HIST-019,Turbine,91,2024-01-23 12:00:00,65.52,2.276,96.682,39.784,1475.915
HIST-019,Turbine,92,2024-01-23 18:00:00,64.196,2.496,97.908,39.72,1512.02
HIST-019,Turbine,93,2024-01-24 00:00:00,66.486,2.366,100.964,36.492,1531.207
HIST-019,Turbine,94,2024-01-24 06:00:00,67.581,1.873,101.014,39.809,1515.411
HIST-019,Turbine,95,2024-01-24 12:00:00,64.185,2.42,102.369,39.398,1516.958
HIST-019,Turbine,96,2024-01-24 18:00:00,66.522,2.169,95.781,37.261,1509.392
HIST-019,Turbine,97,2024-01-25 00:00:00,66.544,1.967,95.022,41.484,1503.984
HIST-019,Turbine,98,2024-01-25 06:00:00,65.836,2.408,98.861,39.197,1501.298
HIST-019,Turbine,99,2024-01-25 12:00:00,68.354,2.476,96.94,42.843,1486.282
HIST-019,Turbine,100,2024-01-25 18:00:00,63.547,2.055,100.558,42.122,1510.351
HIST-019,Turbine,101,2024-01-26 00:00:00,64.157,2.095,96.07,38.92,1509.461
HIST-019,Turbine,102,2024-01-26 06:00:00,63.446,1.784,103.541,42.054,1493.055
HIST-019,Turbine,103,2024-01-26 12:00:00,66.45,1.659,97.534,42.416,1507.89
HIST-019,Turbine,104,2024-01-26 18:00:00,64.455,2.127,104.778,39.161,1489.591
HIST-019,Turbine,105,2024-01-27 00:00:00,63.609,2.438,101.573,38.451,1490.546
HIST-019,Turbine,106,2024-01-27 06:00:00,68.326,2.028,96.834,36.767,1511.627
HIST-019,Turbine,107,2024-01-27 12:00:00,68.619,2.628,106.284,40.571,1506.458
HIST-019,Turbine,108,2024-01-27 18:00:00,64.343,2.138,100.796,38.54,1496.521
HIST-019,Turbine,109,2024-01-28 00:00:00,62.265,2.14,100.498,40.616,1494.785
HIST-019,Turbine,110,2024-01-28 06:00:00,68.727,2.113,99.804,39.148,1502.622
HIST-019,Turbine,111,2024-01-28 12:00:00,65.941,2.494,101.4,38.83,1472.469
HIST-019,Turbine,112,2024-01-28 18:00:00,65.841,1.912,101.576,39.158,1488.633
HIST-019,Turbine,113,2024-01-29 00:00:00,65.21,2.161,97.405,38.05,1481.023
HIST-019,Turbine,114,2024-01-29 06:00:00,63.399,2.036,99.359,39.157,1500.178
HIST-019,Turbine,115,2024-01-29 12:00:00,64.173,2.032,100.347,38.895,1516.329
HIST-019,Turbine,116,2024-01-29 18:00:00,66.355,2.211,101.748,39.979,1507.157
HIST-019,Turbine,117,2024-01-30 00:00:00,64.105,2.166,101.799,40.156,1492.328
HIST-019,Turbine,118,2024-01-30 06:00:00,65.866,2.516,100.494,38.393,1489.401
HIST-019,Turbine,119,2024-01-30 12:00:00,65.027,2.197,98.349,41.651,1488.692
HIST-019,Turbine,120,2024-01-30 18:00:00,62.886,2.367,98.195,39.761,1529.994
HIST-019,Turbine,121,2024-01-31 00:00:00,68.242,2.252,96.426,42.254,1501.021
HIST-019,Turbine,122,2024-01-31 06:00:00,66.188,2.621,101.778,40.362,1502.996
HIST-019,Turbine,123,2024-01-31 12:00:00,65.661,2.109,98.152,40.104,1468.333
HIST-019,Turbine,124,2024-01-31 18:00:00,66.11,2.11,99.425,39.264,1482.286
HIST-019,Turbine,125,2024-02-01 00:00:00,61.414,2.424,100.713,40.922,1499.337
HIST-019,Turbine,126,2024-02-01 06:00:00,64.014,2.105,100.012,40.05,1492.528
HIST-019,Turbine,127,2024-02-01 12:00:00,61.945,2.35,99.983,41.288,1501.996
HIST-019,Turbine,128,2024-02-01 18:00:00,65.249,2.901,97.285,42.407,1501.798
HIST-019,Turbine,129,2024-02-02 00:00:00,65.652,1.906,100.807,38.91,1509.007
HIST-019,Turbine,130,2024-02-02 06:00:00,65.283,2.66,99.062,40.92,1471.963
HIST-019,Turbine,131,2024-02-02 12:00:00,67.357,2.052,99.741,40.878,1483.422
HIST-019,Turbine,132,2024-02-02 18:00:00,62.005,2.601,103.474,40.687,1498.506
HIST-019,Turbine,133,2024-02-03 00:00:00,63.401,2.406,101.516,39.35,1490.289
HIST-019,Turbine,134,2024-02-03 06:00:00,65.829,2.38,98.288,39.381,1495.346
HIST-019,Turbine,135,2024-02-03 12:00:00,65.528,2.155,99.553,39.124,1501.635
HIST-019,Turbine,136,2024-02-03 18:00:00,62.369,2.125,104.798,39.094,1488.826
HIST-019,Turbine,137,2024-02-04 00:00:00,67.393,1.983,99.078,38.74,1502.884
HIST-019,Turbine,138,2024-02-04 06:00:00,68.086,2.202,100.12,39.843,1508.16
HIST-019,Turbine,139,2024-02-04 12:00:00,65.851,2.145,101.992,38.863,1500.976
HIST-019,Turbine,140,2024-02-04 18:00:00,61.982,2.257,100.646,40.653,1510.811
HIST-019,Turbine,141,2024-02-05 00:00:00,65.319,1.777,98.882,40.085,1467.406
HIST-019,Turbine,142,2024-02-05 06:00:00,65.681,2.207,97.77,40.254,1491.209
HIST-019,Turbine,143,2024-02-05 12:00:00,64.456,2.579,99.97,39.59,1513.385
HIST-019,Turbine,144,2024-02-05 18:00:00,67.694,2.483,101.974,40.103,1487.035
HIST-019,Turbine,145,2024-02-06 00:00:00,64.768,2.207,103.963,39.629,1484.999
HIST-019,Turbine,146,2024-02-06 06:00:00,69.209,2.969,95.604,41.169,1498.106
HIST-019,Turbine,147,2024-02-06 12:00:00,66.566,2.027,105.288,39.336,1499.74
HIST-019,Turbine,148,2024-02-06 18:00:00,65.552,2.174,99.135,40.563,1491.98
HIST-019,Turbine,149,2024-02-07 00:00:00,66.841,1.765,102.774,38.04,1527.654
HIST-019,Turbine,150,2024-02-07 06:00:00,68.062,2.079,97.787,41.068,1504.297
HIST-019,Turbine,151,2024-02-07 12:00:00,66.798,2.736,95.167,39.161,1486.457
HIST-019,Turbine,152,2024-02-07 18:00:00,64.848,2.09,96.061,38.632,1478.407
HIST-019,Turbine,153,2024-02-08 00:00:00,63.68,1.742,99.007,38.292,1506.084
HIST-019,Turbine,154,2024-02-08 06:00:00,62.756,2.462,101.572,38.173,1486.101
HIST-019,Turbine,155,2024-02-08 12:00:00,60.119,2.317,100.094,39.278,1532.289
HIST-019,Turbine,156,2024-02-08 18:00:00,65.348,2.449,99.249,42.248,1506.419
HIST-019,Turbine,157,2024-02-09 00:00:00,64.225,2.111,103.354,39.035,1508.4
HIST-019,Turbine,158,2024-02-09 06:00:00,64.332,1.898,100.006,36.686,1503.73
HIST-019,Turbine,159,2024-02-09 12:00:00,67.058,2.145,100.839,40.548,1516.824
HIST-019,Turbine,160,2024-02-09 18:00:00,64.776,2.366,109.333,38.329,1464.07
HIST-019,Turbine,161,2024-02-10 00:00:00,68.79,2.178,99.976,41.222,1481.951
HIST-019,Turbine,162,2024-02-10 06:00:00,63.854,2.316,97.912,39.368,1515.512
HIST-019,Turbine,163,2024-02-10 12:00:00,63.058,2.039,101.443,39.589,1522.509
HIST-019,Turbine,164,2024-02-10 18:00:00,62.485,2.328,102.202,41.796,1481.471
HIST-019,Turbine,165,2024-02-11 00:00:00,66.446,2.199,100.903,40.927,1472.721
HIST-019,Turbine,166,2024-02-11 06:00:00,67.303,1.988,100.471,38.13,1502.513
HIST-019,Turbine,167,2024-02-11 12:00:00,63.608,2.487,104.447,38.351,1507.281
HIST-019,Turbine,168,2024-02-11 18:00:00,62.314,2.162,104.072,37.325,1502.211
HIST-019,Turbine,169,2024-02-12 00:00:00,67.971,2.421,99.649,43.905,1499.106
HIST-019,Turbine,170,2024-02-12 06:00:00,62.268,2.538,98.07,38.706,1472.222
HIST-019,Turbine,171,2024-02-12 12:00:00,66.211,2.389,101.288,41.755,1494.375
HIST-019,Turbine,172,2024-02-12 18:00:00,64.293,1.795,98.052,39.202,1496.611
HIST-019,Turbine,173,2024-02-13 00:00:00,65.534,1.882,102.655,38.38,1491.776
HIST-019,Turbine,174,2024-02-13 06:00:00,67.485,2.203,101.272,40.032,1471.219
HIST-019,Turbine,175,2024-02-13 12:00:00,65.634,1.926,108.01,39.51,1508.771
HIST-019,Turbine,176,2024-02-13 18:00:00,65.508,1.954,104.42,41.203,1512.986
HIST-019,Turbine,177,2024-02-14 00:00:00,68.862,2.286,96.764,41.222,1488.08
HIST-019,Turbine,178,2024-02-14 06:00:00,65.094,2.447,98.444,39.115,1497.21
HIST-019,Turbine,179,2024-02-14 12:00:00,73.193,2.346,94.258,37.84,1492.546
HIST-019,Turbine,180,2024-02-14 18:00:00,63.211,2.404,93.587,38.204,1492.692
HIST-019,Turbine,181,2024-02-15 00:00:00,61.324,2.199,100.341,36.576,1507.397
HIST-019,Turbine,182,2024-02-15 06:00:00,66.877,2.352,96.423,39.588,1507.76
HIST-019,Turbine,183,2024-02-15 12:00:00,66.171,2.579,104.924,39.982,1516.122
HIST-019,Turbine,184,2024-02-15 18:00:00,66.252,2.38,103.474,38.286,1515.809
HIST-019,Turbine,185,2024-02-16 00:00:00,62.962,2.537,99.186,38.105,1497.423
HIST-019,Turbine,186,2024-02-16 06:00:00,65.148,1.868,99.015,39.976,1542.632
HIST-019,Turbine,187,2024-02-16 12:00:00,67.437,2.062,104.456,39.052,1523.249
HIST-019,Turbine,188,2024-02-16 18:00:00,64.358,1.883,105.144,39.681,1490.128
HIST-019,Turbine,189,2024-02-17 00:00:00,66.313,1.95,97.202,39.449,1501.899
HIST-019,Turbine,190,2024-02-17 06:00:00,62.834,2.453,96.816,40.373,1470.213
HIST-019,Turbine,191,2024-02-17 12:00:00,67.946,2.485,99.097,39.152,1500.409
HIST-019,Turbine,192,2024-02-17 18:00:00,68.524,2.377,101.294,39.267,1525.105
HIST-019,Turbine,193,2024-02-18 00:00:00,62.805,2.321,98.459,37.177,1541.72
HIST-019,Turbine,194,2024-02-18 06:00:00,62.741,2.707,101.357,39.925,1498.181
HIST-019,Turbine,195,2024-02-18 12:00:00,69.519,2.083,105.851,40.133,1505.023
HIST-019,Turbine,196,2024-02-18 18:00:00,64.657,2.252,95.782,39.733,1509.08
HIST-019,Turbine,197,2024-02-19 00:00:00,69.449,2.107,98.663,42.868,1529.696
HIST-019,Turbine,198,2024-02-19 06:00:00,65.966,2.752,95.839,40.244,1485.255
HIST-019,Turbine,199,2024-02-19 12:00:00,65.94,2.668,97.49,39.765,1539.833
HIST-019,Turbine,200,2024-02-19 18:00:00,71.935,2.836,99.116,40.749,1495.244
HIST-019,Turbine,201,2024-02-20 00:00:00,68.775,2.865,97.818,43.169,1482.448
HIST-019,Turbine,202,2024-02-20 06:00:00,67.372,2.454,101.56,40.379,1495.271
HIST-019,Turbine,203,2024-02-20 12:00:00,63.046,2.631,100.453,36.665,1487.856
HIST-019,Turbine,204,2024-02-20 18:00:00,69.322,3.106,100.897,40.648,1506.289
HIST-019,Turbine,205,2024-02-21 00:00:00,65.85,1.768,99.08,38.681,1475.214
HIST-019,Turbine,206,2024-02-21 06:00:00,66.757,2.413,99.356,37.116,1502.125
HIST-019,Turbine,207,2024-02-21 12:00:00,67.349,3.098,98.948,42.546,1509.96
HIST-019,Turbine,208,2024-02-21 18:00:00,71.473,3.359,99.254,42.222,1522.243
HIST-019,Turbine,209,2024-02-22 00:00:00,66.939,2.488,101.257,38.642,1510.209
HIST-019,Turbine,210,2024-02-22 06:00:00,64.313,2.811,94.23,38.652,1521.319
HIST-019,Turbine,211,2024-02-22 12:00:00,72.65,2.626,100.864,40.24,1490.915
HIST-019,Turbine,212,2024-02-22 18:00:00,69.509,2.268,97.394,38.672,1505.913
HIST-019,Turbine,213,2024-02-23 00:00:00,69.75,2.65,98.983,39.797,1466.562
HIST-019,Turbine,214,2024-02-23 06:00:00,71.349,3.306,95.315,38.93,1498.29
HIST-019,Turbine,215,2024-02-23 12:00:00,72.134,3.349,98.924,39.399,1505.801
HIST-019,Turbine,216,2024-02-23 18:00:00,67.442,2.764,100.834,37.893,1507.158
HIST-019,Turbine,217,2024-02-24 00:00:00,65.851,3.331,101.371,41.24,1476.389
HIST-019,Turbine,218,2024-02-24 06:00:00,71.73,3.032,96.441,41.806,1494.148
HIST-019,Turbine,219,2024-02-24 12:00:00,69.218,3.335,101.227,39.85,1496.239
HIST-019,Turbine,220,2024-02-24 18:00:00,68.9,3.292,103.419,39.946,1493.564
HIST-019,Turbine,221,2024-02-25 00:00:00,66.753,3.215,98.519,40.944,1510.875
HIST-019,Turbine,222,2024-02-25 06:00:00,71.7,3.477,100.003,40.003,1496.748
HIST-019,Turbine,223,2024-02-25 12:00:00,70.476,2.981,93.794,42.594,1501.49
HIST-019,Turbine,224,2024-02-25 18:00:00,68.634,3.552,97.309,38.025,1492.656
HIST-019,Turbine,225,2024-02-26 00:00:00,68.118,3.652,100.812,41.291,1515.972
HIST-019,Turbine,226,2024-02-26 06:00:00,72.056,3.53,102.866,39.829,1517.089
HIST-019,Turbine,227,2024-02-26 12:00:00,71.568,3.048,98.202,38.318,1495.375
HIST-019,Turbine,228,2024-02-26 18:00:00,70.729,3.431,108.008,43.371,1542.759
HIST-019,Turbine,229,2024-02-27 00:00:00,66.149,3.537,100.942,43.578,1488.503
HIST-019,Turbine,230,2024-02-27 06:00:00,71.838,3.549,96.18,39.688,1515.108
HIST-019,Turbine,231,2024-02-27 12:00:00,69.515,3.557,103.862,40.667,1485.735
HIST-019,Turbine,232,2024-02-27 18:00:00,71.645,3.796,96.241,39.293,1511.595
HIST-019,Turbine,233,2024-02-28 00:00:00,72.409,3.316,100.985,39.535,1510.425
HIST-019,Turbine,234,2024-02-28 06:00:00,72.415,3.184,97.212,38.301,1484.824
HIST-019,Turbine,235,2024-02-28 12:00:00,71.589,3.039,95.928,38.08,1498.041
HIST-019,Turbine,236,2024-02-28 18:00:00,71.925,3.697,102.886,42.766,1528.016
HIST-019,Turbine,237,2024-02-29 00:00:00,70.373,3.674,99.221,39.942,1487.785
HIST-019,Turbine,238,2024-02-29 06:00:00,71.249,4.686,105.177,40.076,1506.028
HIST-019,Turbine,239,2024-02-29 12:00:00,75.054,3.807,96.946,38.784,1505.032
HIST-019,Turbine,240,2024-02-29 18:00:00,71.97,4.123,95.321,40.285,1499.366
HIST-019,Turbine,241,2024-03-01 00:00:00,74.053,3.608,98.561,37.744,1474.033
HIST-019,Turbine,242,2024-03-01 06:00:00,73.938,3.53,108.672,38.839,1512.429
HIST-019,Turbine,243,2024-03-01 12:00:00,73.358,3.683,102.502,38.2,1500.174
HIST-019,Turbine,244,2024-03-01 18:00:00,72.641,3.947,101.662,41.939,1516.558
HIST-019,Turbine,245,2024-03-02 00:00:00,71.577,3.431,101.761,37.522,1503.476
HIST-019,Turbine,246,2024-03-02 06:00:00,73.0,4.041,98.545,38.231,1500.967
HIST-019,Turbine,247,2024-03-02 12:00:00,73.796,4.189,108.188,36.929,1505.588
HIST-019,Turbine,248,2024-03-02 18:00:00,69.383,4.375,101.374,38.665,1485.187
HIST-019,Turbine,249,2024-03-03 00:00:00,76.202,4.067,101.093,39.311,1523.372
HIST-019,Turbine,250,2024-03-03 06:00:00,72.103,3.768,102.955,41.467,1494.369
HIST-019,Turbine,251,2024-03-03 12:00:00,75.233,4.194,96.18,39.667,1494.562
HIST-019,Turbine,252,2024-03-03 18:00:00,73.146,4.303,97.362,39.384,1519.384
HIST-019,Turbine,253,2024-03-04 00:00:00,75.352,3.858,99.263,40.45,1503.71
HIST-019,Turbine,254,2024-03-04 06:00:00,70.285,4.102,102.974,39.336,1496.453
HIST-019,Turbine,255,2024-03-04 12:00:00,75.084,4.155,96.106,43.615,1506.207
HIST-019,Turbine,256,2024-03-04 18:00:00,75.306,3.846,99.798,39.113,1509.39
HIST-019,Turbine,257,2024-03-05 00:00:00,70.645,4.129,99.373,40.621,1498.225
HIST-019,Turbine,258,2024-03-05 06:00:00,74.287,4.57,95.277,41.24,1513.835
HIST-019,Turbine,259,2024-03-05 12:00:00,77.138,4.067,98.473,39.07,1480.942
HIST-019,Turbine,260,2024-03-05 18:00:00,76.345,4.037,101.627,40.248,1503.927
HIST-019,Turbine,261,2024-03-06 00:00:00,76.984,4.626,95.55,39.249,1512.004
HIST-019,Turbine,262,2024-03-06 06:00:00,74.535,4.299,104.234,40.411,1509.327
HIST-019,Turbine,263,2024-03-06 12:00:00,77.925,5.407,101.404,40.151,1466.384
HIST-019,Turbine,264,2024-03-06 18:00:00,73.426,4.48,101.038,39.79,1498.101
HIST-019,Turbine,265,2024-03-07 00:00:00,75.787,4.571,100.025,38.267,1481.789
HIST-019,Turbine,266,2024-03-07 06:00:00,73.704,4.469,96.723,42.796,1519.287
HIST-019,Turbine,267,2024-03-07 12:00:00,77.455,4.431,98.051,40.88,1494.14
HIST-019,Turbine,268,2024-03-07 18:00:00,75.093,4.569,101.086,37.617,1517.621
HIST-019,Turbine,269,2024-03-08 00:00:00,78.204,4.651,98.045,39.369,1481.744
HIST-019,Turbine,270,2024-03-08 06:00:00,78.724,4.397,100.566,37.646,1505.86
HIST-019,Turbine,271,2024-03-08 12:00:00,76.849,5.012,97.303,41.143,1500.119
HIST-019,Turbine,272,2024-03-08 18:00:00,80.766,5.18,101.354,39.967,1541.461
HIST-019,Turbine,273,2024-03-09 00:00:00,76.029,4.761,101.578,40.006,1517.669
HIST-019,Turbine,274,2024-03-09 06:00:00,78.396,5.099,95.117,38.736,1516.708
HIST-019,Turbine,275,2024-03-09 12:00:00,77.839,4.723,100.202,39.527,1530.417
HIST-019,Turbine,276,2024-03-09 18:00:00,79.613,4.903,95.435,41.181,1504.257
HIST-019,Turbine,277,2024-03-10 00:00:00,81.136,4.639,94.417,41.584,1498.507
HIST-019,Turbine,278,2024-03-10 06:00:00,81.964,5.611,98.218,41.27,1496.797
HIST-019,Turbine,279,2024-03-10 12:00:00,78.839,4.66,108.391,37.672,1504.917
HIST-019,Turbine,280,2024-03-10 18:00:00,72.957,5.826,102.326,39.721,1458.448
HIST-019,Turbine,281,2024-03-11 00:00:00,79.031,4.644,104.176,40.38,1500.035
HIST-019,Turbine,282,2024-03-11 06:00:00,82.873,5.541,101.825,38.898,1503.402
HIST-019,Turbine,283,2024-03-11 12:00:00,80.348,5.453,100.616,37.511,1497.662
HIST-019,Turbine,284,2024-03-11 18:00:00,76.543,5.404,102.686,38.07,1477.036
HIST-019,Turbine,285,2024-03-12 00:00:00,81.963,5.6,98.081,42.25,1497.752
HIST-019,Turbine,286,2024-03-12 06:00:00,81.406,5.751,101.412,38.213,1476.995
HIST-019,Turbine,287,2024-03-12 12:00:00,79.78,6.455,103.531,40.071,1526.606
HIST-019,Turbine,288,2024-03-12 18:00:00,82.029,5.67,102.098,39.765,1496.14
HIST-019,Turbine,289,2024-03-13 00:00:00,79.875,5.737,103.728,39.769,1469.059
HIST-019,Turbine,290,2024-03-13 06:00:00,82.51,5.512,100.548,39.52,1496.902
HIST-019,Turbine,291,2024-03-13 12:00:00,81.55,5.394,105.076,41.184,1513.431
HIST-019,Turbine,292,2024-03-13 18:00:00,80.003,6.101,99.375,40.053,1502.641
HIST-019,Turbine,293,2024-03-14 00:00:00,83.681,5.607,106.353,39.062,1486.292
HIST-019,Turbine,294,2024-03-14 06:00:00,80.239,5.466,101.721,40.077,1489.826
HIST-019,Turbine,295,2024-03-14 12:00:00,85.903,5.911,98.848,38.084,1495.697
HIST-019,Turbine,296,2024-03-14 18:00:00,83.663,6.141,96.463,40.714,1493.405
HIST-019,Turbine,297,2024-03-15 00:00:00,82.9,5.706,97.576,38.979,1481.107
HIST-019,Turbine,298,2024-03-15 06:00:00,84.073,5.931,97.122,39.065,1498.986
HIST-019,Turbine,299,2024-03-15 12:00:00,84.693,5.967,99.734,40.77,1479.994
HIST-019,Turbine,300,2024-03-15 18:00:00,83.457,6.348,96.178,39.389,1514.236
HIST-019,Turbine,301,2024-03-16 00:00:00,86.14,6.269,103.878,39.473,1516.067
HIST-019,Turbine,302,2024-03-16 06:00:00,87.683,6.663,100.332,41.751,1484.952
HIST-019,Turbine,303,2024-03-16 12:00:00,84.146,6.092,100.21,38.54,1489.25
HIST-019,Turbine,304,2024-03-16 18:00:00,87.603,6.264,96.504,40.748,1493.655
HIST-019,Turbine,305,2024-03-17 00:00:00,88.268,6.669,97.693,41.424,1499.527
HIST-019,Turbine,306,2024-03-17 06:00:00,85.579,5.939,93.339,41.75,1503.853
HIST-019,Turbine,307,2024-03-17 12:00:00,85.482,6.608,104.853,43.265,1506.946
HIST-019,Turbine,308,2024-03-17 18:00:00,84.661,6.564,95.747,39.037,1506.596
HIST-019,Turbine,309,2024-03-18 00:00:00,85.556,6.493,95.974,38.698,1523.308
HIST-019,Turbine,310,2024-03-18 06:00:00,85.01,6.668,104.24,41.226,1500.905
HIST-019,Turbine,311,2024-03-18 12:00:00,88.902,6.586,101.163,41.41,1480.463
HIST-019,Turbine,312,2024-03-18 18:00:00,85.022,6.503,100.362,38.814,1475.862
HIST-020,Conveyor,1,2024-01-01 00:00:00,65.751,2.267,101.33,40.383,1516.943
HIST-020,Conveyor,2,2024-01-01 06:00:00,67.506,2.131,103.473,37.303,1497.156
HIST-020,Conveyor,3,2024-01-01 12:00:00,64.236,2.169,103.318,39.336,1499.963
HIST-020,Conveyor,4,2024-01-01 18:00:00,62.194,2.248,95.479,40.916,1480.001
HIST-020,Conveyor,5,2024-01-02 00:00:00,61.811,2.553,98.054,39.846,1499.934
HIST-020,Conveyor,6,2024-01-02 06:00:00,66.328,2.106,100.281,40.113,1494.365
HIST-020,Conveyor,7,2024-01-02 12:00:00,65.446,2.504,104.717,37.741,1490.722
HIST-020,Conveyor,8,2024-01-02 18:00:00,64.487,2.189,91.818,39.85,1478.072
HIST-020,Conveyor,9,2024-01-03 00:00:00,63.828,2.589,98.167,40.043,1486.973
HIST-020,Conveyor,10,2024-01-03 06:00:00,65.362,2.129,95.416,39.754,1529.58
HIST-020,Conveyor,11,2024-01-03 12:00:00,65.419,2.0,95.892,40.229,1494.758
HIST-020,Conveyor,12,2024-01-03 18:00:00,65.96,1.871,102.957,39.536,1511.844
HIST-020,Conveyor,13,2024-01-04 00:00:00,62.783,2.19,98.404,39.316,1497.054
HIST-020,Conveyor,14,2024-01-04 06:00:00,61.471,1.962,92.999,38.44,1495.318
HIST-020,Conveyor,15,2024-01-04 12:00:00,63.173,2.621,99.525,41.462,1490.46
HIST-020,Conveyor,16,2024-01-04 18:00:00,62.298,1.939,106.108,38.16,1520.184
HIST-020,Conveyor,17,2024-01-05 00:00:00,62.194,1.993,94.58,40.237,1505.596
HIST-020,Conveyor,18,2024-01-05 06:00:00,68.139,2.374,101.599,42.72,1488.156
HIST-020,Conveyor,19,2024-01-05 12:00:00,60.466,2.556,104.703,41.652,1494.088
HIST-020,Conveyor,20,2024-01-05 18:00:00,65.939,2.419,99.852,40.764,1516.139
HIST-020,Conveyor,21,2024-01-06 00:00:00,66.814,2.518,105.784,40.375,1457.422
HIST-020,Conveyor,22,2024-01-06 06:00:00,66.975,2.176,98.021,39.808,1504.658
HIST-020,Conveyor,23,2024-01-06 12:00:00,65.554,2.18,104.338,38.648,1508.064
HIST-020,Conveyor,24,2024-01-06 18:00:00,67.64,2.804,103.63,39.619,1488.754
HIST-020,Conveyor,25,2024-01-07 00:00:00,68.567,2.707,99.902,40.862,1502.319
HIST-020,Conveyor,26,2024-01-07 06:00:00,64.396,2.414,95.538,40.585,1507.535
HIST-020,Conveyor,27,2024-01-07 12:00:00,65.895,2.532,96.995,41.183,1481.533
HIST-020,Conveyor,28,2024-01-07 18:00:00,67.552,2.458,92.967,41.83,1512.629
HIST-020,Conveyor,29,2024-01-08 00:00:00,63.276,1.838,101.782,39.762,1504.46
HIST-020,Conveyor,30,2024-01-08 06:00:00,64.51,2.188,101.423,40.288,1497.705
HIST-020,Conveyor,31,2024-01-08 12:00:00,63.748,2.649,100.238,37.151,1501.574
HIST-020,Conveyor,32,2024-01-08 18:00:00,65.922,2.416,99.632,43.384,1510.608
HIST-020,Conveyor,33,2024-01-09 00:00:00,61.204,2.181,104.073,39.379,1534.742
HIST-020,Conveyor,34,2024-01-09 06:00:00,67.873,2.653,100.893,40.978,1509.149
HIST-020,Conveyor,35,2024-01-09 12:00:00,66.068,2.311,98.336,39.378,1512.159
HIST-020,Conveyor,36,2024-01-09 18:00:00,66.18,2.427,100.442,39.343,1502.903
HIST-020,Conveyor,37,2024-01-10 00:00:00,60.273,2.312,106.143,39.644,1528.525
HIST-020,Conveyor,38,2024-01-10 06:00:00,62.92,2.362,101.867,38.132,1478.01
HIST-020,Conveyor,39,2024-01-10 12:00:00,67.981,2.384,98.83,36.28,1473.939
HIST-020,Conveyor,40,2024-01-10 18:00:00,64.645,2.59,99.867,41.74,1502.295
HIST-020,Conveyor,41,2024-01-11 00:00:00,61.552,2.629,101.39,40.819,1509.902
HIST-020,Conveyor,42,2024-01-11 06:00:00,65.443,2.065,98.737,38.626,1461.381
HIST-020,Conveyor,43,2024-01-11 12:00:00,66.358,2.307,98.471,40.678,1499.948
HIST-020,Conveyor,44,2024-01-11 18:00:00,66.063,2.581,99.966,41.236,1497.293
HIST-020,Conveyor,45,2024-01-12 00:00:00,64.699,2.161,104.557,38.96,1511.162
HIST-020,Conveyor,46,2024-01-12 06:00:00,67.271,1.807,102.373,40.618,1506.431
HIST-020,Conveyor,47,2024-01-12 12:00:00,63.596,1.927,98.771,41.51,1472.877
HIST-020,Conveyor,48,2024-01-12 18:00:00,66.08,1.948,102.607,37.842,1483.799
HIST-020,Conveyor,49,2024-01-13 00:00:00,65.27,2.063,100.026,40.8,1487.898
HIST-020,Conveyor,50,2024-01-13 06:00:00,64.734,1.976,101.034,40.547,1511.084
HIST-020,Conveyor,51,2024-01-13 12:00:00,64.242,2.509,100.761,42.821,1505.62
HIST-020,Conveyor,52,2024-01-13 18:00:00,64.313,2.117,93.669,40.836,1490.689
HIST-020,Conveyor,53,2024-01-14 00:00:00,65.065,2.578,90.858,39.384,1502.168
HIST-020,Conveyor,54,2024-01-14 06:00:00,64.415,1.861,100.68,39.557,1484.13
HIST-020,Conveyor,55,2024-01-14 12:00:00,66.466,2.094,97.441,43.035,1530.745
HIST-020,Conveyor,56,2024-01-14 18:00:00,63.928,2.231,95.082,39.468,1508.615
HIST-020,Conveyor,57,2024-01-15 00:00:00,68.137,2.443,97.534,40.879,1511.793
HIST-020,Conveyor,58,2024-01-15 06:00:00,63.839,2.543,102.774,39.642,1520.652
HIST-020,Conveyor,59,2024-01-15 12:00:00,66.84,2.039,101.073,41.622,1515.244
HIST-020,Conveyor,60,2024-01-15 18:00:00,66.926,2.498,102.315,41.696,1500.473
HIST-020,Conveyor,61,2024-01-16 00:00:00,65.332,1.695,101.359,39.966,1497.226
HIST-020,Conveyor,62,2024-01-16 06:00:00,65.154,2.461,97.244,39.39,1519.324
HIST-020,Conveyor,63,2024-01-16 12:00:00,63.542,1.798,102.33,39.354,1500.398
HIST-020,Conveyor,64,2024-01-16 18:00:00,63.966,2.334,101.757,37.409,1488.765
HIST-020,Conveyor,65,2024-01-17 00:00:00,65.44,2.539,99.648,40.151,1529.499
HIST-020,Conveyor,66,2024-01-17 06:00:00,64.91,2.466,100.177,40.121,1485.961
HIST-020,Conveyor,67,2024-01-17 12:00:00,67.366,1.708,102.377,38.776,1473.979
HIST-020,Conveyor,68,2024-01-17 18:00:00,64.091,2.066,97.752,37.248,1514.892
HIST-020,Conveyor,69,2024-01-18 00:00:00,64.212,2.415,103.264,40.309,1489.031
HIST-020,Conveyor,70,2024-01-18 06:00:00,61.671,2.406,101.695,40.499,1506.526
HIST-020,Conveyor,71,2024-01-18 12:00:00,66.287,2.283,100.007,40.592,1527.258
HIST-020,Conveyor,72,2024-01-18 18:00:00,66.106,1.54,104.594,38.515,1479.377
HIST-020,Conveyor,73,2024-01-19 00:00:00,66.954,2.559,96.117,40.595,1499.386
HIST-020,Conveyor,74,2024-01-19 06:00:00,67.067,2.613,98.619,39.732,1522.251
HIST-020,Conveyor,75,2024-01-19 12:00:00,66.578,2.249,97.953,41.297,1510.228
HIST-020,Conveyor,76,2024-01-19 18:00:00,66.662,2.269,101.074,38.538,1497.303
HIST-020,Conveyor,77,2024-01-20 00:00:00,66.22,2.351,103.547,41.725,1535.841
HIST-020,Conveyor,78,2024-01-20 06:00:00,66.528,2.638,97.051,42.265,1498.57
HIST-020,Conveyor,79,2024-01-20 12:00:00,61.316,2.275,109.916,40.174,1505.953
HIST-020,Conveyor,80,2024-01-20 18:00:00,62.8,2.143,98.012,40.606,1524.74
HIST-020,Conveyor,81,2024-01-21 00:00:00,62.474,2.314,101.082,41.176,1514.713
HIST-020,Conveyor,82,2024-01-21 06:00:00,67.54,2.197,100.008,38.461,1519.826
HIST-020,Conveyor,83,2024-01-21 12:00:00,63.434,2.2,100.138,39.271,1486.507
HIST-020,Conveyor,84,2024-01-21 18:00:00,63.754,1.67,97.623,40.276,1518.423
HIST-020,Conveyor,85,2024-01-22 00:00:00,65.013,2.357,103.203,43.04,1502.544
HIST-020,Conveyor,86,2024-01-22 06:00:00,62.513,2.551,97.438,38.206,1488.813
HIST-020,Conveyor,87,2024-01-22 12:00:00,65.761,2.506,94.693,42.457,1503.329
HIST-020,Conveyor,88,2024-01-22 18:00:00,60.739,2.485,96.634,39.71,1502.854
HIST-020,Conveyor,89,2024-01-23 00:00:00,62.645,2.184,104.336,39.948,1528.021
HIST-020,Conveyor,90,2024-01-23 06:00:00,65.398,2.244,103.751,41.827,1505.719
HIST-020,Conveyor,91,2024-01-23 12:00:00,62.517,2.557,93.978,43.032,1488.288
HIST-020,Conveyor,92,2024-01-23 18:00:00,67.598,2.46,102.441,40.634,1484.829
HIST-020,Conveyor,93,2024-01-24 00:00:00,65.093,2.646,94.054,41.747,1499.289
HIST-020,Conveyor,94,2024-01-24 06:00:00,67.264,1.998,99.918,38.62,1479.805
HIST-020,Conveyor,95,2024-01-24 12:00:00,65.716,1.996,96.377,39.206,1489.27
HIST-020,Conveyor,96,2024-01-24 18:00:00,64.976,2.1,102.672,37.971,1496.337
HIST-020,Conveyor,97,2024-01-25 00:00:00,63.007,1.917,101.664,39.227,1493.672
HIST-020,Conveyor,98,2024-01-25 06:00:00,66.858,1.804,102.939,40.848,1510.904
HIST-020,Conveyor,99,2024-01-25 12:00:00,65.883,2.341,99.114,40.318,1488.933
HIST-020,Conveyor,100,2024-01-25 18:00:00,69.169,2.32,99.426,42.591,1462.95
HIST-020,Conveyor,101,2024-01-26 00:00:00,66.657,2.274,95.502,43.082,1474.713
HIST-020,Conveyor,102,2024-01-26 06:00:00,64.205,2.306,96.909,39.795,1499.733
HIST-020,Conveyor,103,2024-01-26 12:00:00,65.579,1.761,102.846,38.98,1491.198
HIST-020,Conveyor,104,2024-01-26 18:00:00,65.844,2.056,101.102,41.74,1481.45
HIST-020,Conveyor,105,2024-01-27 00:00:00,67.326,2.112,100.313,41.896,1529.377
HIST-020,Conveyor,106,2024-01-27 06:00:00,67.644,2.215,103.786,40.662,1512.431
HIST-020,Conveyor,107,2024-01-27 12:00:00,64.676,1.762,96.1,41.058,1499.124
HIST-020,Conveyor,108,2024-01-27 18:00:00,62.569,1.922,102.16,40.824,1503.499
HIST-020,Conveyor,109,2024-01-28 00:00:00,61.292,2.069,96.463,38.517,1496.023
HIST-020,Conveyor,110,2024-01-28 06:00:00,62.721,2.517,104.434,38.172,1481.193
HIST-020,Conveyor,111,2024-01-28 12:00:00,63.816,2.279,101.633,39.924,1515.461
HIST-020,Conveyor,112,2024-01-28 18:00:00,68.009,2.506,102.894,39.699,1512.77
HIST-020,Conveyor,113,2024-01-29 00:00:00,68.039,2.163,97.895,40.415,1470.34
HIST-020,Conveyor,114,2024-01-29 06:00:00,66.92,2.2,106.546,39.803,1503.396
HIST-020,Conveyor,115,2024-01-29 12:00:00,67.461,2.35,105.996,37.445,1505.052
HIST-020,Conveyor,116,2024-01-29 18:00:00,63.585,2.147,101.291,36.832,1495.174
HIST-020,Conveyor,117,2024-01-30 00:00:00,61.969,2.013,103.526,41.106,1531.459
HIST-020,Conveyor,118,2024-01-30 06:00:00,62.987,1.753,99.094,39.006,1529.831
HIST-020,Conveyor,119,2024-01-30 12:00:00,60.93,2.021,96.195,39.652,1494.337
HIST-020,Conveyor,120,2024-01-30 18:00:00,62.772,2.451,102.387,39.163,1496.658
HIST-020,Conveyor,121,2024-01-31 00:00:00,63.988,2.578,97.242,38.63,1494.896
HIST-020,Conveyor,122,2024-01-31 06:00:00,65.333,1.968,103.931,38.59,1490.83
HIST-020,Conveyor,123,2024-01-31 12:00:00,65.271,1.68,103.144,41.53,1486.189
HIST-020,Conveyor,124,2024-01-31 18:00:00,63.621,2.478,100.706,39.641,1507.603
HIST-020,Conveyor,125,2024-02-01 00:00:00,66.138,2.221,100.538,40.952,1529.422
HIST-020,Conveyor,126,2024-02-01 06:00:00,63.659,1.796,102.968,41.154,1523.251
HIST-020,Conveyor,127,2024-02-01 12:00:00,65.02,1.267,100.824,40.475,1511.838
HIST-020,Conveyor,128,2024-02-01 18:00:00,62.78,1.911,98.787,41.203,1463.893
HIST-020,Conveyor,129,2024-02-02 00:00:00,67.177,2.061,95.456,40.021,1472.032
HIST-020,Conveyor,130,2024-02-02 06:00:00,65.042,1.855,102.877,42.046,1515.962
HIST-020,Conveyor,131,2024-02-02 12:00:00,66.358,2.408,101.099,41.235,1524.291
HIST-020,Conveyor,132,2024-02-02 18:00:00,62.568,1.956,108.267,41.435,1508.306
HIST-020,Conveyor,133,2024-02-03 00:00:00,65.349,2.204,99.712,38.592,1495.416
HIST-020,Conveyor,134,2024-02-03 06:00:00,66.145,2.912,100.906,40.395,1520.285
HIST-020,Conveyor,135,2024-02-03 12:00:00,60.912,2.235,100.977,37.247,1511.304
HIST-020,Conveyor,136,2024-02-03 18:00:00,67.336,2.165,101.952,42.102,1517.062
HIST-020,Conveyor,137,2024-02-04 00:00:00,62.501,2.172,97.099,39.065,1472.151
HIST-020,Conveyor,138,2024-02-04 06:00:00,65.422,2.401,99.768,39.273,1505.15
HIST-020,Conveyor,139,2024-02-04 12:00:00,68.575,2.364,102.483,37.949,1526.619
HIST-020,Conveyor,140,2024-02-04 18:00:00,66.91,1.899,99.002,39.946,1507.912
HIST-020,Conveyor,141,2024-02-05 00:00:00,62.02,2.077,102.371,39.598,1514.224
HIST-020,Conveyor,142,2024-02-05 06:00:00,64.644,2.0,100.29,42.734,1500.546
HIST-020,Conveyor,143,2024-02-05 12:00:00,67.467,2.115,101.206,41.289,1501.591
HIST-020,Conveyor,144,2024-02-05 18:00:00,63.366,2.748,103.453,39.228,1521.038
HIST-020,Conveyor,145,2024-02-06 00:00:00,64.28,2.385,99.318,37.501,1489.953
HIST-020,Conveyor,146,2024-02-06 06:00:00,64.224,2.176,95.644,36.574,1488.485
HIST-020,Conveyor,147,2024-02-06 12:00:00,66.14,2.573,99.201,38.461,1492.827
HIST-020,Conveyor,148,2024-02-06 18:00:00,61.926,2.257,97.523,38.003,1500.352
HIST-020,Conveyor,149,2024-02-07 00:00:00,66.252,1.709,93.623,40.523,1475.849
HIST-020,Conveyor,150,2024-02-07 06:00:00,63.754,2.699,99.68,39.783,1510.966
HIST-020,Conveyor,151,2024-02-07 12:00:00,64.977,2.153,100.597,40.026,1497.536
HIST-020,Conveyor,152,2024-02-07 18:00:00,64.55,1.523,103.062,38.577,1512.805
HIST-020,Conveyor,153,2024-02-08 00:00:00,66.2,1.72,96.582,40.228,1468.214
HIST-020,Conveyor,154,2024-02-08 06:00:00,64.958,2.538,100.266,37.869,1512.863
HIST-020,Conveyor,155,2024-02-08 12:00:00,67.881,1.725,103.384,39.868,1520.053
HIST-020,Conveyor,156,2024-02-08 18:00:00,66.979,2.605,98.276,41.245,1506.578
HIST-020,Conveyor,157,2024-02-09 00:00:00,63.409,2.224,101.609,39.452,1500.45
HIST-020,Conveyor,158,2024-02-09 06:00:00,67.731,2.414,104.793,40.665,1512.978
HIST-020,Conveyor,159,2024-02-09 12:00:00,65.639,2.123,94.413,37.035,1519.071
HIST-020,Conveyor,160,2024-02-09 18:00:00,63.884,2.368,100.818,36.914,1507.844
HIST-020,Conveyor,161,2024-02-10 00:00:00,66.057,2.439,103.489,40.491,1508.965
HIST-020,Conveyor,162,2024-02-10 06:00:00,63.881,2.359,98.948,41.571,1524.854
HIST-020,Conveyor,163,2024-02-10 12:00:00,64.027,2.074,104.16,39.643,1511.417
HIST-020,Conveyor,164,2024-02-10 18:00:00,65.626,2.331,101.903,43.218,1487.996
HIST-020,Conveyor,165,2024-02-11 00:00:00,62.684,1.898,105.308,37.835,1519.0
HIST-020,Conveyor,166,2024-02-11 06:00:00,69.37,2.397,101.747,38.98,1498.144
HIST-020,Conveyor,167,2024-02-11 12:00:00,65.574,2.055,105.558,40.21,1500.499
HIST-020,Conveyor,168,2024-02-11 18:00:00,65.158,2.323,100.9,40.697,1501.603
HIST-020,Conveyor,169,2024-02-12 00:00:00,65.993,1.624,95.897,39.124,1514.533
HIST-020,Conveyor,170,2024-02-12 06:00:00,68.258,1.735,98.107,38.411,1526.233
HIST-020,Conveyor,171,2024-02-12 12:00:00,62.111,1.869,103.055,40.93,1500.366
HIST-020,Conveyor,172,2024-02-12 18:00:00,63.516,2.192,102.996,40.2,1525.969
HIST-020,Conveyor,173,2024-02-13 00:00:00,69.487,2.082,99.068,39.483,1502.469
HIST-020,Conveyor,174,2024-02-13 06:00:00,64.118,2.808,105.413,40.748,1521.033
HIST-020,Conveyor,175,2024-02-13 12:00:00,66.35,2.272,98.938,39.795,1502.976
HIST-020,Conveyor,176,2024-02-13 18:00:00,66.92,1.922,101.386,39.79,1492.614
HIST-020,Conveyor,177,2024-02-14 00:00:00,69.105,2.112,101.303,39.735,1528.831
HIST-020,Conveyor,178,2024-02-14 06:00:00,64.914,1.856,96.009,38.768,1491.182
HIST-020,Conveyor,179,2024-02-14 12:00:00,65.652,1.975,99.669,38.616,1490.178
HIST-020,Conveyor,180,2024-02-14 18:00:00,62.507,2.498,107.141,39.211,1481.159
HIST-020,Conveyor,181,2024-02-15 00:00:00,64.899,2.47,97.233,40.048,1519.009
HIST-020,Conveyor,182,2024-02-15 06:00:00,67.579,2.541,101.875,37.193,1522.552
HIST-020,Conveyor,183,2024-02-15 12:00:00,65.972,2.81,96.537,41.417,1505.597
HIST-020,Conveyor,184,2024-02-15 18:00:00,64.95,2.631,97.202,40.028,1485.242
HIST-020,Conveyor,185,2024-02-16 00:00:00,67.831,2.059,95.757,38.402,1499.898
HIST-020,Conveyor,186,2024-02-16 06:00:00,70.461,2.42,102.823,42.425,1495.461
HIST-020,Conveyor,187,2024-02-16 12:00:00,67.396,2.107,97.386,40.063,1484.543
HIST-020,Conveyor,188,2024-02-16 18:00:00,65.184,2.34,103.802,37.997,1492.667
HIST-020,Conveyor,189,2024-02-17 00:00:00,72.472,2.355,98.406,42.358,1507.586
HIST-020,Conveyor,190,2024-02-17 06:00:00,66.226,2.319,100.384,42.032,1490.922
HIST-020,Conveyor,191,2024-02-17 12:00:00,72.716,2.252,101.234,38.637,1504.376
HIST-020,Conveyor,192,2024-02-17 18:00:00,67.355,1.945,95.149,39.516,1473.355
HIST-020,Conveyor,193,2024-02-18 00:00:00,69.763,2.508,100.611,39.314,1525.188
HIST-020,Conveyor,194,2024-02-18 06:00:00,73.836,2.426,101.05,37.166,1494.129
HIST-020,Conveyor,195,2024-02-18 12:00:00,66.076,2.751,103.42,40.487,1513.054
HIST-020,Conveyor,196,2024-02-18 18:00:00,66.539,2.841,97.121,41.268,1502.83
HIST-020,Conveyor,197,2024-02-19 00:00:00,68.417,2.093,97.549,40.985,1506.037
HIST-020,Conveyor,198,2024-02-19 06:00:00,69.396,2.52,101.979,40.049,1483.02
HIST-020,Conveyor,199,2024-02-19 12:00:00,75.501,3.124,104.237,41.413,1488.592
HIST-020,Conveyor,200,2024-02-19 18:00:00,68.281,2.458,98.222,38.297,1488.932
HIST-020,Conveyor,201,2024-02-20 00:00:00,67.274,2.885,96.294,42.727,1500.38
HIST-020,Conveyor,202,2024-02-20 06:00:00,70.594,2.744,99.05,38.842,1519.892
HIST-020,Conveyor,203,2024-02-20 12:00:00,70.986,2.692,96.96,39.008,1506.499
HIST-020,Conveyor,204,2024-02-20 18:00:00,71.301,3.044,101.193,39.137,1486.495
HIST-020,Conveyor,205,2024-02-21 00:00:00,70.57,2.433,96.76,39.028,1501.31
HIST-020,Conveyor,206,2024-02-21 06:00:00,72.263,2.688,102.919,39.711,1498.79
HIST-020,Conveyor,207,2024-02-21 12:00:00,76.9,2.621,100.638,39.653,1494.737
HIST-020,Conveyor,208,2024-02-21 18:00:00,73.822,2.733,103.012,40.194,1499.769
HIST-020,Conveyor,209,2024-02-22 00:00:00,73.041,2.578,92.73,38.772,1511.456
HIST-020,Conveyor,210,2024-02-22 06:00:00,75.774,2.03,94.726,40.25,1489.201
HIST-020,Conveyor,211,2024-02-22 12:00:00,69.22,2.505,103.878,38.364,1494.812
HIST-020,Conveyor,212,2024-02-22 18:00:00,70.291,2.813,97.841,41.099,1514.732
HIST-020,Conveyor,213,2024-02-23 00:00:00,72.265,2.231,95.601,41.08,1507.034
HIST-020,Conveyor,214,2024-02-23 06:00:00,71.002,2.998,99.392,39.991,1519.187
HIST-020,Conveyor,215,2024-02-23 12:00:00,68.257,2.816,100.727,39.025,1521.538
HIST-020,Conveyor,216,2024-02-23 18:00:00,74.074,2.656,99.526,40.467,1479.592
HIST-020,Conveyor,217,2024-02-24 00:00:00,75.194,3.299,101.404,38.669,1504.324
HIST-020,Conveyor,218,2024-02-24 06:00:00,73.618,2.76,100.998,40.052,1492.381
HIST-020,Conveyor,219,2024-02-24 12:00:00,75.884,2.689,100.84,39.772,1482.019
HIST-020,Conveyor,220,2024-02-24 18:00:00,75.884,3.221,104.045,43.945,1488.162
HIST-020,Conveyor,221,2024-02-25 00:00:00,73.53,3.021,99.957,38.159,1495.488
HIST-020,Conveyor,222,2024-02-25 06:00:00,78.027,3.457,99.869,35.999,1495.582
HIST-020,Conveyor,223,2024-02-25 12:00:00,79.274,2.374,102.408,39.044,1490.897
HIST-020,Conveyor,224,2024-02-25 18:00:00,73.35,3.193,101.658,37.427,1499.795
HIST-020,Conveyor,225,2024-02-26 00:00:00,78.55,2.747,97.291,38.91,1536.7
HIST-020,Conveyor,226,2024-02-26 06:00:00,73.948,3.047,99.724,38.054,1474.122
HIST-020,Conveyor,227,2024-02-26 12:00:00,75.931,3.578,101.315,38.643,1517.058
HIST-020,Conveyor,228,2024-02-26 18:00:00,76.424,3.262,98.24,38.403,1499.724
HIST-020,Conveyor,229,2024-02-27 00:00:00,79.712,2.513,98.382,41.444,1493.432
HIST-020,Conveyor,230,2024-02-27 06:00:00,78.864,3.025,95.826,39.927,1469.727
HIST-020,Conveyor,231,2024-02-27 12:00:00,79.115,2.908,91.352,41.613,1511.441
HIST-020,Conveyor,232,2024-02-27 18:00:00,76.207,3.381,98.878,40.061,1478.385
HIST-020,Conveyor,233,2024-02-28 00:00:00,77.239,2.761,100.382,41.393,1512.418
HIST-020,Conveyor,234,2024-02-28 06:00:00,77.727,2.966,96.714,39.547,1526.12
HIST-020,Conveyor,235,2024-02-28 12:00:00,80.587,2.368,104.134,42.392,1480.758
HIST-020,Conveyor,236,2024-02-28 18:00:00,78.669,2.687,96.86,40.706,1517.525
HIST-020,Conveyor,237,2024-02-29 00:00:00,80.138,2.733,102.738,38.83,1500.382
HIST-020,Conveyor,238,2024-02-29 06:00:00,78.571,3.045,101.256,40.929,1468.587
HIST-020,Conveyor,239,2024-02-29 12:00:00,75.371,3.75,106.529,40.041,1481.928
HIST-020,Conveyor,240,2024-02-29 18:00:00,82.365,2.596,101.62,39.696,1502.673
HIST-020,Conveyor,241,2024-03-01 00:00:00,82.036,3.239,95.661,40.144,1506.018
HIST-020,Conveyor,242,2024-03-01 06:00:00,76.649,3.161,103.163,41.127,1476.29
HIST-020,Conveyor,243,2024-03-01 12:00:00,83.126,3.647,105.093,36.824,1500.476
HIST-020,Conveyor,244,2024-03-01 18:00:00,83.203,3.159,94.683,39.474,1512.353
HIST-020,Conveyor,245,2024-03-02 00:00:00,80.247,3.476,101.917,41.024,1514.979
HIST-020,Conveyor,246,2024-03-02 06:00:00,79.826,3.634,102.581,40.372,1493.807
HIST-020,Conveyor,247,2024-03-02 12:00:00,80.161,3.249,99.362,38.31,1506.577
HIST-020,Conveyor,248,2024-03-02 18:00:00,82.407,3.922,92.734,36.448,1516.087
HIST-020,Conveyor,249,2024-03-03 00:00:00,81.305,3.649,99.112,42.551,1512.787
HIST-020,Conveyor,250,2024-03-03 06:00:00,86.729,3.58,98.257,39.719,1513.372
HIST-020,Conveyor,251,2024-03-03 12:00:00,85.783,3.572,104.589,42.271,1501.703
HIST-020,Conveyor,252,2024-03-03 18:00:00,90.45,3.873,99.734,41.192,1498.582
HIST-020,Conveyor,253,2024-03-04 00:00:00,85.363,3.458,98.763,38.81,1504.082
HIST-020,Conveyor,254,2024-03-04 06:00:00,86.022,3.147,98.24,36.248,1488.543
HIST-020,Conveyor,255,2024-03-04 12:00:00,83.574,4.207,100.977,39.307,1516.681
HIST-020,Conveyor,256,2024-03-04 18:00:00,84.894,3.026,100.171,39.944,1477.044
HIST-020,Conveyor,257,2024-03-05 00:00:00,85.512,3.413,97.63,40.676,1492.435
HIST-020,Conveyor,258,2024-03-05 06:00:00,87.269,3.065,100.792,38.334,1499.456
HIST-020,Conveyor,259,2024-03-05 12:00:00,87.541,3.248,98.328,40.267,1507.045
HIST-020,Conveyor,260,2024-03-05 18:00:00,87.696,3.373,92.223,40.266,1509.863
HIST-020,Conveyor,261,2024-03-06 00:00:00,89.426,3.466,102.004,41.479,1522.335
HIST-020,Conveyor,262,2024-03-06 06:00:00,87.07,3.688,101.72,39.54,1501.166
HIST-020,Conveyor,263,2024-03-06 12:00:00,86.972,4.06,100.599,40.664,1489.23
HIST-020,Conveyor,264,2024-03-06 18:00:00,88.451,3.374,98.673,40.433,1497.824
HIST-020,Conveyor,265,2024-03-07 00:00:00,91.06,3.518,99.784,41.313,1495.209
HIST-020,Conveyor,266,2024-03-07 06:00:00,88.508,3.863,102.458,38.77,1507.799
HIST-020,Conveyor,267,2024-03-07 12:00:00,90.297,4.371,98.105,35.394,1483.995
HIST-020,Conveyor,268,2024-03-07 18:00:00,91.128,4.111,102.579,39.645,1497.369
HIST-020,Conveyor,269,2024-03-08 00:00:00,92.777,3.479,95.575,39.654,1524.34
HIST-020,Conveyor,270,2024-03-08 06:00:00,87.992,4.014,100.504,38.264,1502.698
HIST-020,Conveyor,271,2024-03-08 12:00:00,91.465,4.498,100.077,37.738,1484.206
HIST-020,Conveyor,272,2024-03-08 18:00:00,90.051,3.066,103.008,39.138,1494.903
HIST-020,Conveyor,273,2024-03-09 00:00:00,92.869,4.343,97.243,39.828,1466.505
HIST-020,Conveyor,274,2024-03-09 06:00:00,92.821,3.992,97.571,40.143,1499.117
HIST-020,Conveyor,275,2024-03-09 12:00:00,90.625,3.937,95.817,36.572,1524.715
HIST-020,Conveyor,276,2024-03-09 18:00:00,92.734,3.942,98.3,37.37,1482.201
HIST-021,Pump,1,2024-01-01 00:00:00,65.384,1.888,101.83,40.08,1484.722
HIST-021,Pump,2,2024-01-01 06:00:00,66.153,2.604,98.608,41.986,1484.964
HIST-021,Pump,3,2024-01-01 12:00:00,65.608,2.217,97.904,40.5,1492.268
HIST-021,Pump,4,2024-01-01 18:00:00,63.126,2.876,99.301,39.155,1513.117
HIST-021,Pump,5,2024-01-02 00:00:00,68.675,2.311,96.132,39.657,1489.232
HIST-021,Pump,6,2024-01-02 06:00:00,65.666,2.377,99.7,41.155,1515.796
HIST-021,Pump,7,2024-01-02 12:00:00,63.755,1.882,99.751,42.52,1520.512
HIST-021,Pump,8,2024-01-02 18:00:00,65.848,2.135,98.746,38.343,1504.276
HIST-021,Pump,9,2024-01-03 00:00:00,65.512,2.222,103.001,41.671,1518.437
HIST-021,Pump,10,2024-01-03 06:00:00,64.649,2.009,96.789,39.531,1479.581
HIST-021,Pump,11,2024-01-03 12:00:00,64.414,2.061,94.887,37.564,1491.627
HIST-021,Pump,12,2024-01-03 18:00:00,66.97,2.326,98.424,37.267,1502.841
HIST-021,Pump,13,2024-01-04 00:00:00,68.456,2.332,100.372,42.001,1503.349
HIST-021,Pump,14,2024-01-04 06:00:00,60.928,1.799,99.68,42.18,1521.438
HIST-021,Pump,15,2024-01-04 12:00:00,67.461,2.285,99.547,39.146,1485.017
HIST-021,Pump,16,2024-01-04 18:00:00,65.04,2.366,96.621,39.682,1491.946
HIST-021,Pump,17,2024-01-05 00:00:00,65.473,2.023,97.052,37.326,1498.725
HIST-021,Pump,18,2024-01-05 06:00:00,67.703,1.992,98.535,41.143,1492.221
HIST-021,Pump,19,2024-01-05 12:00:00,59.69,2.332,98.298,39.957,1484.361
HIST-021,Pump,20,2024-01-05 18:00:00,66.63,1.428,103.294,37.672,1492.852
HIST-021,Pump,21,2024-01-06 00:00:00,67.565,2.201,100.792,40.307,1496.317
HIST-021,Pump,22,2024-01-06 06:00:00,63.623,2.69,98.402,37.916,1521.713
HIST-021,Pump,23,2024-01-06 12:00:00,62.212,1.421,103.285,40.836,1484.697
HIST-021,Pump,24,2024-01-06 18:00:00,68.28,2.447,101.339,38.376,1512.228
HIST-021,Pump,25,2024-01-07 00:00:00,61.487,2.363,95.927,40.506,1519.082
HIST-021,Pump,26,2024-01-07 06:00:00,65.837,1.769,90.275,39.02,1492.311
HIST-021,Pump,27,2024-01-07 12:00:00,67.046,2.356,96.021,36.451,1503.898
HIST-021,Pump,28,2024-01-07 18:00:00,65.793,2.5,101.785,41.494,1508.639
HIST-021,Pump,29,2024-01-08 00:00:00,66.129,1.847,102.674,41.576,1506.165
HIST-021,Pump,30,2024-01-08 06:00:00,64.47,1.988,95.019,39.217,1501.232
HIST-021,Pump,31,2024-01-08 12:00:00,65.925,2.208,101.976,40.412,1489.818
HIST-021,Pump,32,2024-01-08 18:00:00,63.583,2.493,101.862,40.657,1509.937
HIST-021,Pump,33,2024-01-09 00:00:00,63.842,2.038,104.185,40.706,1494.383
HIST-021,Pump,34,2024-01-09 06:00:00,65.071,2.187,102.851,42.588,1500.43
HIST-021,Pump,35,2024-01-09 12:00:00,61.92,2.001,104.056,40.625,1502.637
HIST-021,Pump,36,2024-01-09 18:00:00,66.154,2.207,101.465,39.464,1512.84
HIST-021,Pump,37,2024-01-10 00:00:00,60.039,2.514,101.365,40.642,1528.919
HIST-021,Pump,38,2024-01-10 06:00:00,65.726,2.232,98.988,39.355,1488.933
HIST-021,Pump,39,2024-01-10 12:00:00,65.914,2.093,102.461,38.402,1500.789
HIST-021,Pump,40,2024-01-10 18:00:00,63.411,2.19,96.003,41.83,1477.734
HIST-021,Pump,41,2024-01-11 00:00:00,62.532,1.96,99.584,40.801,1522.222
HIST-021,Pump,42,2024-01-11 06:00:00,64.184,1.902,101.62,37.208,1500.658
HIST-021,Pump,43,2024-01-11 12:00:00,66.279,2.561,104.225,38.975,1495.505
HIST-021,Pump,44,2024-01-11 18:00:00,65.691,2.691,98.566,41.136,1500.783
HIST-021,Pump,45,2024-01-12 00:00:00,62.777,1.663,102.9,37.654,1501.541
HIST-021,Pump,46,2024-01-12 06:00:00,65.211,2.375,99.408,38.871,1489.022
HIST-021,Pump,47,2024-01-12 12:00:00,65.524,2.458,102.961,43.992,1517.82
HIST-021,Pump,48,2024-01-12 18:00:00,65.439,1.836,97.596,39.503,1509.671
HIST-021,Pump,49,2024-01-13 00:00:00,63.027,2.058,102.178,41.624,1511.763
HIST-021,Pump,50,2024-01-13 06:00:00,65.311,2.027,99.714,42.251,1489.8
HIST-021,Pump,51,2024-01-13 12:00:00,66.835,2.77,96.445,38.637,1488.988
HIST-021,Pump,52,2024-01-13 18:00:00,66.074,2.696,99.54,40.4,1498.297
HIST-021,Pump,53,2024-01-14 00:00:00,65.823,1.924,103.965,43.088,1511.999
HIST-021,Pump,54,2024-01-14 06:00:00,68.285,1.762,96.942,40.689,1507.525
HIST-021,Pump,55,2024-01-14 12:00:00,65.336,2.432,95.547,43.548,1488.335
HIST-021,Pump,56,2024-01-14 18:00:00,63.316,2.363,101.196,39.045,1510.016
HIST-021,Pump,57,2024-01-15 00:00:00,63.323,2.573,94.967,42.696,1485.418
HIST-021,Pump,58,2024-01-15 06:00:00,65.352,1.882,104.69,40.025,1490.076
HIST-021,Pump,59,2024-01-15 12:00:00,62.125,2.417,104.614,39.509,1502.366
HIST-021,Pump,60,2024-01-15 18:00:00,64.378,1.98,103.115,40.96,1482.428
HIST-021,Pump,61,2024-01-16 00:00:00,65.928,2.387,99.966,39.833,1485.547
HIST-021,Pump,62,2024-01-16 06:00:00,67.342,2.189,104.994,39.873,1523.282
HIST-021,Pump,63,2024-01-16 12:00:00,61.912,2.77,104.036,40.728,1520.494
HIST-021,Pump,64,2024-01-16 18:00:00,65.198,2.334,98.402,37.288,1534.346
HIST-021,Pump,65,2024-01-17 00:00:00,64.864,2.106,104.317,38.802,1506.759
HIST-021,Pump,66,2024-01-17 06:00:00,65.075,2.241,97.265,41.084,1509.671
HIST-021,Pump,67,2024-01-17 12:00:00,65.283,2.17,99.409,41.487,1497.676
HIST-021,Pump,68,2024-01-17 18:00:00,64.937,1.854,94.62,40.536,1494.743
HIST-021,Pump,69,2024-01-18 00:00:00,67.784,2.777,100.438,40.414,1513.079
HIST-021,Pump,70,2024-01-18 06:00:00,67.488,2.68,99.116,40.604,1520.43
HIST-021,Pump,71,2024-01-18 12:00:00,69.287,2.147,98.643,41.437,1511.8
HIST-021,Pump,72,2024-01-18 18:00:00,64.979,2.41,99.503,37.861,1487.403
HIST-021,Pump,73,2024-01-19 00:00:00,64.179,2.815,98.261,39.236,1505.874
HIST-021,Pump,74,2024-01-19 06:00:00,63.064,2.571,100.125,39.888,1488.448
HIST-021,Pump,75,2024-01-19 12:00:00,63.961,2.108,103.851,40.294,1495.133
HIST-021,Pump,76,2024-01-19 18:00:00,66.429,2.174,96.814,36.836,1524.543
HIST-021,Pump,77,2024-01-20 00:00:00,66.737,1.685,102.588,38.114,1482.006
HIST-021,Pump,78,2024-01-20 06:00:00,66.351,2.432,100.646,39.975,1532.53
HIST-021,Pump,79,2024-01-20 12:00:00,63.671,2.573,101.122,41.52,1508.243
HIST-021,Pump,80,2024-01-20 18:00:00,63.682,2.575,99.908,39.371,1493.008
HIST-021,Pump,81,2024-01-21 00:00:00,68.913,2.41,97.848,39.0,1501.023
HIST-021,Pump,82,2024-01-21 06:00:00,63.336,2.306,101.335,40.793,1489.726
HIST-021,Pump,83,2024-01-21 12:00:00,67.833,1.901,101.557,39.508,1491.796
HIST-021,Pump,84,2024-01-21 18:00:00,65.809,2.296,97.599,41.321,1501.099
HIST-021,Pump,85,2024-01-22 00:00:00,63.535,2.011,95.984,39.668,1495.066
HIST-021,Pump,86,2024-01-22 06:00:00,62.631,2.358,100.256,38.327,1486.005
HIST-021,Pump,87,2024-01-22 12:00:00,63.622,1.971,102.264,42.131,1496.679
HIST-021,Pump,88,2024-01-22 18:00:00,65.835,2.356,103.015,41.856,1480.281
HIST-021,Pump,89,2024-01-23 00:00:00,63.181,2.597,103.61,38.567,1480.923
HIST-021,Pump,90,2024-01-23 06:00:00,68.109,2.313,101.114,40.594,1480.769
HIST-021,Pump,91,2024-01-23 12:00:00,64.584,2.299,99.21,39.51,1525.07
HIST-021,Pump,92,2024-01-23 18:00:00,66.401,2.474,99.994,40.929,1506.084
HIST-021,Pump,93,2024-01-24 00:00:00,66.239,2.731,96.27,38.686,1508.938
HIST-021,Pump,94,2024-01-24 06:00:00,68.244,2.168,97.952,41.308,1500.169
HIST-021,Pump,95,2024-01-24 12:00:00,64.124,2.356,99.84,41.792,1507.594
HIST-021,Pump,96,2024-01-24 18:00:00,65.212,2.653,99.2,38.579,1517.638
HIST-021,Pump,97,2024-01-25 00:00:00,62.197,2.401,100.276,40.102,1506.117
HIST-021,Pump,98,2024-01-25 06:00:00,65.206,1.599,95.875,41.824,1524.605
HIST-021,Pump,99,2024-01-25 12:00:00,67.28,1.985,96.546,38.498,1499.442
HIST-021,Pump,100,2024-01-25 18:00:00,65.439,2.425,102.327,38.997,1508.984
HIST-021,Pump,101,2024-01-26 00:00:00,69.625,2.08,97.5,40.993,1510.56
HIST-021,Pump,102,2024-01-26 06:00:00,66.039,2.632,97.971,39.759,1486.019
HIST-021,Pump,103,2024-01-26 12:00:00,63.919,2.757,100.285,37.637,1500.641
HIST-021,Pump,104,2024-01-26 18:00:00,65.912,2.023,97.206,39.52,1472.379
HIST-021,Pump,105,2024-01-27 00:00:00,62.073,1.89,103.319,42.62,1498.052
HIST-021,Pump,106,2024-01-27 06:00:00,63.402,2.092,96.23,43.094,1495.813
HIST-021,Pump,107,2024-01-27 12:00:00,62.566,2.074,100.005,39.044,1494.916
HIST-021,Pump,108,2024-01-27 18:00:00,65.032,2.661,97.754,38.63,1493.887
HIST-021,Pump,109,2024-01-28 00:00:00,64.879,1.889,100.469,39.313,1507.68
HIST-021,Pump,110,2024-01-28 06:00:00,67.41,2.423,98.508,42.703,1486.713
HIST-021,Pump,111,2024-01-28 12:00:00,64.802,2.616,99.929,41.263,1527.9
HIST-021,Pump,112,2024-01-28 18:00:00,62.995,2.446,103.664,42.196,1508.512
HIST-021,Pump,113,2024-01-29 00:00:00,68.119,2.331,97.938,41.498,1487.956
HIST-021,Pump,114,2024-01-29 06:00:00,59.111,2.151,97.913,38.021,1509.708
HIST-021,Pump,115,2024-01-29 12:00:00,65.077,2.755,99.052,38.577,1514.923
HIST-021,Pump,116,2024-01-29 18:00:00,65.435,2.126,104.422,38.956,1505.537
HIST-021,Pump,117,2024-01-30 00:00:00,64.979,2.484,99.731,39.217,1484.913
HIST-021,Pump,118,2024-01-30 06:00:00,66.0,2.152,103.703,38.983,1533.559
HIST-021,Pump,119,2024-01-30 12:00:00,65.221,1.647,99.469,39.157,1509.592
HIST-021,Pump,120,2024-01-30 18:00:00,65.999,2.119,103.569,40.961,1481.286
HIST-021,Pump,121,2024-01-31 00:00:00,63.796,2.153,101.222,40.204,1503.137
HIST-021,Pump,122,2024-01-31 06:00:00,62.082,2.157,101.664,41.83,1496.695
HIST-021,Pump,123,2024-01-31 12:00:00,64.907,2.002,95.693,40.378,1500.096
HIST-021,Pump,124,2024-01-31 18:00:00,62.947,2.388,95.248,38.986,1482.094
HIST-021,Pump,125,2024-02-01 00:00:00,63.543,2.421,103.211,40.283,1500.815
HIST-021,Pump,126,2024-02-01 06:00:00,67.323,2.108,103.173,37.733,1487.531
HIST-021,Pump,127,2024-02-01 12:00:00,68.116,2.106,107.264,36.532,1494.757
HIST-021,Pump,128,2024-02-01 18:00:00,67.285,1.885,95.542,40.965,1505.812
HIST-021,Pump,129,2024-02-02 00:00:00,66.915,2.276,101.457,41.527,1492.851
HIST-021,Pump,130,2024-02-02 06:00:00,65.12,2.613,96.929,40.108,1495.644
HIST-021,Pump,131,2024-02-02 12:00:00,67.031,2.614,97.778,39.413,1512.303
HIST-021,Pump,132,2024-02-02 18:00:00,65.711,2.02,98.493,37.987,1486.671
HIST-021,Pump,133,2024-02-03 00:00:00,68.895,2.797,101.147,41.75,1490.274
HIST-021,Pump,134,2024-02-03 06:00:00,63.164,2.091,98.008,40.739,1481.181
HIST-021,Pump,135,2024-02-03 12:00:00,66.345,1.895,100.101,40.437,1487.657
HIST-021,Pump,136,2024-02-03 18:00:00,62.471,1.791,102.496,39.993,1501.937
HIST-021,Pump,137,2024-02-04 00:00:00,66.357,1.877,103.384,39.296,1509.592
HIST-021,Pump,138,2024-02-04 06:00:00,61.562,2.3,102.078,38.33,1487.907
HIST-021,Pump,139,2024-02-04 12:00:00,62.573,2.123,101.356,40.379,1509.147
HIST-021,Pump,140,2024-02-04 18:00:00,62.435,2.01,99.575,39.192,1501.578
HIST-021,Pump,141,2024-02-05 00:00:00,65.504,1.946,98.293,39.364,1479.261
HIST-021,Pump,142,2024-02-05 06:00:00,65.709,1.874,101.617,42.577,1502.618
HIST-021,Pump,143,2024-02-05 12:00:00,69.901,1.933,96.847,39.928,1517.915
HIST-021,Pump,144,2024-02-05 18:00:00,64.817,2.505,100.357,36.321,1471.618
HIST-021,Pump,145,2024-02-06 00:00:00,66.545,2.741,96.773,39.197,1530.078
HIST-021,Pump,146,2024-02-06 06:00:00,65.322,2.76,99.876,38.498,1490.842
HIST-021,Pump,147,2024-02-06 12:00:00,66.378,2.406,96.839,39.791,1475.263
HIST-021,Pump,148,2024-02-06 18:00:00,65.287,2.052,98.798,37.863,1502.076
HIST-021,Pump,149,2024-02-07 00:00:00,67.199,2.0,97.972,40.65,1512.466
HIST-021,Pump,150,2024-02-07 06:00:00,62.895,2.427,97.61,39.556,1495.793
HIST-021,Pump,151,2024-02-07 12:00:00,60.105,2.126,99.738,39.286,1504.674
HIST-021,Pump,152,2024-02-07 18:00:00,65.835,2.324,92.729,40.224,1531.796
HIST-021,Pump,153,2024-02-08 00:00:00,61.39,2.779,94.593,39.885,1503.085
HIST-021,Pump,154,2024-02-08 06:00:00,67.623,2.265,102.411,39.798,1544.737
HIST-021,Pump,155,2024-02-08 12:00:00,63.904,2.883,100.442,39.664,1518.969
HIST-021,Pump,156,2024-02-08 18:00:00,62.924,1.862,97.83,39.97,1500.773
HIST-021,Pump,157,2024-02-09 00:00:00,70.401,2.334,102.922,40.515,1504.373
HIST-021,Pump,158,2024-02-09 06:00:00,64.963,2.294,98.082,40.327,1495.208
HIST-021,Pump,159,2024-02-09 12:00:00,64.58,1.905,98.261,41.69,1503.744
HIST-021,Pump,160,2024-02-09 18:00:00,66.496,2.44,97.65,39.18,1508.423
HIST-021,Pump,161,2024-02-10 00:00:00,66.631,2.659,105.72,40.357,1493.938
HIST-021,Pump,162,2024-02-10 06:00:00,67.278,2.861,100.705,43.669,1479.3
HIST-021,Pump,163,2024-02-10 12:00:00,62.334,2.323,100.587,39.939,1519.819
HIST-021,Pump,164,2024-02-10 18:00:00,66.072,1.63,101.399,39.997,1514.602
HIST-021,Pump,165,2024-02-11 00:00:00,64.414,2.343,94.442,38.105,1478.744
HIST-021,Pump,166,2024-02-11 06:00:00,63.158,2.423,98.218,38.93,1502.565
HIST-021,Pump,167,2024-02-11 12:00:00,65.096,2.129,101.365,39.84,1515.406
HIST-021,Pump,168,2024-02-11 18:00:00,61.378,2.265,99.988,40.8,1513.856
HIST-021,Pump,169,2024-02-12 00:00:00,66.846,2.055,106.616,40.974,1489.59
HIST-021,Pump,170,2024-02-12 06:00:00,64.419,2.16,98.394,40.489,1514.732
HIST-021,Pump,171,2024-02-12 12:00:00,64.045,2.505,102.83,41.206,1500.226
HIST-021,Pump,172,2024-02-12 18:00:00,64.725,2.617,102.418,38.501,1505.83
HIST-021,Pump,173,2024-02-13 00:00:00,64.665,1.819,100.428,40.733,1486.208
HIST-021,Pump,174,2024-02-13 06:00:00,67.281,2.047,100.973,40.02,1436.145
HIST-021,Pump,175,2024-02-13 12:00:00,62.809,1.723,98.651,40.187,1488.34
HIST-021,Pump,176,2024-02-13 18:00:00,64.236,2.706,93.88,39.457,1508.049
HIST-021,Pump,177,2024-02-14 00:00:00,64.567,2.535,101.542,38.57,1496.919
HIST-021,Pump,178,2024-02-14 06:00:00,62.87,1.623,99.72,38.177,1509.753
HIST-021,Pump,179,2024-02-14 12:00:00,65.319,2.136,101.4,40.481,1516.592
HIST-021,Pump,180,2024-02-14 18:00:00,63.552,2.149,101.608,40.747,1495.042
HIST-021,Pump,181,2024-02-15 00:00:00,62.191,1.968,103.943,39.806,1493.566
HIST-021,Pump,182,2024-02-15 06:00:00,66.052,2.783,98.836,39.978,1467.197
HIST-021,Pump,183,2024-02-15 12:00:00,68.095,2.427,102.297,38.92,1476.785
HIST-021,Pump,184,2024-02-15 18:00:00,65.097,2.37,94.521,40.755,1479.901
HIST-021,Pump,185,2024-02-16 00:00:00,64.793,2.144,97.419,40.091,1508.35
HIST-021,Pump,186,2024-02-16 06:00:00,64.751,2.146,101.103,39.452,1495.192
HIST-021,Pump,187,2024-02-16 12:00:00,63.968,2.249,98.889,41.299,1491.986
HIST-021,Pump,188,2024-02-16 18:00:00,67.34,2.359,102.06,40.968,1490.269
HIST-021,Pump,189,2024-02-17 00:00:00,65.188,1.988,98.523,37.696,1488.315
HIST-021,Pump,190,2024-02-17 06:00:00,60.643,2.318,98.583,40.074,1513.852
HIST-021,Pump,191,2024-02-17 12:00:00,67.398,1.967,95.767,38.563,1501.4
HIST-021,Pump,192,2024-02-17 18:00:00,66.908,1.981,94.379,40.209,1514.87
HIST-021,Pump,193,2024-02-18 00:00:00,66.203,2.203,104.895,35.272,1467.099
HIST-021,Pump,194,2024-02-18 06:00:00,59.489,2.767,97.5,40.296,1507.991
HIST-021,Pump,195,2024-02-18 12:00:00,64.994,2.518,91.649,41.068,1492.743
HIST-021,Pump,196,2024-02-18 18:00:00,66.787,2.491,93.035,39.834,1495.778
HIST-021,Pump,197,2024-02-19 00:00:00,65.759,2.668,96.746,38.253,1520.292
HIST-021,Pump,198,2024-02-19 06:00:00,65.41,2.41,95.678,42.935,1494.152
HIST-021,Pump,199,2024-02-19 12:00:00,66.791,2.925,99.693,41.734,1507.378
HIST-021,Pump,200,2024-02-19 18:00:00,65.279,2.382,99.713,39.203,1484.731
HIST-021,Pump,201,2024-02-20 00:00:00,67.407,2.872,96.087,39.608,1500.542
HIST-021,Pump,202,2024-02-20 06:00:00,65.324,2.29,87.791,37.028,1476.131
HIST-021,Pump,203,2024-02-20 12:00:00,65.164,2.416,89.132,40.71,1499.14
HIST-021,Pump,204,2024-02-20 18:00:00,66.785,2.827,95.647,37.946,1505.781
HIST-021,Pump,205,2024-02-21 00:00:00,64.203,2.607,91.876,41.0,1516.596
HIST-021,Pump,206,2024-02-21 06:00:00,62.806,3.424,92.861,41.539,1487.732
HIST-021,Pump,207,2024-02-21 12:00:00,65.008,1.979,98.304,39.895,1492.066
HIST-021,Pump,208,2024-02-21 18:00:00,66.181,2.685,93.828,38.403,1490.338
HIST-021,Pump,209,2024-02-22 00:00:00,66.851,2.798,92.349,41.874,1496.19
HIST-021,Pump,210,2024-02-22 06:00:00,66.862,2.597,91.199,40.003,1485.541
HIST-021,Pump,211,2024-02-22 12:00:00,64.863,2.907,91.599,40.14,1467.642
HIST-021,Pump,212,2024-02-22 18:00:00,64.657,3.227,91.907,38.603,1484.359
HIST-021,Pump,213,2024-02-23 00:00:00,63.816,2.3,91.907,40.29,1499.266
HIST-021,Pump,214,2024-02-23 06:00:00,65.5,3.173,94.073,39.696,1497.778
HIST-021,Pump,215,2024-02-23 12:00:00,61.718,3.179,92.817,38.007,1508.282
HIST-021,Pump,216,2024-02-23 18:00:00,65.046,2.538,94.098,42.01,1512.633
HIST-021,Pump,217,2024-02-24 00:00:00,70.699,2.342,91.168,42.639,1493.257
HIST-021,Pump,218,2024-02-24 06:00:00,61.992,2.694,89.616,41.527,1476.214
HIST-021,Pump,219,2024-02-24 12:00:00,65.314,2.991,93.095,41.303,1506.048
HIST-021,Pump,220,2024-02-24 18:00:00,65.756,3.169,85.256,42.648,1499.853
HIST-021,Pump,221,2024-02-25 00:00:00,66.013,1.852,89.373,38.429,1496.123
HIST-021,Pump,222,2024-02-25 06:00:00,63.067,2.756,93.51,38.411,1518.306
HIST-021,Pump,223,2024-02-25 12:00:00,66.031,3.296,87.261,39.378,1506.758
HIST-021,Pump,224,2024-02-25 18:00:00,63.931,3.462,84.365,40.447,1501.843
HIST-021,Pump,225,2024-02-26 00:00:00,62.145,3.089,87.495,39.561,1502.458
HIST-021,Pump,226,2024-02-26 06:00:00,66.904,3.365,91.111,38.47,1512.746
HIST-021,Pump,227,2024-02-26 12:00:00,66.329,3.201,79.653,40.008,1489.657
HIST-021,Pump,228,2024-02-26 18:00:00,63.067,3.395,85.994,39.858,1486.797
HIST-021,Pump,229,2024-02-27 00:00:00,63.912,3.206,84.906,41.262,1496.488
HIST-021,Pump,230,2024-02-27 06:00:00,63.84,3.304,86.032,40.067,1482.331
HIST-021,Pump,231,2024-02-27 12:00:00,61.713,3.055,84.072,37.143,1499.319
HIST-021,Pump,232,2024-02-27 18:00:00,66.525,3.279,87.719,40.578,1501.454
HIST-021,Pump,233,2024-02-28 00:00:00,66.6,2.767,84.54,42.373,1498.968
HIST-021,Pump,234,2024-02-28 06:00:00,64.335,3.697,87.547,40.043,1494.579
HIST-021,Pump,235,2024-02-28 12:00:00,64.944,3.1,86.678,41.48,1524.795
HIST-021,Pump,236,2024-02-28 18:00:00,65.229,3.534,83.993,39.242,1514.11
HIST-021,Pump,237,2024-02-29 00:00:00,65.489,3.046,81.386,40.849,1498.543
HIST-021,Pump,238,2024-02-29 06:00:00,62.305,3.155,83.358,38.883,1501.395
HIST-021,Pump,239,2024-02-29 12:00:00,65.977,3.628,83.147,39.63,1520.645
HIST-021,Pump,240,2024-02-29 18:00:00,62.649,3.703,76.047,39.642,1491.232
HIST-021,Pump,241,2024-03-01 00:00:00,66.363,3.526,82.743,40.715,1485.516
HIST-021,Pump,242,2024-03-01 06:00:00,62.87,3.139,82.09,38.764,1503.403
HIST-021,Pump,243,2024-03-01 12:00:00,62.4,2.889,78.953,37.803,1506.209
HIST-021,Pump,244,2024-03-01 18:00:00,64.944,3.417,78.326,40.705,1507.328
HIST-021,Pump,245,2024-03-02 00:00:00,64.899,3.493,80.266,40.649,1512.417
HIST-021,Pump,246,2024-03-02 06:00:00,65.207,4.332,79.707,40.169,1489.011
HIST-021,Pump,247,2024-03-02 12:00:00,63.215,4.068,75.775,41.399,1478.873
HIST-021,Pump,248,2024-03-02 18:00:00,65.406,3.275,79.668,39.696,1491.231
HIST-021,Pump,249,2024-03-03 00:00:00,65.594,4.237,77.267,40.422,1508.728
HIST-021,Pump,250,2024-03-03 06:00:00,67.331,3.95,72.119,39.475,1486.172
HIST-021,Pump,251,2024-03-03 12:00:00,65.37,3.602,76.588,39.612,1470.992
HIST-021,Pump,252,2024-03-03 18:00:00,63.801,3.642,70.45,40.51,1502.164
HIST-021,Pump,253,2024-03-04 00:00:00,62.306,3.353,76.064,43.4,1491.494
HIST-021,Pump,254,2024-03-04 06:00:00,61.939,3.961,73.364,41.113,1474.094
HIST-021,Pump,255,2024-03-04 12:00:00,65.646,3.803,75.933,40.823,1501.117
HIST-021,Pump,256,2024-03-04 18:00:00,66.586,3.743,75.422,41.16,1494.206
HIST-021,Pump,257,2024-03-05 00:00:00,63.22,2.998,66.936,36.478,1525.14
HIST-021,Pump,258,2024-03-05 06:00:00,65.511,3.557,71.653,40.479,1501.333
HIST-021,Pump,259,2024-03-05 12:00:00,64.652,4.054,67.224,41.366,1508.791
HIST-021,Pump,260,2024-03-05 18:00:00,66.437,4.306,76.594,40.127,1499.742
HIST-021,Pump,261,2024-03-06 00:00:00,66.732,3.472,69.005,39.935,1491.037
HIST-021,Pump,262,2024-03-06 06:00:00,60.468,3.798,65.712,38.59,1492.686
HIST-021,Pump,263,2024-03-06 12:00:00,67.064,4.575,77.035,39.35,1516.214
HIST-021,Pump,264,2024-03-06 18:00:00,65.504,3.596,66.175,38.75,1511.217
HIST-021,Pump,265,2024-03-07 00:00:00,63.937,4.344,64.492,41.499,1477.671
HIST-021,Pump,266,2024-03-07 06:00:00,63.993,3.797,64.154,42.253,1481.271
HIST-021,Pump,267,2024-03-07 12:00:00,65.063,4.617,67.984,42.903,1482.104
HIST-021,Pump,268,2024-03-07 18:00:00,63.993,3.875,65.129,38.725,1515.901
HIST-021,Pump,269,2024-03-08 00:00:00,63.126,4.426,61.22,38.997,1474.029
HIST-021,Pump,270,2024-03-08 06:00:00,63.584,4.701,64.918,38.875,1511.797
HIST-022,Compressor,1,2024-01-01 00:00:00,66.784,1.932,101.65,41.52,1503.865
HIST-022,Compressor,2,2024-01-01 06:00:00,61.998,2.247,95.751,39.307,1506.085
HIST-022,Compressor,3,2024-01-01 12:00:00,63.097,1.925,100.242,40.979,1497.301
HIST-022,Compressor,4,2024-01-01 18:00:00,64.441,1.947,102.867,40.398,1487.712
HIST-022,Compressor,5,2024-01-02 00:00:00,62.334,2.364,99.746,39.338,1508.928
HIST-022,Compressor,6,2024-01-02 06:00:00,64.457,2.385,103.163,41.964,1508.161
HIST-022,Compressor,7,2024-01-02 12:00:00,64.347,2.112,104.022,41.104,1475.72
HIST-022,Compressor,8,2024-01-02 18:00:00,65.174,1.706,102.711,40.003,1498.758
HIST-022,Compressor,9,2024-01-03 00:00:00,64.886,2.551,98.388,39.878,1513.02
HIST-022,Compressor,10,2024-01-03 06:00:00,67.139,2.065,99.894,40.141,1521.986
HIST-022,Compressor,11,2024-01-03 12:00:00,66.146,2.819,101.037,37.706,1510.88
HIST-022,Compressor,12,2024-01-03 18:00:00,64.858,2.16,98.591,38.763,1477.241
HIST-022,Compressor,13,2024-01-04 00:00:00,64.333,2.241,98.491,40.694,1484.183
HIST-022,Compressor,14,2024-01-04 06:00:00,64.905,2.07,98.31,37.626,1494.81
HIST-022,Compressor,15,2024-01-04 12:00:00,64.94,2.273,107.631,38.879,1520.982
HIST-022,Compressor,16,2024-01-04 18:00:00,70.038,3.243,99.187,39.411,1490.894
HIST-022,Compressor,17,2024-01-05 00:00:00,62.085,2.095,103.206,44.355,1515.879
HIST-022,Compressor,18,2024-01-05 06:00:00,63.147,2.583,97.392,41.011,1490.653
HIST-022,Compressor,19,2024-01-05 12:00:00,62.854,2.227,105.105,41.646,1507.989
HIST-022,Compressor,20,2024-01-05 18:00:00,65.539,2.552,98.864,38.792,1485.9
HIST-022,Compressor,21,2024-01-06 00:00:00,65.459,1.62,100.159,40.543,1497.093
HIST-022,Compressor,22,2024-01-06 06:00:00,63.854,2.783,94.502,37.36,1483.026
HIST-022,Compressor,23,2024-01-06 12:00:00,66.792,2.302,103.35,39.504,1521.646
HIST-022,Compressor,24,2024-01-06 18:00:00,65.739,2.12,104.0,40.758,1489.577
HIST-022,Compressor,25,2024-01-07 00:00:00,66.876,2.471,96.438,37.874,1476.793
HIST-022,Compressor,26,2024-01-07 06:00:00,67.407,2.243,103.524,40.59,1475.605
HIST-022,Compressor,27,2024-01-07 12:00:00,60.738,1.856,95.988,40.714,1498.719
HIST-022,Compressor,28,2024-01-07 18:00:00,66.371,1.473,101.896,39.096,1493.129
HIST-022,Compressor,29,2024-01-08 00:00:00,62.42,2.748,99.136,38.748,1509.731
HIST-022,Compressor,30,2024-01-08 06:00:00,65.499,2.133,104.009,38.927,1496.473
HIST-022,Compressor,31,2024-01-08 12:00:00,64.854,2.016,100.748,39.48,1517.489
HIST-022,Compressor,32,2024-01-08 18:00:00,64.94,2.039,102.794,39.525,1494.219
HIST-022,Compressor,33,2024-01-09 00:00:00,62.591,2.639,103.713,40.764,1515.397
HIST-022,Compressor,34,2024-01-09 06:00:00,67.061,2.053,99.127,39.198,1485.712
HIST-022,Compressor,35,2024-01-09 12:00:00,62.419,2.393,99.913,42.403,1477.45
HIST-022,Compressor,36,2024-01-09 18:00:00,66.501,2.1,96.666,42.392,1487.65
HIST-022,Compressor,37,2024-01-10 00:00:00,62.136,1.824,99.1,40.354,1483.069
HIST-022,Compressor,38,2024-01-10 06:00:00,64.964,2.47,105.781,39.483,1481.391
HIST-022,Compressor,39,2024-01-10 12:00:00,68.609,2.531,102.267,39.2,1506.205
HIST-022,Compressor,40,2024-01-10 18:00:00,69.723,1.996,96.866,40.475,1496.035
HIST-022,Compressor,41,2024-01-11 00:00:00,61.763,2.189,104.894,40.738,1502.127
HIST-022,Compressor,42,2024-01-11 06:00:00,63.591,2.229,101.167,39.698,1507.913
HIST-022,Compressor,43,2024-01-11 12:00:00,63.955,2.334,102.491,39.41,1474.715
HIST-022,Compressor,44,2024-01-11 18:00:00,69.51,2.791,101.472,40.529,1508.549
HIST-022,Compressor,45,2024-01-12 00:00:00,64.863,2.103,101.259,40.104,1481.922
HIST-022,Compressor,46,2024-01-12 06:00:00,67.149,2.101,94.007,39.142,1491.348
HIST-022,Compressor,47,2024-01-12 12:00:00,65.599,2.147,103.321,40.17,1471.618
HIST-022,Compressor,48,2024-01-12 18:00:00,62.602,1.917,93.237,39.092,1509.819
HIST-022,Compressor,49,2024-01-13 00:00:00,61.28,1.683,103.048,38.873,1474.664
HIST-022,Compressor,50,2024-01-13 06:00:00,63.774,2.24,100.299,39.993,1481.998
HIST-022,Compressor,51,2024-01-13 12:00:00,69.634,2.358,102.506,39.138,1483.086
HIST-022,Compressor,52,2024-01-13 18:00:00,65.515,2.201,100.475,38.901,1498.069
HIST-022,Compressor,53,2024-01-14 00:00:00,67.109,2.181,103.131,41.569,1497.611
HIST-022,Compressor,54,2024-01-14 06:00:00,62.164,1.93,100.048,39.412,1512.178
HIST-022,Compressor,55,2024-01-14 12:00:00,64.35,2.276,100.843,42.765,1498.431
HIST-022,Compressor,56,2024-01-14 18:00:00,66.558,2.251,101.214,40.94,1514.487
HIST-022,Compressor,57,2024-01-15 00:00:00,62.818,2.342,105.636,38.769,1505.69
HIST-022,Compressor,58,2024-01-15 06:00:00,64.872,2.297,101.801,41.74,1485.818
HIST-022,Compressor,59,2024-01-15 12:00:00,63.24,2.318,96.049,38.925,1489.992
HIST-022,Compressor,60,2024-01-15 18:00:00,66.653,2.596,98.308,42.96,1522.659
HIST-022,Compressor,61,2024-01-16 00:00:00,65.797,2.372,101.794,40.339,1518.411
HIST-022,Compressor,62,2024-01-16 06:00:00,66.367,2.344,103.779,40.814,1512.361
HIST-022,Compressor,63,2024-01-16 12:00:00,66.742,1.677,97.833,40.046,1514.332
HIST-022,Compressor,64,2024-01-16 18:00:00,64.545,2.516,106.72,40.399,1506.977
HIST-022,Compressor,65,2024-01-17 00:00:00,67.006,2.111,100.527,39.656,1505.027
HIST-022,Compressor,66,2024-01-17 06:00:00,63.82,2.224,101.262,38.611,1500.746
HIST-022,Compressor,67,2024-01-17 12:00:00,66.251,1.818,96.238,40.51,1525.483
HIST-022,Compressor,68,2024-01-17 18:00:00,61.058,2.827,103.346,41.537,1493.03
HIST-022,Compressor,69,2024-01-18 00:00:00,63.507,1.458,98.663,38.214,1503.605
HIST-022,Compressor,70,2024-01-18 06:00:00,69.632,2.646,97.762,42.311,1474.376
HIST-022,Compressor,71,2024-01-18 12:00:00,66.222,2.328,99.048,40.902,1478.539
HIST-022,Compressor,72,2024-01-18 18:00:00,66.223,1.628,104.148,39.345,1527.227
HIST-022,Compressor,73,2024-01-19 00:00:00,63.352,2.811,101.397,39.318,1509.252
HIST-022,Compressor,74,2024-01-19 06:00:00,62.812,2.354,97.333,42.796,1496.81
HIST-022,Compressor,75,2024-01-19 12:00:00,64.471,1.493,98.409,41.408,1501.175
HIST-022,Compressor,76,2024-01-19 18:00:00,64.866,2.073,104.229,41.71,1479.628
HIST-022,Compressor,77,2024-01-20 00:00:00,68.829,2.36,99.291,39.623,1493.578
HIST-022,Compressor,78,2024-01-20 06:00:00,67.038,2.714,101.681,40.833,1478.128
HIST-022,Compressor,79,2024-01-20 12:00:00,65.218,2.077,102.415,40.524,1495.57
HIST-022,Compressor,80,2024-01-20 18:00:00,65.131,1.406,89.744,39.738,1510.205
HIST-022,Compressor,81,2024-01-21 00:00:00,66.516,2.638,103.793,40.164,1506.8
HIST-022,Compressor,82,2024-01-21 06:00:00,62.362,2.349,97.443,41.665,1523.837
HIST-022,Compressor,83,2024-01-21 12:00:00,61.157,1.53,98.918,42.399,1504.421
HIST-022,Compressor,84,2024-01-21 18:00:00,66.487,2.303,104.618,39.623,1462.823
HIST-022,Compressor,85,2024-01-22 00:00:00,65.144,2.335,104.341,38.03,1529.26
HIST-022,Compressor,86,2024-01-22 06:00:00,62.376,2.103,101.478,42.465,1487.39
HIST-022,Compressor,87,2024-01-22 12:00:00,60.81,1.952,102.185,42.484,1502.432
HIST-022,Compressor,88,2024-01-22 18:00:00,66.788,2.017,102.934,40.601,1501.527
HIST-022,Compressor,89,2024-01-23 00:00:00,63.957,2.102,104.29,42.689,1503.613
HIST-022,Compressor,90,2024-01-23 06:00:00,65.801,2.306,104.672,40.491,1500.721
HIST-022,Compressor,91,2024-01-23 12:00:00,64.472,2.437,100.323,38.636,1500.985
HIST-022,Compressor,92,2024-01-23 18:00:00,64.932,1.556,97.788,38.032,1480.175
HIST-022,Compressor,93,2024-01-24 00:00:00,63.815,2.277,99.235,38.017,1538.805
HIST-022,Compressor,94,2024-01-24 06:00:00,64.847,2.346,100.382,40.007,1509.772
HIST-022,Compressor,95,2024-01-24 12:00:00,66.154,2.251,99.841,39.301,1500.778
HIST-022,Compressor,96,2024-01-24 18:00:00,64.449,2.079,96.963,39.132,1527.628
HIST-022,Compressor,97,2024-01-25 00:00:00,64.334,2.626,101.31,39.84,1483.921
HIST-022,Compressor,98,2024-01-25 06:00:00,66.215,2.603,95.297,41.287,1513.026
HIST-022,Compressor,99,2024-01-25 12:00:00,66.348,2.09,100.256,39.179,1491.673
HIST-022,Compressor,100,2024-01-25 18:00:00,62.725,2.175,100.449,38.927,1506.035
HIST-022,Compressor,101,2024-01-26 00:00:00,64.942,2.432,100.346,39.278,1506.367
HIST-022,Compressor,102,2024-01-26 06:00:00,63.952,2.585,102.554,41.381,1464.953
HIST-022,Compressor,103,2024-01-26 12:00:00,65.027,1.955,102.156,39.895,1478.525
HIST-022,Compressor,104,2024-01-26 18:00:00,67.868,1.886,106.668,40.42,1523.797
HIST-022,Compressor,105,2024-01-27 00:00:00,65.718,2.282,98.447,42.33,1496.218
HIST-022,Compressor,106,2024-01-27 06:00:00,69.328,1.863,100.838,44.265,1530.024
HIST-022,Compressor,107,2024-01-27 12:00:00,65.439,1.617,100.646,40.961,1519.652
HIST-022,Compressor,108,2024-01-27 18:00:00,64.667,1.954,100.505,40.812,1496.696
HIST-022,Compressor,109,2024-01-28 00:00:00,64.961,2.325,96.205,38.223,1495.372
HIST-022,Compressor,110,2024-01-28 06:00:00,65.285,2.666,96.45,40.553,1524.726
HIST-022,Compressor,111,2024-01-28 12:00:00,65.646,1.987,100.019,40.093,1531.545
HIST-022,Compressor,112,2024-01-28 18:00:00,63.016,2.163,95.272,41.338,1495.701
HIST-022,Compressor,113,2024-01-29 00:00:00,64.534,2.247,98.997,39.412,1523.072
HIST-022,Compressor,114,2024-01-29 06:00:00,63.551,2.005,98.057,40.301,1515.45
HIST-022,Compressor,115,2024-01-29 12:00:00,67.059,1.982,99.106,40.908,1518.038
HIST-022,Compressor,116,2024-01-29 18:00:00,61.149,2.3,103.804,43.521,1501.517
HIST-022,Compressor,117,2024-01-30 00:00:00,65.314,1.841,97.775,41.484,1489.914
HIST-022,Compressor,118,2024-01-30 06:00:00,61.964,1.97,104.189,41.216,1484.184
HIST-022,Compressor,119,2024-01-30 12:00:00,65.864,2.139,98.19,41.582,1480.436
HIST-022,Compressor,120,2024-01-30 18:00:00,64.202,2.297,98.553,38.635,1528.663
HIST-022,Compressor,121,2024-01-31 00:00:00,61.366,1.745,101.792,40.498,1500.164
HIST-022,Compressor,122,2024-01-31 06:00:00,66.884,2.161,99.697,39.635,1482.828
HIST-022,Compressor,123,2024-01-31 12:00:00,59.967,1.813,96.804,39.701,1515.036
HIST-022,Compressor,124,2024-01-31 18:00:00,64.937,1.995,101.149,42.666,1492.817
HIST-022,Compressor,125,2024-02-01 00:00:00,66.382,2.437,95.306,41.841,1490.235
HIST-022,Compressor,126,2024-02-01 06:00:00,67.753,2.178,102.507,39.955,1531.02
HIST-022,Compressor,127,2024-02-01 12:00:00,61.78,2.701,92.044,40.069,1480.039
HIST-022,Compressor,128,2024-02-01 18:00:00,63.968,2.178,104.115,41.175,1503.526
HIST-022,Compressor,129,2024-02-02 00:00:00,67.167,2.49,101.739,37.29,1491.136
HIST-022,Compressor,130,2024-02-02 06:00:00,67.302,2.438,106.033,38.944,1488.742
HIST-022,Compressor,131,2024-02-02 12:00:00,67.561,2.196,110.663,41.222,1478.042
HIST-022,Compressor,132,2024-02-02 18:00:00,70.123,1.805,106.242,39.091,1500.894
HIST-022,Compressor,133,2024-02-03 00:00:00,63.983,2.168,99.992,40.007,1486.891
HIST-022,Compressor,134,2024-02-03 06:00:00,65.745,2.04,107.925,38.996,1508.871
HIST-022,Compressor,135,2024-02-03 12:00:00,64.308,2.029,95.772,40.126,1499.295
HIST-022,Compressor,136,2024-02-03 18:00:00,61.05,2.247,95.882,40.877,1495.311
HIST-022,Compressor,137,2024-02-04 00:00:00,64.82,1.765,107.828,42.85,1486.972
HIST-022,Compressor,138,2024-02-04 06:00:00,61.011,1.938,103.971,42.975,1521.461
HIST-022,Compressor,139,2024-02-04 12:00:00,63.958,1.896,96.81,39.226,1511.035
HIST-022,Compressor,140,2024-02-04 18:00:00,62.064,2.124,99.609,41.398,1489.78
HIST-022,Compressor,141,2024-02-05 00:00:00,65.878,1.97,103.579,38.687,1479.612
HIST-022,Compressor,142,2024-02-05 06:00:00,63.443,1.989,101.045,41.701,1471.68
HIST-022,Compressor,143,2024-02-05 12:00:00,61.43,2.241,101.224,42.944,1517.06
HIST-022,Compressor,144,2024-02-05 18:00:00,66.731,2.066,108.587,41.287,1513.638
HIST-022,Compressor,145,2024-02-06 00:00:00,63.792,2.201,112.417,43.969,1515.699
HIST-022,Compressor,146,2024-02-06 06:00:00,64.136,1.865,105.522,41.6,1498.196
HIST-022,Compressor,147,2024-02-06 12:00:00,63.044,1.951,103.014,41.543,1512.09
HIST-022,Compressor,148,2024-02-06 18:00:00,67.298,2.812,107.967,40.938,1515.408
HIST-022,Compressor,149,2024-02-07 00:00:00,65.541,1.991,101.521,41.055,1498.953
HIST-022,Compressor,150,2024-02-07 06:00:00,63.774,1.568,97.624,39.934,1494.628
HIST-022,Compressor,151,2024-02-07 12:00:00,61.172,2.303,98.663,39.931,1485.356
HIST-022,Compressor,152,2024-02-07 18:00:00,70.021,1.988,105.802,42.664,1506.392
HIST-022,Compressor,153,2024-02-08 00:00:00,68.959,2.273,108.823,44.563,1508.388
HIST-022,Compressor,154,2024-02-08 06:00:00,67.886,2.173,107.34,40.593,1493.902
HIST-022,Compressor,155,2024-02-08 12:00:00,63.594,2.365,109.53,41.449,1495.669
HIST-022,Compressor,156,2024-02-08 18:00:00,63.998,2.17,109.04,39.782,1496.741
HIST-022,Compressor,157,2024-02-09 00:00:00,65.801,2.132,112.179,41.173,1511.869
HIST-022,Compressor,158,2024-02-09 06:00:00,63.212,2.544,105.7,43.891,1479.385
HIST-022,Compressor,159,2024-02-09 12:00:00,63.021,1.535,107.47,41.174,1483.421
HIST-022,Compressor,160,2024-02-09 18:00:00,67.917,1.802,107.495,40.303,1483.714
HIST-022,Compressor,161,2024-02-10 00:00:00,64.89,1.952,107.887,44.734,1497.772
HIST-022,Compressor,162,2024-02-10 06:00:00,62.76,1.692,103.185,42.066,1504.729
HIST-022,Compressor,163,2024-02-10 12:00:00,66.905,2.056,109.957,40.62,1483.967
HIST-022,Compressor,164,2024-02-10 18:00:00,63.852,2.027,105.415,43.662,1513.635
HIST-022,Compressor,165,2024-02-11 00:00:00,61.041,2.492,107.768,43.167,1521.94
HIST-022,Compressor,166,2024-02-11 06:00:00,62.73,2.174,107.276,43.76,1506.207
HIST-022,Compressor,167,2024-02-11 12:00:00,63.967,2.136,104.667,43.188,1516.842
HIST-022,Compressor,168,2024-02-11 18:00:00,65.44,2.086,108.539,44.027,1486.272
HIST-022,Compressor,169,2024-02-12 00:00:00,65.343,1.884,112.11,45.122,1486.63
HIST-022,Compressor,170,2024-02-12 06:00:00,67.456,2.467,110.163,41.591,1507.719
HIST-022,Compressor,171,2024-02-12 12:00:00,64.526,2.563,114.309,42.206,1499.424
HIST-022,Compressor,172,2024-02-12 18:00:00,64.069,1.836,111.832,46.249,1486.602
HIST-022,Compressor,173,2024-02-13 00:00:00,67.49,2.686,106.638,44.103,1521.376
HIST-022,Compressor,174,2024-02-13 06:00:00,66.957,1.999,116.667,45.037,1504.482
HIST-022,Compressor,175,2024-02-13 12:00:00,64.573,1.974,114.565,43.292,1510.533
HIST-022,Compressor,176,2024-02-13 18:00:00,65.584,2.342,115.084,43.418,1489.886
HIST-022,Compressor,177,2024-02-14 00:00:00,64.049,2.369,115.716,43.57,1525.199
HIST-022,Compressor,178,2024-02-14 06:00:00,62.676,2.179,110.079,43.435,1497.661
HIST-022,Compressor,179,2024-02-14 12:00:00,69.394,2.096,112.859,45.488,1515.286
HIST-022,Compressor,180,2024-02-14 18:00:00,63.916,2.552,118.249,46.19,1491.258
HIST-022,Compressor,181,2024-02-15 00:00:00,65.59,2.013,120.344,45.0,1502.53
HIST-022,Compressor,182,2024-02-15 06:00:00,61.969,2.179,114.688,46.153,1508.368
HIST-022,Compressor,183,2024-02-15 12:00:00,66.473,2.708,111.452,43.747,1529.931
HIST-022,Compressor,184,2024-02-15 18:00:00,62.588,1.799,120.485,44.676,1493.404
HIST-022,Compressor,185,2024-02-16 00:00:00,68.356,2.062,113.752,45.858,1503.038
HIST-022,Compressor,186,2024-02-16 06:00:00,68.595,2.508,117.502,46.314,1508.878
HIST-022,Compressor,187,2024-02-16 12:00:00,66.131,2.358,115.461,44.032,1478.777
HIST-022,Compressor,188,2024-02-16 18:00:00,65.23,2.468,119.674,46.423,1467.385
HIST-022,Compressor,189,2024-02-17 00:00:00,64.625,1.803,113.687,44.118,1485.062
HIST-022,Compressor,190,2024-02-17 06:00:00,64.905,2.296,114.727,44.844,1514.508
HIST-022,Compressor,191,2024-02-17 12:00:00,65.818,2.114,114.873,46.902,1525.746
HIST-022,Compressor,192,2024-02-17 18:00:00,65.179,2.882,119.741,47.947,1486.155
HIST-022,Compressor,193,2024-02-18 00:00:00,66.963,2.443,120.694,48.292,1481.749
HIST-022,Compressor,194,2024-02-18 06:00:00,63.163,2.193,120.384,47.751,1523.021
HIST-022,Compressor,195,2024-02-18 12:00:00,68.056,2.286,115.824,46.178,1491.519
HIST-022,Compressor,196,2024-02-18 18:00:00,64.155,2.216,119.969,44.333,1494.423
HIST-022,Compressor,197,2024-02-19 00:00:00,63.508,2.41,123.396,45.85,1521.887
HIST-022,Compressor,198,2024-02-19 06:00:00,65.725,1.943,121.625,48.982,1519.421
HIST-022,Compressor,199,2024-02-19 12:00:00,65.853,2.61,114.854,48.551,1514.011
HIST-022,Compressor,200,2024-02-19 18:00:00,61.527,1.803,121.739,46.713,1474.328
HIST-022,Compressor,201,2024-02-20 00:00:00,64.038,2.262,120.494,46.523,1481.123
HIST-022,Compressor,202,2024-02-20 06:00:00,60.656,1.953,125.463,45.659,1516.808
HIST-022,Compressor,203,2024-02-20 12:00:00,63.649,2.213,127.666,47.781,1504.768
HIST-022,Compressor,204,2024-02-20 18:00:00,63.735,2.496,116.461,45.978,1488.334
HIST-022,Compressor,205,2024-02-21 00:00:00,65.595,1.686,122.017,47.636,1494.832
HIST-022,Compressor,206,2024-02-21 06:00:00,63.424,2.149,124.928,48.842,1516.665
HIST-022,Compressor,207,2024-02-21 12:00:00,63.898,1.768,122.75,48.302,1522.914
HIST-022,Compressor,208,2024-02-21 18:00:00,67.608,2.116,127.029,48.82,1499.91
HIST-022,Compressor,209,2024-02-22 00:00:00,69.128,1.767,128.159,47.423,1489.696
HIST-022,Compressor,210,2024-02-22 06:00:00,63.158,2.249,124.022,48.226,1495.868
HIST-022,Compressor,211,2024-02-22 12:00:00,67.039,2.072,122.25,48.444,1520.146
HIST-022,Compressor,212,2024-02-22 18:00:00,65.776,2.424,122.881,50.452,1519.853
HIST-022,Compressor,213,2024-02-23 00:00:00,61.522,2.569,125.27,50.215,1502.914
HIST-022,Compressor,214,2024-02-23 06:00:00,63.418,2.203,127.173,55.796,1492.058
HIST-022,Compressor,215,2024-02-23 12:00:00,58.944,2.468,130.16,49.328,1516.241
HIST-022,Compressor,216,2024-02-23 18:00:00,65.647,2.615,127.44,50.992,1524.344
HIST-022,Compressor,217,2024-02-24 00:00:00,62.846,1.923,128.756,49.267,1478.197
HIST-022,Compressor,218,2024-02-24 06:00:00,65.268,2.63,127.596,50.494,1496.514
HIST-022,Compressor,219,2024-02-24 12:00:00,70.142,2.189,127.471,52.573,1517.339
HIST-022,Compressor,220,2024-02-24 18:00:00,68.186,1.906,128.736,54.087,1501.105
HIST-022,Compressor,221,2024-02-25 00:00:00,63.466,2.29,129.53,47.234,1492.671
HIST-022,Compressor,222,2024-02-25 06:00:00,62.982,2.178,134.837,50.79,1502.778
HIST-022,Compressor,223,2024-02-25 12:00:00,67.586,1.778,134.287,51.592,1505.561
HIST-022,Compressor,224,2024-02-25 18:00:00,62.99,1.87,129.042,49.921,1483.097
HIST-022,Compressor,225,2024-02-26 00:00:00,66.982,2.691,136.289,50.668,1501.362
HIST-022,Compressor,226,2024-02-26 06:00:00,70.472,2.284,134.848,51.325,1505.51
HIST-022,Compressor,227,2024-02-26 12:00:00,66.351,2.645,133.79,48.874,1492.637
HIST-022,Compressor,228,2024-02-26 18:00:00,67.368,2.075,140.277,51.463,1488.308
HIST-022,Compressor,229,2024-02-27 00:00:00,67.136,1.96,135.056,53.231,1491.932
HIST-022,Compressor,230,2024-02-27 06:00:00,63.886,1.695,139.155,53.675,1485.436
HIST-022,Compressor,231,2024-02-27 12:00:00,65.58,2.49,135.607,52.853,1512.759
HIST-022,Compressor,232,2024-02-27 18:00:00,63.087,2.323,136.733,56.476,1485.245
HIST-022,Compressor,233,2024-02-28 00:00:00,67.58,2.078,138.673,53.113,1502.836
HIST-022,Compressor,234,2024-02-28 06:00:00,62.83,1.962,138.645,52.718,1494.387
HIST-022,Compressor,235,2024-02-28 12:00:00,66.402,2.538,140.968,52.563,1489.407
HIST-022,Compressor,236,2024-02-28 18:00:00,67.263,2.147,136.553,55.41,1520.57
HIST-022,Compressor,237,2024-02-29 00:00:00,64.017,2.15,135.735,54.724,1498.038
HIST-022,Compressor,238,2024-02-29 06:00:00,63.558,2.02,136.605,56.163,1489.959
HIST-022,Compressor,239,2024-02-29 12:00:00,64.661,2.078,139.077,55.582,1488.523
HIST-023,Motor,1,2024-01-01 00:00:00,64.45,1.882,99.677,40.316,1486.302
HIST-023,Motor,2,2024-01-01 06:00:00,67.935,2.157,99.866,38.034,1503.319
HIST-023,Motor,3,2024-01-01 12:00:00,64.579,1.833,99.459,40.116,1470.496
HIST-023,Motor,4,2024-01-01 18:00:00,67.829,1.829,101.113,39.008,1481.508
HIST-023,Motor,5,2024-01-02 00:00:00,62.24,2.074,104.473,41.576,1475.287
HIST-023,Motor,6,2024-01-02 06:00:00,61.523,2.498,96.881,39.455,1501.731
HIST-023,Motor,7,2024-01-02 12:00:00,66.658,2.492,100.833,40.347,1532.433
HIST-023,Motor,8,2024-01-02 18:00:00,64.071,2.296,95.294,40.35,1481.085
HIST-023,Motor,9,2024-01-03 00:00:00,64.473,2.254,103.67,39.886,1512.245
HIST-023,Motor,10,2024-01-03 06:00:00,62.976,2.826,99.676,40.158,1491.542
HIST-023,Motor,11,2024-01-03 12:00:00,62.829,2.038,95.515,40.456,1480.197
HIST-023,Motor,12,2024-01-03 18:00:00,66.271,2.272,96.173,38.655,1523.462
HIST-023,Motor,13,2024-01-04 00:00:00,64.962,2.023,102.442,40.604,1532.398
HIST-023,Motor,14,2024-01-04 06:00:00,62.88,1.814,95.006,41.296,1506.178
HIST-023,Motor,15,2024-01-04 12:00:00,66.581,2.555,100.835,40.596,1505.438
HIST-023,Motor,16,2024-01-04 18:00:00,67.35,2.108,98.714,39.469,1500.934
HIST-023,Motor,17,2024-01-05 00:00:00,64.782,2.408,99.416,40.262,1497.776
HIST-023,Motor,18,2024-01-05 06:00:00,67.006,2.126,97.978,39.454,1505.101
HIST-023,Motor,19,2024-01-05 12:00:00,62.996,2.574,97.141,39.822,1510.142
HIST-023,Motor,20,2024-01-05 18:00:00,66.154,1.901,98.538,38.218,1524.95
HIST-023,Motor,21,2024-01-06 00:00:00,65.324,2.549,101.716,42.07,1492.159
HIST-023,Motor,22,2024-01-06 06:00:00,63.417,2.468,99.122,42.903,1501.911
HIST-023,Motor,23,2024-01-06 12:00:00,69.106,1.662,101.264,38.944,1498.673
HIST-023,Motor,24,2024-01-06 18:00:00,65.466,2.045,99.273,41.179,1515.361
HIST-023,Motor,25,2024-01-07 00:00:00,63.818,2.506,101.834,42.187,1536.001
HIST-023,Motor,26,2024-01-07 06:00:00,65.039,2.691,101.245,38.564,1515.878
HIST-023,Motor,27,2024-01-07 12:00:00,63.261,2.415,98.378,36.762,1511.974
HIST-023,Motor,28,2024-01-07 18:00:00,62.686,2.081,97.139,42.275,1513.618
HIST-023,Motor,29,2024-01-08 00:00:00,64.101,1.909,102.867,39.985,1519.011
HIST-023,Motor,30,2024-01-08 06:00:00,64.237,2.37,97.56,39.221,1536.217
HIST-023,Motor,31,2024-01-08 12:00:00,63.392,2.072,101.502,40.071,1474.719
HIST-023,Motor,32,2024-01-08 18:00:00,67.502,2.085,100.093,39.446,1508.994
HIST-023,Motor,33,2024-01-09 00:00:00,63.468,2.133,98.611,44.439,1461.282
HIST-023,Motor,34,2024-01-09 06:00:00,63.136,2.465,101.288,39.204,1514.27
HIST-023,Motor,35,2024-01-09 12:00:00,62.629,2.742,104.104,40.491,1508.266
HIST-023,Motor,36,2024-01-09 18:00:00,62.436,2.508,101.877,41.938,1491.798
HIST-023,Motor,37,2024-01-10 00:00:00,67.055,2.203,100.388,41.931,1459.95
HIST-023,Motor,38,2024-01-10 06:00:00,65.516,1.93,104.864,41.644,1499.784
HIST-023,Motor,39,2024-01-10 12:00:00,66.381,2.4,94.977,39.361,1503.343
HIST-023,Motor,40,2024-01-10 18:00:00,67.037,2.7,96.663,39.772,1499.053
HIST-023,Motor,41,2024-01-11 00:00:00,64.333,2.501,98.607,36.738,1490.679
HIST-023,Motor,42,2024-01-11 06:00:00,67.944,2.262,104.258,39.888,1486.548
HIST-023,Motor,43,2024-01-11 12:00:00,63.746,2.053,102.829,40.049,1499.223
HIST-023,Motor,44,2024-01-11 18:00:00,62.809,2.304,94.851,41.113,1487.972
HIST-023,Motor,45,2024-01-12 00:00:00,65.747,2.546,98.691,42.693,1512.14
HIST-023,Motor,46,2024-01-12 06:00:00,65.289,2.27,96.029,41.067,1498.819
HIST-023,Motor,47,2024-01-12 12:00:00,65.286,2.169,99.879,41.606,1474.13
HIST-023,Motor,48,2024-01-12 18:00:00,67.031,1.994,102.705,39.974,1502.65
HIST-023,Motor,49,2024-01-13 00:00:00,65.212,2.977,102.927,41.926,1506.213
HIST-023,Motor,50,2024-01-13 06:00:00,65.626,1.933,100.804,40.017,1524.27
HIST-023,Motor,51,2024-01-13 12:00:00,67.719,1.905,98.725,41.711,1513.922
HIST-023,Motor,52,2024-01-13 18:00:00,65.533,2.249,99.714,41.207,1486.52
HIST-023,Motor,53,2024-01-14 00:00:00,65.989,2.139,102.05,40.589,1521.387
HIST-023,Motor,54,2024-01-14 06:00:00,62.165,2.507,107.042,37.689,1479.21
HIST-023,Motor,55,2024-01-14 12:00:00,72.438,2.517,96.445,41.64,1500.423
HIST-023,Motor,56,2024-01-14 18:00:00,61.818,1.836,104.767,40.567,1511.311
HIST-023,Motor,57,2024-01-15 00:00:00,63.921,1.973,100.732,41.054,1521.88
HIST-023,Motor,58,2024-01-15 06:00:00,63.861,1.937,102.461,40.47,1528.334
HIST-023,Motor,59,2024-01-15 12:00:00,69.216,2.435,100.555,40.729,1519.121
HIST-023,Motor,60,2024-01-15 18:00:00,63.799,2.329,104.213,41.951,1497.951
HIST-023,Motor,61,2024-01-16 00:00:00,65.884,2.089,100.989,39.289,1508.695
HIST-023,Motor,62,2024-01-16 06:00:00,63.874,2.265,98.054,40.701,1503.366
HIST-023,Motor,63,2024-01-16 12:00:00,62.92,1.862,101.35,38.834,1489.358
HIST-023,Motor,64,2024-01-16 18:00:00,66.141,1.977,103.38,40.865,1498.266
HIST-023,Motor,65,2024-01-17 00:00:00,63.562,1.81,100.001,40.377,1526.967
HIST-023,Motor,66,2024-01-17 06:00:00,65.415,2.244,93.778,39.054,1509.692
HIST-023,Motor,67,2024-01-17 12:00:00,66.253,2.243,99.655,40.14,1530.891
HIST-023,Motor,68,2024-01-17 18:00:00,68.814,1.905,100.294,39.147,1483.763
HIST-023,Motor,69,2024-01-18 00:00:00,62.476,2.326,99.865,39.433,1494.277
HIST-023,Motor,70,2024-01-18 06:00:00,64.694,2.517,98.514,40.532,1506.229
HIST-023,Motor,71,2024-01-18 12:00:00,64.777,1.891,103.969,40.403,1511.135
HIST-023,Motor,72,2024-01-18 18:00:00,65.002,2.102,92.881,37.119,1498.248
HIST-023,Motor,73,2024-01-19 00:00:00,70.138,2.354,100.282,40.556,1512.008
HIST-023,Motor,74,2024-01-19 06:00:00,64.653,2.198,100.324,39.545,1511.894
HIST-023,Motor,75,2024-01-19 12:00:00,59.959,1.788,106.285,39.379,1479.181
HIST-023,Motor,76,2024-01-19 18:00:00,64.603,2.068,99.957,38.309,1511.302
HIST-023,Motor,77,2024-01-20 00:00:00,64.763,2.058,101.337,39.932,1516.099
HIST-023,Motor,78,2024-01-20 06:00:00,64.518,2.149,100.375,39.215,1504.442
HIST-023,Motor,79,2024-01-20 12:00:00,63.563,2.162,100.283,41.91,1472.401
HIST-023,Motor,80,2024-01-20 18:00:00,62.357,2.67,105.289,37.376,1495.847
HIST-023,Motor,81,2024-01-21 00:00:00,69.319,2.137,96.665,38.554,1506.569
HIST-023,Motor,82,2024-01-21 06:00:00,65.637,1.685,97.998,38.453,1487.014
HIST-023,Motor,83,2024-01-21 12:00:00,64.616,2.227,102.263,40.388,1513.775
HIST-023,Motor,84,2024-01-21 18:00:00,69.255,2.724,100.771,41.76,1510.944
HIST-023,Motor,85,2024-01-22 00:00:00,63.263,2.15,99.15,40.755,1502.017
HIST-023,Motor,86,2024-01-22 06:00:00,66.205,2.069,99.788,38.358,1500.262
HIST-023,Motor,87,2024-01-22 12:00:00,62.502,2.108,102.742,39.356,1502.893
HIST-023,Motor,88,2024-01-22 18:00:00,66.502,2.375,101.455,38.786,1499.939
HIST-023,Motor,89,2024-01-23 00:00:00,62.731,2.107,97.861,40.762,1480.718
HIST-023,Motor,90,2024-01-23 06:00:00,65.941,1.745,100.713,39.326,1493.548
HIST-023,Motor,91,2024-01-23 12:00:00,68.906,1.998,99.851,37.881,1501.087
HIST-023,Motor,92,2024-01-23 18:00:00,65.187,2.181,101.411,40.877,1521.279
HIST-023,Motor,93,2024-01-24 00:00:00,60.615,2.361,99.037,41.895,1510.381
HIST-023,Motor,94,2024-01-24 06:00:00,65.072,2.025,96.375,39.732,1522.085
HIST-023,Motor,95,2024-01-24 12:00:00,65.961,2.111,102.017,40.181,1478.926
HIST-023,Motor,96,2024-01-24 18:00:00,66.802,2.213,101.646,37.741,1494.657
HIST-023,Motor,97,2024-01-25 00:00:00,67.947,1.967,104.246,36.911,1531.108
HIST-023,Motor,98,2024-01-25 06:00:00,68.049,2.172,96.051,37.226,1488.855
HIST-023,Motor,99,2024-01-25 12:00:00,64.738,2.34,99.789,39.933,1488.556
HIST-023,Motor,100,2024-01-25 18:00:00,63.681,1.844,99.309,39.538,1495.924
HIST-023,Motor,101,2024-01-26 00:00:00,62.763,2.292,98.811,40.819,1530.272
HIST-023,Motor,102,2024-01-26 06:00:00,63.92,1.873,95.377,39.704,1489.927
HIST-023,Motor,103,2024-01-26 12:00:00,65.953,1.879,96.801,41.482,1508.362
HIST-023,Motor,104,2024-01-26 18:00:00,62.303,2.001,100.812,41.308,1505.881
HIST-023,Motor,105,2024-01-27 00:00:00,63.146,2.61,98.501,39.516,1471.073
HIST-023,Motor,106,2024-01-27 06:00:00,66.125,1.685,97.521,38.495,1499.765
HIST-023,Motor,107,2024-01-27 12:00:00,63.707,2.061,104.291,37.126,1491.706
HIST-023,Motor,108,2024-01-27 18:00:00,65.74,2.192,107.121,42.15,1510.17
HIST-023,Motor,109,2024-01-28 00:00:00,63.371,2.55,99.831,38.586,1526.086
HIST-023,Motor,110,2024-01-28 06:00:00,65.576,2.784,95.493,37.755,1494.832
HIST-023,Motor,111,2024-01-28 12:00:00,63.456,2.073,101.189,40.195,1494.831
HIST-023,Motor,112,2024-01-28 18:00:00,61.196,2.362,93.744,37.769,1537.767
HIST-023,Motor,113,2024-01-29 00:00:00,66.912,2.172,95.949,40.193,1489.327
HIST-023,Motor,114,2024-01-29 06:00:00,63.608,2.17,101.241,39.496,1479.855
HIST-023,Motor,115,2024-01-29 12:00:00,64.503,2.282,95.849,41.386,1520.664
HIST-023,Motor,116,2024-01-29 18:00:00,63.618,1.724,99.112,41.255,1499.24
HIST-023,Motor,117,2024-01-30 00:00:00,66.089,2.186,95.549,42.022,1560.976
HIST-023,Motor,118,2024-01-30 06:00:00,65.666,2.335,100.169,40.851,1510.542
HIST-023,Motor,119,2024-01-30 12:00:00,66.084,1.942,103.37,39.408,1547.566
HIST-023,Motor,120,2024-01-30 18:00:00,63.901,2.337,98.161,39.676,1498.044
HIST-023,Motor,121,2024-01-31 00:00:00,64.901,1.681,99.942,40.106,1462.133
HIST-023,Motor,122,2024-01-31 06:00:00,65.834,2.228,97.552,42.707,1430.309
HIST-023,Motor,123,2024-01-31 12:00:00,68.09,2.603,97.763,39.579,1349.589
HIST-023,Motor,124,2024-01-31 18:00:00,65.613,2.134,97.506,41.252,1376.059
HIST-023,Motor,125,2024-02-01 00:00:00,62.993,1.907,102.358,43.009,1525.636
HIST-023,Motor,126,2024-02-01 06:00:00,65.536,1.772,95.759,40.874,1438.444
HIST-023,Motor,127,2024-02-01 12:00:00,64.67,2.317,99.004,38.777,1369.348
HIST-023,Motor,128,2024-02-01 18:00:00,61.003,2.478,101.229,41.369,1453.627
HIST-023,Motor,129,2024-02-02 00:00:00,61.31,2.183,102.729,40.627,1522.142
HIST-023,Motor,130,2024-02-02 06:00:00,64.867,2.061,101.322,39.786,1503.163
HIST-023,Motor,131,2024-02-02 12:00:00,65.036,1.621,99.782,39.924,1501.449
HIST-023,Motor,132,2024-02-02 18:00:00,64.411,2.237,98.293,40.961,1515.955
HIST-023,Motor,133,2024-02-03 00:00:00,66.768,1.993,102.776,41.125,1473.394
HIST-023,Motor,134,2024-02-03 06:00:00,63.13,2.01,97.398,44.177,1533.756
HIST-023,Motor,135,2024-02-03 12:00:00,62.228,2.685,97.443,41.858,1492.092
HIST-023,Motor,136,2024-02-03 18:00:00,63.349,1.66,104.057,42.84,1476.036
HIST-023,Motor,137,2024-02-04 00:00:00,63.78,1.7,101.081,39.597,1572.618
HIST-023,Motor,138,2024-02-04 06:00:00,64.884,2.269,101.187,44.448,1548.946
HIST-023,Motor,139,2024-02-04 12:00:00,63.405,2.084,101.796,40.287,1471.839
HIST-023,Motor,140,2024-02-04 18:00:00,60.717,2.044,99.715,41.663,1487.116
HIST-023,Motor,141,2024-02-05 00:00:00,59.861,2.282,95.687,45.127,1447.569
HIST-023,Motor,142,2024-02-05 06:00:00,65.246,2.277,100.753,45.188,1344.767
HIST-023,Motor,143,2024-02-05 12:00:00,62.742,1.908,99.945,44.032,1558.605
HIST-023,Motor,144,2024-02-05 18:00:00,60.989,2.022,97.423,42.163,1445.861
HIST-023,Motor,145,2024-02-06 00:00:00,66.25,2.215,96.733,43.776,1577.604
HIST-023,Motor,146,2024-02-06 06:00:00,68.09,2.25,99.86,43.152,1514.142
HIST-023,Motor,147,2024-02-06 12:00:00,64.811,2.345,95.927,42.704,1596.213
HIST-023,Motor,148,2024-02-06 18:00:00,65.537,2.025,99.57,43.475,1536.877
HIST-023,Motor,149,2024-02-07 00:00:00,65.554,2.304,99.208,43.543,1561.848
HIST-023,Motor,150,2024-02-07 06:00:00,60.374,2.485,99.643,42.134,1480.316
HIST-023,Motor,151,2024-02-07 12:00:00,66.777,2.214,101.208,40.859,1385.357
HIST-023,Motor,152,2024-02-07 18:00:00,67.48,2.169,101.866,46.687,1521.605
HIST-023,Motor,153,2024-02-08 00:00:00,68.674,2.129,97.866,44.722,1362.009
HIST-023,Motor,154,2024-02-08 06:00:00,64.125,2.015,102.609,43.518,1475.724
HIST-023,Motor,155,2024-02-08 12:00:00,62.73,1.919,99.342,43.861,1426.735
HIST-023,Motor,156,2024-02-08 18:00:00,67.717,2.111,105.26,48.049,1453.902
HIST-023,Motor,157,2024-02-09 00:00:00,65.998,2.335,98.244,43.462,1564.262
HIST-023,Motor,158,2024-02-09 06:00:00,66.749,1.933,95.166,43.237,1515.472
HIST-023,Motor,159,2024-02-09 12:00:00,63.706,2.177,102.501,45.426,1504.068
HIST-023,Motor,160,2024-02-09 18:00:00,65.543,2.143,101.277,45.029,1520.803
HIST-023,Motor,161,2024-02-10 00:00:00,62.893,2.733,103.605,47.018,1456.32
HIST-023,Motor,162,2024-02-10 06:00:00,64.99,2.417,100.929,44.757,1695.519
HIST-023,Motor,163,2024-02-10 12:00:00,64.304,2.412,107.02,49.173,1530.986
HIST-023,Motor,164,2024-02-10 18:00:00,69.687,2.476,99.433,45.117,1453.6
HIST-023,Motor,165,2024-02-11 00:00:00,66.097,2.036,103.139,45.934,1573.885
HIST-023,Motor,166,2024-02-11 06:00:00,60.696,2.613,98.424,46.878,1583.642
HIST-023,Motor,167,2024-02-11 12:00:00,64.997,2.248,101.475,47.674,1440.86
HIST-023,Motor,168,2024-02-11 18:00:00,65.736,2.187,102.034,45.382,1394.447
HIST-023,Motor,169,2024-02-12 00:00:00,64.052,1.836,102.498,48.982,1421.578
HIST-023,Motor,170,2024-02-12 06:00:00,62.794,2.08,102.329,47.829,1445.235
HIST-023,Motor,171,2024-02-12 12:00:00,66.321,1.67,90.29,49.274,1498.641
HIST-023,Motor,172,2024-02-12 18:00:00,63.077,2.126,99.794,47.139,1402.524
HIST-023,Motor,173,2024-02-13 00:00:00,66.151,2.027,98.275,47.293,1473.217
HIST-023,Motor,174,2024-02-13 06:00:00,62.908,2.08,98.866,51.441,1515.508
HIST-023,Motor,175,2024-02-13 12:00:00,63.932,1.784,99.15,50.927,1522.289
HIST-023,Motor,176,2024-02-13 18:00:00,66.912,2.411,102.932,52.59,1561.837
HIST-023,Motor,177,2024-02-14 00:00:00,65.978,2.378,100.608,49.206,1541.949
HIST-023,Motor,178,2024-02-14 06:00:00,65.063,2.707,98.477,48.519,1644.747
HIST-023,Motor,179,2024-02-14 12:00:00,64.94,2.698,95.595,52.947,1603.982
HIST-023,Motor,180,2024-02-14 18:00:00,65.181,2.247,104.599,52.151,1488.673
HIST-023,Motor,181,2024-02-15 00:00:00,63.417,2.507,98.058,49.807,1437.984
HIST-023,Motor,182,2024-02-15 06:00:00,61.967,2.278,99.608,54.178,1452.388
HIST-023,Motor,183,2024-02-15 12:00:00,66.138,2.072,106.417,51.328,1404.522
HIST-023,Motor,184,2024-02-15 18:00:00,68.06,2.117,98.14,52.383,1504.466
HIST-023,Motor,185,2024-02-16 00:00:00,66.208,2.392,99.173,49.859,1514.381
HIST-023,Motor,186,2024-02-16 06:00:00,65.508,3.426,100.697,53.522,1544.224
HIST-023,Motor,187,2024-02-16 12:00:00,62.583,2.55,95.182,54.016,1519.638
HIST-023,Motor,188,2024-02-16 18:00:00,66.754,2.274,94.835,52.764,1585.681
HIST-023,Motor,189,2024-02-17 00:00:00,65.963,2.345,98.555,54.701,1565.661
HIST-023,Motor,190,2024-02-17 06:00:00,66.52,2.342,98.659,51.897,1425.162
HIST-023,Motor,191,2024-02-17 12:00:00,67.068,2.173,100.403,54.377,1454.301
HIST-023,Motor,192,2024-02-17 18:00:00,68.172,2.427,97.066,57.93,1484.334
HIST-023,Motor,193,2024-02-18 00:00:00,62.771,2.153,101.302,51.984,1448.445
HIST-023,Motor,194,2024-02-18 06:00:00,62.422,1.897,93.53,57.183,1488.602
HIST-023,Motor,195,2024-02-18 12:00:00,65.296,2.344,99.789,56.789,1539.346
HIST-023,Motor,196,2024-02-18 18:00:00,63.155,2.385,101.081,57.551,1473.749
HIST-023,Motor,197,2024-02-19 00:00:00,62.809,2.156,100.985,56.895,1499.565
HIST-023,Motor,198,2024-02-19 06:00:00,67.44,2.293,99.512,56.414,1453.573
HIST-023,Motor,199,2024-02-19 12:00:00,62.982,2.488,98.019,59.296,1516.755
HIST-023,Motor,200,2024-02-19 18:00:00,64.978,2.184,99.424,56.946,1548.467
HIST-023,Motor,201,2024-02-20 00:00:00,61.737,2.066,103.702,56.022,1441.566
HIST-023,Motor,202,2024-02-20 06:00:00,65.126,1.987,98.202,59.271,1422.731
HIST-023,Motor,203,2024-02-20 12:00:00,67.366,2.124,102.934,57.314,1580.386
HIST-023,Motor,204,2024-02-20 18:00:00,67.426,2.66,103.412,57.572,1625.757
HIST-023,Motor,205,2024-02-21 00:00:00,67.09,2.14,94.792,59.473,1540.096
HIST-023,Motor,206,2024-02-21 06:00:00,64.843,2.308,99.616,58.174,1473.584
HIST-023,Motor,207,2024-02-21 12:00:00,67.223,2.103,97.067,58.826,1586.094
HIST-023,Motor,208,2024-02-21 18:00:00,65.86,2.077,95.494,58.732,1536.103
HIST-023,Motor,209,2024-02-22 00:00:00,64.122,1.936,102.376,60.889,1473.882
HIST-023,Motor,210,2024-02-22 06:00:00,65.763,2.23,101.42,62.873,1563.645
HIST-023,Motor,211,2024-02-22 12:00:00,66.771,2.045,100.79,62.327,1441.823
HIST-023,Motor,212,2024-02-22 18:00:00,62.345,2.582,96.744,60.222,1431.848
HIST-024,Turbine,1,2024-01-01 00:00:00,65.228,2.402,97.548,40.893,1504.576
HIST-024,Turbine,2,2024-01-01 06:00:00,66.275,1.998,101.1,39.913,1491.158
HIST-024,Turbine,3,2024-01-01 12:00:00,67.387,1.961,97.601,38.827,1494.592
HIST-024,Turbine,4,2024-01-01 18:00:00,61.895,1.911,98.383,37.481,1477.266
HIST-024,Turbine,5,2024-01-02 00:00:00,65.078,2.291,102.889,40.68,1509.811
HIST-024,Turbine,6,2024-01-02 06:00:00,68.802,2.207,102.458,40.05,1479.906
HIST-024,Turbine,7,2024-01-02 12:00:00,63.807,2.208,104.528,42.085,1523.11
HIST-024,Turbine,8,2024-01-02 18:00:00,63.571,1.972,99.349,37.826,1489.76
HIST-024,Turbine,9,2024-01-03 00:00:00,60.518,2.331,95.633,39.295,1512.011
HIST-024,Turbine,10,2024-01-03 06:00:00,65.203,2.001,102.764,38.018,1510.533
HIST-024,Turbine,11,2024-01-03 12:00:00,66.161,2.221,102.781,41.538,1485.224
HIST-024,Turbine,12,2024-01-03 18:00:00,66.157,2.158,101.885,41.859,1491.364
HIST-024,Turbine,13,2024-01-04 00:00:00,62.926,1.693,97.769,42.884,1493.138
HIST-024,Turbine,14,2024-01-04 06:00:00,64.983,2.809,96.788,40.782,1494.155
HIST-024,Turbine,15,2024-01-04 12:00:00,65.443,2.372,101.608,41.184,1480.535
HIST-024,Turbine,16,2024-01-04 18:00:00,65.104,2.254,97.342,40.654,1508.008
HIST-024,Turbine,17,2024-01-05 00:00:00,62.81,2.301,99.076,40.86,1489.669
HIST-024,Turbine,18,2024-01-05 06:00:00,65.155,2.816,108.72,40.074,1498.287
HIST-024,Turbine,19,2024-01-05 12:00:00,63.371,2.541,106.387,40.928,1515.095
HIST-024,Turbine,20,2024-01-05 18:00:00,61.256,2.305,102.378,43.21,1508.577
HIST-024,Turbine,21,2024-01-06 00:00:00,66.363,1.988,98.013,40.328,1490.68
HIST-024,Turbine,22,2024-01-06 06:00:00,65.28,2.035,97.833,40.036,1515.614
HIST-024,Turbine,23,2024-01-06 12:00:00,66.184,1.659,102.147,40.297,1509.983
HIST-024,Turbine,24,2024-01-06 18:00:00,63.931,2.09,104.491,39.776,1489.412
HIST-024,Turbine,25,2024-01-07 00:00:00,66.253,2.399,98.465,40.37,1492.289
HIST-024,Turbine,26,2024-01-07 06:00:00,67.044,2.39,98.63,39.726,1515.008
HIST-024,Turbine,27,2024-01-07 12:00:00,68.508,2.385,100.263,41.716,1511.68
HIST-024,Turbine,28,2024-01-07 18:00:00,66.628,2.045,95.833,41.566,1477.462
HIST-024,Turbine,29,2024-01-08 00:00:00,65.77,2.365,95.925,43.249,1484.916
HIST-024,Turbine,30,2024-01-08 06:00:00,62.24,2.447,96.472,39.965,1510.431
HIST-024,Turbine,31,2024-01-08 12:00:00,64.787,1.532,101.638,40.433,1482.384
HIST-024,Turbine,32,2024-01-08 18:00:00,62.155,2.291,100.816,40.37,1512.074
HIST-024,Turbine,33,2024-01-09 00:00:00,63.362,2.824,103.411,40.299,1529.037
HIST-024,Turbine,34,2024-01-09 06:00:00,68.91,2.113,94.788,41.695,1505.599
HIST-024,Turbine,35,2024-01-09 12:00:00,62.954,1.443,95.449,37.563,1486.155
HIST-024,Turbine,36,2024-01-09 18:00:00,60.315,1.956,101.367,40.691,1502.648
HIST-024,Turbine,37,2024-01-10 00:00:00,66.626,1.656,97.384,42.994,1515.519
HIST-024,Turbine,38,2024-01-10 06:00:00,63.654,2.01,97.602,42.044,1501.484
HIST-024,Turbine,39,2024-01-10 12:00:00,66.536,1.833,103.038,41.873,1507.258
HIST-024,Turbine,40,2024-01-10 18:00:00,62.66,2.479,98.341,41.263,1488.009
HIST-024,Turbine,41,2024-01-11 00:00:00,64.148,2.434,98.692,39.106,1489.145
HIST-024,Turbine,42,2024-01-11 06:00:00,67.392,2.303,99.25,38.875,1513.591
HIST-024,Turbine,43,2024-01-11 12:00:00,62.356,2.568,99.432,38.887,1489.319
HIST-024,Turbine,44,2024-01-11 18:00:00,64.661,2.03,102.055,38.292,1461.207
HIST-024,Turbine,45,2024-01-12 00:00:00,65.583,2.222,96.37,41.42,1495.405
HIST-024,Turbine,46,2024-01-12 06:00:00,63.562,2.858,99.436,42.203,1504.713
HIST-024,Turbine,47,2024-01-12 12:00:00,65.484,2.376,103.487,40.652,1515.878
HIST-024,Turbine,48,2024-01-12 18:00:00,65.031,2.375,106.398,41.207,1524.687
HIST-024,Turbine,49,2024-01-13 00:00:00,66.069,1.97,95.93,40.44,1501.27
HIST-024,Turbine,50,2024-01-13 06:00:00,68.684,2.075,100.993,40.853,1509.879
HIST-024,Turbine,51,2024-01-13 12:00:00,70.35,1.899,99.43,36.824,1501.809
HIST-024,Turbine,52,2024-01-13 18:00:00,65.927,2.704,99.704,40.472,1505.311
HIST-024,Turbine,53,2024-01-14 00:00:00,64.779,1.733,97.631,39.362,1497.197
HIST-024,Turbine,54,2024-01-14 06:00:00,65.882,2.474,102.267,39.94,1505.797
HIST-024,Turbine,55,2024-01-14 12:00:00,64.536,2.374,102.113,40.339,1489.051
HIST-024,Turbine,56,2024-01-14 18:00:00,61.825,1.719,107.569,38.927,1529.701
HIST-024,Turbine,57,2024-01-15 00:00:00,64.907,2.543,96.037,38.387,1464.132
HIST-024,Turbine,58,2024-01-15 06:00:00,67.164,2.122,94.756,38.881,1508.563
HIST-024,Turbine,59,2024-01-15 12:00:00,62.071,1.804,106.164,37.827,1504.793
HIST-024,Turbine,60,2024-01-15 18:00:00,63.031,2.309,99.844,38.267,1505.569
HIST-024,Turbine,61,2024-01-16 00:00:00,63.836,1.953,98.63,38.473,1482.258
HIST-024,Turbine,62,2024-01-16 06:00:00,65.745,2.139,100.565,37.847,1474.828
HIST-024,Turbine,63,2024-01-16 12:00:00,69.754,2.048,95.815,40.793,1509.087
HIST-024,Turbine,64,2024-01-16 18:00:00,63.381,1.936,101.128,38.649,1520.115
HIST-024,Turbine,65,2024-01-17 00:00:00,65.182,1.843,99.759,37.205,1503.303
HIST-024,Turbine,66,2024-01-17 06:00:00,65.012,2.439,103.221,39.398,1512.079
HIST-024,Turbine,67,2024-01-17 12:00:00,64.398,2.297,102.571,38.33,1493.128
HIST-024,Turbine,68,2024-01-17 18:00:00,64.905,2.278,102.821,42.189,1504.974
HIST-024,Turbine,69,2024-01-18 00:00:00,64.071,2.091,100.573,40.199,1518.385
HIST-024,Turbine,70,2024-01-18 06:00:00,70.486,2.215,104.813,37.794,1495.297
HIST-024,Turbine,71,2024-01-18 12:00:00,66.499,1.979,101.729,40.853,1517.786
HIST-024,Turbine,72,2024-01-18 18:00:00,64.088,1.974,98.401,40.127,1475.481
HIST-024,Turbine,73,2024-01-19 00:00:00,67.367,2.713,97.572,39.642,1490.805
HIST-024,Turbine,74,2024-01-19 06:00:00,65.513,2.465,97.91,42.362,1508.189
HIST-024,Turbine,75,2024-01-19 12:00:00,65.116,2.032,101.766,38.537,1528.542
HIST-024,Turbine,76,2024-01-19 18:00:00,64.636,1.751,96.005,41.553,1500.214
HIST-024,Turbine,77,2024-01-20 00:00:00,64.5,1.69,100.465,39.386,1484.491
HIST-024,Turbine,78,2024-01-20 06:00:00,62.56,2.01,97.501,39.972,1528.201
HIST-024,Turbine,79,2024-01-20 12:00:00,61.653,2.232,96.241,38.875,1498.108
HIST-024,Turbine,80,2024-01-20 18:00:00,65.741,2.236,96.725,38.971,1509.972
HIST-024,Turbine,81,2024-01-21 00:00:00,64.616,2.244,99.929,39.346,1494.984
HIST-024,Turbine,82,2024-01-21 06:00:00,66.755,2.3,102.291,37.149,1502.134
HIST-024,Turbine,83,2024-01-21 12:00:00,63.22,1.888,97.972,40.52,1491.568
HIST-024,Turbine,84,2024-01-21 18:00:00,62.804,2.652,93.772,40.172,1533.865
HIST-024,Turbine,85,2024-01-22 00:00:00,66.552,2.141,109.463,37.753,1517.868
HIST-024,Turbine,86,2024-01-22 06:00:00,64.409,2.288,103.353,40.99,1526.522
HIST-024,Turbine,87,2024-01-22 12:00:00,66.711,2.003,102.797,42.186,1488.173
HIST-024,Turbine,88,2024-01-22 18:00:00,65.067,2.293,104.884,39.003,1472.625
HIST-024,Turbine,89,2024-01-23 00:00:00,68.755,2.823,100.277,38.823,1495.606
HIST-024,Turbine,90,2024-01-23 06:00:00,66.511,1.903,99.595,41.67,1537.747
HIST-024,Turbine,91,2024-01-23 12:00:00,65.819,1.865,104.067,40.605,1495.172
HIST-024,Turbine,92,2024-01-23 18:00:00,66.6,1.941,104.047,39.796,1515.777
HIST-024,Turbine,93,2024-01-24 00:00:00,64.454,2.1,101.846,41.222,1484.627
HIST-024,Turbine,94,2024-01-24 06:00:00,61.714,2.044,102.647,40.411,1487.565
HIST-024,Turbine,95,2024-01-24 12:00:00,65.722,1.888,96.284,42.143,1498.803
HIST-024,Turbine,96,2024-01-24 18:00:00,68.883,2.185,99.228,39.975,1531.645
HIST-024,Turbine,97,2024-01-25 00:00:00,60.419,2.668,105.111,40.64,1516.503
HIST-024,Turbine,98,2024-01-25 06:00:00,65.938,2.155,102.413,41.647,1469.202
HIST-024,Turbine,99,2024-01-25 12:00:00,61.93,2.171,95.614,36.328,1510.001
HIST-024,Turbine,100,2024-01-25 18:00:00,64.953,2.303,98.407,41.701,1482.769
HIST-024,Turbine,101,2024-01-26 00:00:00,65.159,2.394,104.623,39.242,1489.777
HIST-024,Turbine,102,2024-01-26 06:00:00,66.494,2.612,101.366,40.75,1507.656
HIST-024,Turbine,103,2024-01-26 12:00:00,65.42,2.272,100.546,42.496,1520.977
HIST-024,Turbine,104,2024-01-26 18:00:00,67.747,2.199,100.636,39.541,1520.239
HIST-024,Turbine,105,2024-01-27 00:00:00,67.333,1.903,99.749,39.317,1504.973
HIST-024,Turbine,106,2024-01-27 06:00:00,64.607,2.422,98.427,39.918,1505.184
HIST-024,Turbine,107,2024-01-27 12:00:00,67.189,1.947,97.499,37.822,1520.193
HIST-024,Turbine,108,2024-01-27 18:00:00,64.374,1.937,103.031,43.299,1476.367
HIST-024,Turbine,109,2024-01-28 00:00:00,64.03,2.258,100.713,39.936,1527.41
HIST-024,Turbine,110,2024-01-28 06:00:00,62.591,2.662,102.121,42.468,1488.96
HIST-024,Turbine,111,2024-01-28 12:00:00,67.624,2.418,101.64,39.5,1503.909
HIST-024,Turbine,112,2024-01-28 18:00:00,64.4,2.189,104.226,40.051,1492.556
HIST-024,Turbine,113,2024-01-29 00:00:00,60.157,1.906,101.364,41.416,1482.66
HIST-024,Turbine,114,2024-01-29 06:00:00,66.084,2.657,102.471,38.347,1506.924
HIST-024,Turbine,115,2024-01-29 12:00:00,64.132,2.183,100.502,39.846,1503.548
HIST-024,Turbine,116,2024-01-29 18:00:00,64.403,2.113,97.158,41.36,1498.419
HIST-024,Turbine,117,2024-01-30 00:00:00,64.532,2.367,99.323,39.68,1497.71
HIST-024,Turbine,118,2024-01-30 06:00:00,64.327,2.066,101.77,39.275,1522.889
HIST-024,Turbine,119,2024-01-30 12:00:00,70.456,1.974,102.033,41.673,1532.892
HIST-024,Turbine,120,2024-01-30 18:00:00,68.325,2.003,104.353,42.102,1518.794
HIST-024,Turbine,121,2024-01-31 00:00:00,66.398,2.002,98.62,42.34,1504.161
HIST-024,Turbine,122,2024-01-31 06:00:00,65.483,1.862,100.678,38.988,1475.441
HIST-024,Turbine,123,2024-01-31 12:00:00,67.258,1.828,99.613,39.131,1509.407
HIST-024,Turbine,124,2024-01-31 18:00:00,65.487,2.492,104.873,39.293,1510.071
HIST-024,Turbine,125,2024-02-01 00:00:00,66.632,2.401,101.129,41.078,1511.57
HIST-024,Turbine,126,2024-02-01 06:00:00,66.116,1.953,101.187,38.205,1482.885
HIST-024,Turbine,127,2024-02-01 12:00:00,65.257,2.467,99.893,38.289,1512.751
HIST-024,Turbine,128,2024-02-01 18:00:00,66.881,2.293,99.325,38.928,1523.424
HIST-024,Turbine,129,2024-02-02 00:00:00,64.16,2.103,95.654,38.593,1485.261
HIST-024,Turbine,130,2024-02-02 06:00:00,65.117,1.832,96.216,41.327,1510.27
HIST-024,Turbine,131,2024-02-02 12:00:00,63.041,2.302,100.537,41.225,1487.823
HIST-024,Turbine,132,2024-02-02 18:00:00,63.272,2.76,100.162,39.277,1498.436
HIST-024,Turbine,133,2024-02-03 00:00:00,59.942,2.204,100.553,39.709,1485.77
HIST-024,Turbine,134,2024-02-03 06:00:00,65.913,2.5,102.824,36.19,1494.739
HIST-024,Turbine,135,2024-02-03 12:00:00,66.463,2.136,100.279,39.314,1494.856
HIST-024,Turbine,136,2024-02-03 18:00:00,67.171,2.477,98.955,41.866,1520.78
HIST-024,Turbine,137,2024-02-04 00:00:00,62.795,2.155,99.37,39.232,1501.507
HIST-024,Turbine,138,2024-02-04 06:00:00,65.88,1.478,100.732,38.361,1475.929
HIST-024,Turbine,139,2024-02-04 12:00:00,64.999,1.983,98.86,42.064,1482.186
HIST-024,Turbine,140,2024-02-04 18:00:00,66.475,2.24,103.193,38.328,1519.097
HIST-024,Turbine,141,2024-02-05 00:00:00,63.697,2.525,99.966,42.319,1441.458
HIST-024,Turbine,142,2024-02-05 06:00:00,64.327,2.154,100.755,44.332,1515.795
HIST-024,Turbine,143,2024-02-05 12:00:00,61.893,2.209,97.55,39.836,1536.057
HIST-024,Turbine,144,2024-02-05 18:00:00,63.566,2.024,103.195,41.866,1530.56
HIST-024,Turbine,145,2024-02-06 00:00:00,65.006,2.668,104.317,37.497,1518.517
HIST-024,Turbine,146,2024-02-06 06:00:00,65.348,2.65,95.911,37.431,1443.524
HIST-024,Turbine,147,2024-02-06 12:00:00,61.628,1.997,101.203,38.805,1521.744
HIST-024,Turbine,148,2024-02-06 18:00:00,63.977,1.745,99.676,41.234,1547.383
HIST-024,Turbine,149,2024-02-07 00:00:00,65.321,1.658,100.852,40.003,1472.689
HIST-024,Turbine,150,2024-02-07 06:00:00,67.816,2.381,101.356,39.72,1510.572
HIST-024,Turbine,151,2024-02-07 12:00:00,63.31,2.241,93.295,38.064,1536.151
HIST-024,Turbine,152,2024-02-07 18:00:00,65.98,1.965,102.278,39.809,1574.342
HIST-024,Turbine,153,2024-02-08 00:00:00,63.877,2.282,103.337,39.035,1489.502
HIST-024,Turbine,154,2024-02-08 06:00:00,64.108,1.831,103.674,38.616,1512.148
HIST-024,Turbine,155,2024-02-08 12:00:00,63.245,2.438,97.166,38.489,1498.84
HIST-024,Turbine,156,2024-02-08 18:00:00,62.911,2.085,99.907,40.288,1482.183
HIST-024,Turbine,157,2024-02-09 00:00:00,64.05,1.876,98.383,38.92,1550.204
HIST-024,Turbine,158,2024-02-09 06:00:00,67.096,2.09,94.254,39.99,1486.279
HIST-024,Turbine,159,2024-02-09 12:00:00,63.49,2.08,98.138,37.346,1508.673
HIST-024,Turbine,160,2024-02-09 18:00:00,63.179,2.31,96.748,40.755,1480.174
HIST-024,Turbine,161,2024-02-10 00:00:00,65.418,2.55,101.004,40.361,1449.313
HIST-024,Turbine,162,2024-02-10 06:00:00,65.01,2.534,95.106,39.653,1557.681
HIST-024,Turbine,163,2024-02-10 12:00:00,64.864,2.248,97.061,40.242,1534.015
HIST-024,Turbine,164,2024-02-10 18:00:00,65.508,2.144,98.442,41.401,1512.762
HIST-024,Turbine,165,2024-02-11 00:00:00,62.981,2.029,102.31,37.827,1541.78
HIST-024,Turbine,166,2024-02-11 06:00:00,63.202,1.67,108.333,40.1,1504.928
HIST-024,Turbine,167,2024-02-11 12:00:00,66.973,2.194,100.909,38.042,1488.841
HIST-024,Turbine,168,2024-02-11 18:00:00,64.708,1.945,96.904,40.131,1485.07
HIST-024,Turbine,169,2024-02-12 00:00:00,66.193,3.1,97.963,39.612,1484.558
HIST-024,Turbine,170,2024-02-12 06:00:00,67.448,2.14,101.974,39.963,1484.769
HIST-024,Turbine,171,2024-02-12 12:00:00,66.691,2.424,95.962,41.273,1497.056
HIST-024,Turbine,172,2024-02-12 18:00:00,62.26,2.055,103.29,41.228,1469.706
HIST-024,Turbine,173,2024-02-13 00:00:00,64.767,1.997,100.82,41.63,1498.233
HIST-024,Turbine,174,2024-02-13 06:00:00,67.082,2.381,99.625,39.405,1481.817
HIST-024,Turbine,175,2024-02-13 12:00:00,66.045,2.283,94.945,41.055,1492.285
HIST-024,Turbine,176,2024-02-13 18:00:00,65.368,2.297,102.761,40.76,1621.779
HIST-024,Turbine,177,2024-02-14 00:00:00,61.721,2.172,97.715,39.443,1583.755
HIST-024,Turbine,178,2024-02-14 06:00:00,63.767,2.437,100.461,40.176,1489.979
HIST-024,Turbine,179,2024-02-14 12:00:00,65.139,2.393,99.529,39.802,1525.228
HIST-024,Turbine,180,2024-02-14 18:00:00,62.148,1.547,95.249,42.092,1525.921
HIST-024,Turbine,181,2024-02-15 00:00:00,66.587,2.123,99.308,41.215,1506.616
HIST-024,Turbine,182,2024-02-15 06:00:00,64.765,2.504,96.369,39.496,1507.242
HIST-024,Turbine,183,2024-02-15 12:00:00,61.041,1.894,98.044,39.392,1488.75
HIST-024,Turbine,184,2024-02-15 18:00:00,63.867,1.692,101.298,41.436,1559.489
HIST-024,Turbine,185,2024-02-16 00:00:00,64.427,2.158,102.107,42.01,1539.559
HIST-024,Turbine,186,2024-02-16 06:00:00,64.74,2.356,99.945,40.473,1548.72
HIST-024,Turbine,187,2024-02-16 12:00:00,67.839,2.062,97.348,40.988,1514.179
HIST-024,Turbine,188,2024-02-16 18:00:00,66.157,2.588,98.058,41.955,1575.177
HIST-024,Turbine,189,2024-02-17 00:00:00,62.269,2.753,98.006,39.738,1507.939
HIST-024,Turbine,190,2024-02-17 06:00:00,62.021,1.622,93.589,40.125,1584.69
HIST-024,Turbine,191,2024-02-17 12:00:00,64.466,2.085,100.22,40.73,1466.817
HIST-024,Turbine,192,2024-02-17 18:00:00,65.252,1.515,95.002,39.357,1465.944
HIST-024,Turbine,193,2024-02-18 00:00:00,66.985,2.398,100.229,42.549,1559.299
HIST-024,Turbine,194,2024-02-18 06:00:00,68.46,1.996,95.622,39.343,1515.298
HIST-024,Turbine,195,2024-02-18 12:00:00,68.568,2.057,96.381,40.092,1526.94
HIST-024,Turbine,196,2024-02-18 18:00:00,64.115,2.544,102.006,42.875,1508.634
HIST-024,Turbine,197,2024-02-19 00:00:00,66.869,1.801,100.074,37.207,1465.769
HIST-024,Turbine,198,2024-02-19 06:00:00,65.851,1.726,94.345,40.324,1502.797
HIST-024,Turbine,199,2024-02-19 12:00:00,62.818,1.517,98.324,39.009,1482.682
HIST-024,Turbine,200,2024-02-19 18:00:00,61.224,2.581,100.786,40.0,1504.348
HIST-024,Turbine,201,2024-02-20 00:00:00,65.288,4.5,98.142,38.191,1428.422
HIST-024,Turbine,202,2024-02-20 06:00:00,62.01,2.112,98.971,39.444,1541.186
HIST-024,Turbine,203,2024-02-20 12:00:00,63.297,1.817,100.732,40.037,1488.31
HIST-024,Turbine,204,2024-02-20 18:00:00,63.63,2.45,100.134,40.357,1531.17
HIST-024,Turbine,205,2024-02-21 00:00:00,65.438,3.026,97.023,41.343,1435.881
HIST-024,Turbine,206,2024-02-21 06:00:00,67.561,2.129,100.067,36.514,1513.817
HIST-024,Turbine,207,2024-02-21 12:00:00,65.025,3.863,99.138,39.811,1540.866
HIST-024,Turbine,208,2024-02-21 18:00:00,63.922,5.818,105.172,39.738,1522.614
HIST-024,Turbine,209,2024-02-22 00:00:00,60.863,1.86,99.691,39.904,1488.367
HIST-024,Turbine,210,2024-02-22 06:00:00,65.917,5.842,100.405,40.048,1509.685
HIST-024,Turbine,211,2024-02-22 12:00:00,65.057,1.408,100.779,38.755,1494.606
HIST-024,Turbine,212,2024-02-22 18:00:00,63.901,2.109,99.033,37.68,1468.303
HIST-024,Turbine,213,2024-02-23 00:00:00,67.332,5.29,97.84,40.326,1478.643
HIST-024,Turbine,214,2024-02-23 06:00:00,62.618,2.578,101.379,38.509,1497.234
HIST-024,Turbine,215,2024-02-23 12:00:00,63.63,5.976,101.404,40.604,1497.576
HIST-024,Turbine,216,2024-02-23 18:00:00,64.51,2.434,106.248,38.594,1506.471
HIST-024,Turbine,217,2024-02-24 00:00:00,63.876,2.169,102.227,41.039,1559.512
HIST-024,Turbine,218,2024-02-24 06:00:00,66.102,2.238,102.278,39.918,1537.966
HIST-024,Turbine,219,2024-02-24 12:00:00,65.928,2.357,102.153,40.022,1463.741
HIST-024,Turbine,220,2024-02-24 18:00:00,67.102,2.184,97.929,39.63,1558.433
HIST-024,Turbine,221,2024-02-25 00:00:00,66.005,2.006,96.226,39.39,1493.194
HIST-024,Turbine,222,2024-02-25 06:00:00,64.769,7.11,96.989,39.651,1515.926
HIST-024,Turbine,223,2024-02-25 12:00:00,64.32,2.353,102.064,41.772,1488.933
HIST-024,Turbine,224,2024-02-25 18:00:00,65.911,1.629,104.265,37.698,1510.053
HIST-024,Turbine,225,2024-02-26 00:00:00,64.619,2.703,102.202,39.028,1495.943
HIST-024,Turbine,226,2024-02-26 06:00:00,65.094,6.186,99.499,41.585,1469.808
HIST-024,Turbine,227,2024-02-26 12:00:00,66.019,2.099,105.03,41.23,1497.044
HIST-024,Turbine,228,2024-02-26 18:00:00,65.277,5.303,98.669,42.015,1531.549
HIST-024,Turbine,229,2024-02-27 00:00:00,65.617,2.022,96.556,39.911,1447.556
HIST-024,Turbine,230,2024-02-27 06:00:00,63.418,2.147,100.759,38.023,1401.83
HIST-024,Turbine,231,2024-02-27 12:00:00,67.699,5.649,103.876,38.338,1539.536
HIST-024,Turbine,232,2024-02-27 18:00:00,62.787,2.313,97.469,39.552,1600.345
HIST-024,Turbine,233,2024-02-28 00:00:00,65.878,2.176,94.886,41.141,1487.006
HIST-024,Turbine,234,2024-02-28 06:00:00,64.028,2.256,100.113,39.618,1517.656
HIST-024,Turbine,235,2024-02-28 12:00:00,67.165,7.319,102.314,39.502,1496.431
HIST-024,Turbine,236,2024-02-28 18:00:00,66.767,1.959,91.106,40.595,1527.92
HIST-024,Turbine,237,2024-02-29 00:00:00,64.996,2.161,102.932,40.042,1490.213
HIST-024,Turbine,238,2024-02-29 06:00:00,68.109,5.177,95.9,39.339,1542.531
HIST-024,Turbine,239,2024-02-29 12:00:00,64.625,2.365,102.174,38.498,1496.804
HIST-024,Turbine,240,2024-02-29 18:00:00,66.763,2.195,94.01,41.42,1510.493
HIST-024,Turbine,241,2024-03-01 00:00:00,63.548,2.205,95.575,41.572,1492.437
HIST-024,Turbine,242,2024-03-01 06:00:00,65.81,2.153,101.856,38.413,1514.375
HIST-024,Turbine,243,2024-03-01 12:00:00,63.135,2.027,103.647,39.396,1496.637
HIST-024,Turbine,244,2024-03-01 18:00:00,65.039,2.949,99.973,41.0,1532.193
HIST-024,Turbine,245,2024-03-02 00:00:00,64.897,8.933,107.186,38.294,1487.741
HIST-024,Turbine,246,2024-03-02 06:00:00,66.757,2.289,96.932,40.548,1513.665
HIST-024,Turbine,247,2024-03-02 12:00:00,63.659,9.789,96.894,39.51,1579.027
HIST-024,Turbine,248,2024-03-02 18:00:00,71.147,8.071,99.093,38.175,1508.303
HIST-024,Turbine,249,2024-03-03 00:00:00,62.236,2.163,98.951,42.666,1485.473
HIST-024,Turbine,250,2024-03-03 06:00:00,65.466,8.793,100.85,39.488,1525.426
HIST-024,Turbine,251,2024-03-03 12:00:00,65.576,5.942,97.771,40.786,1510.65
HIST-024,Turbine,252,2024-03-03 18:00:00,66.076,2.169,101.703,38.318,1467.728
HIST-024,Turbine,253,2024-03-04 00:00:00,63.969,1.997,101.631,42.329,1514.475
HIST-024,Turbine,254,2024-03-04 06:00:00,65.484,1.502,104.84,42.921,1511.891
HIST-024,Turbine,255,2024-03-04 12:00:00,63.871,10.517,98.529,37.747,1507.362
HIST-024,Turbine,256,2024-03-04 18:00:00,68.746,1.995,101.011,39.753,1493.33
HIST-024,Turbine,257,2024-03-05 00:00:00,63.73,1.857,101.818,41.992,1520.414
HIST-024,Turbine,258,2024-03-05 06:00:00,64.704,2.636,99.978,39.297,1443.196
HIST-024,Turbine,259,2024-03-05 12:00:00,63.673,7.933,99.365,40.614,1444.347
HIST-024,Turbine,260,2024-03-05 18:00:00,63.399,1.651,93.809,37.479,1521.975
HIST-024,Turbine,261,2024-03-06 00:00:00,62.198,7.788,100.25,38.818,1566.616
